Iteration	Posterior	Likelihood	Prior	rate_log_sd	rate_loss	root_freqs[1]	root_freqs[2]	tree_length
0	-3806.493	-3952.692	146.1996	0.9144972	0.7630081	0.368305	0.631695	5.192191
6	-3811.184	-3955.576	144.3923	0.7656724	0.7630081	0.452187	0.547813	6.264074
12	-3811.912	-3955.389	143.4763	0.7632585	0.8431604	0.452187	0.547813	6.710525
18	-3797.349	-3941.121	143.7721	0.7863171	0.7881774	0.425044	0.574956	6.572734
24	-3807.359	-3953.008	145.6484	0.7532794	0.7881774	0.355634	0.644366	5.568149
30	-3806.061	-3950.983	144.9215	0.882439	0.7081214	0.427511	0.572489	5.949822
36	-3813.389	-3958.302	144.9136	0.785443	0.7928967	0.294191	0.705809	5.949822
42	-3811.028	-3956.851	145.8228	0.9268421	0.7493599	0.319071	0.680929	5.402646
48	-3807.908	-3954.098	146.1898	0.9885934	0.8514111	0.460653	0.539347	5.099103
54	-3803.815	-3950.854	147.0391	1.033349	0.6694294	0.360044	0.639956	4.725886
60	-3801.535	-3949.396	147.8615	0.9731385	0.7252752	0.389805	0.610195	4.255959
66	-3799.178	-3947.691	148.5132	1.202038	0.7741835	0.305108	0.694892	3.717792
72	-3804.804	-3952.65	147.8457	1.191142	0.6297731	0.388654	0.611346	4.21356
78	-3803.59	-3949.556	145.9657	1.062956	0.7432476	0.371847	0.628153	5.252892
84	-3800.379	-3945.424	145.0451	0.9495633	0.8386523	0.316576	0.683424	5.75909
90	-3807.584	-3951.493	143.9089	0.6935238	0.8322765	0.327372	0.672628	6.520949
96	-3811.505	-3958.501	146.9962	1.01544	0.8322765	0.325508	0.674492	4.646942
102	-3802.047	-3947.469	145.4219	0.9773925	1.004441	0.435942	0.564058	5.440015
108	-3801.945	-3946.902	144.957	0.898623	0.9679004	0.434513	0.565487	5.758788
114	-3818.284	-3963.308	145.0242	0.8542761	0.9460311	0.335945	0.664055	5.758658
120	-3805.503	-3950.146	144.6425	0.888623	1.130944	0.335945	0.664055	5.850177
126	-3812.347	-3958.648	146.3008	1.0073	1.170757	0.279045	0.720955	4.850055
132	-3820.424	-3967.443	147.0189	0.8918255	0.768821	0.410934	0.589066	4.745313
138	-3805.43	-3951.345	145.9151	0.84143	0.768821	0.419694	0.580306	5.385731
144	-3797.668	-3942.791	145.1228	0.7909186	0.9689372	0.386094	0.613906	5.726352
150	-3802.425	-3947.033	144.6076	0.8273305	0.8155337	0.378692	0.621308	6.079319
156	-3792.483	-3938.537	146.0536	0.9001437	0.884422	0.259829	0.740171	5.203195
162	-3795.276	-3940.915	145.6384	0.9695475	0.7893502	0.407211	0.592789	5.453933
168	-3803.688	-3949.028	145.3407	0.8897025	1.082877	0.406527	0.593473	5.491142
174	-3794.521	-3940.033	145.5111	0.8902845	0.7612812	0.358151	0.641849	5.586155
180	-3797.935	-3943.315	145.3808	0.9258034	0.8964218	0.463713	0.536287	5.552766
186	-3801.041	-3947.604	146.5637	0.8582543	0.8964218	0.475491	0.524509	4.936231
192	-3807.311	-3953.278	145.9666	0.8280285	0.702896	0.461217	0.538783	5.410323
198	-3813.471	-3958.296	144.8249	0.7832153	0.7372077	0.383766	0.616234	6.036435
204	-3808.82	-3954.374	145.5542	0.8137565	0.8670812	0.321431	0.678569	5.536754
210	-3811.02	-3956.267	145.2465	0.8288431	1.161474	0.402698	0.597302	5.536754
216	-3825.128	-3968.609	143.4806	0.7795254	1.223634	0.377515	0.622485	6.497126
222	-3813.823	-3957.402	143.5789	0.765188	0.9350109	0.38602	0.61398	6.599772
228	-3808.627	-3953.561	144.934	0.7971771	0.7106507	0.379401	0.620599	5.987744
234	-3810.173	-3955.715	145.5421	0.8336916	0.8007028	0.438592	0.561408	5.574206
240	-3808.584	-3955.456	146.8728	0.9071676	0.9171483	0.438592	0.561408	4.724121
246	-3799.218	-3944.972	145.7543	0.9476744	0.9740962	0.350986	0.649014	5.289956
252	-3808.047	-3954.347	146.2996	0.8893831	0.5763018	0.300871	0.699129	5.289956
258	-3792.89	-3938.864	145.9742	1.013867	0.8569582	0.402729	0.597271	5.201051
264	-3797.436	-3944.758	147.3221	1.041141	0.8624171	0.318931	0.681069	4.430246
270	-3805.879	-3953.14	147.2613	1.060211	0.8590111	0.421591	0.578409	4.455902
276	-3795.87	-3941.307	145.4368	0.8605284	0.9396483	0.387205	0.612795	5.532528
282	-3803.358	-3948.491	145.1327	0.814997	0.9733922	0.32073	0.67927	5.70527
288	-3815.214	-3960.581	145.367	0.9716977	0.7348264	0.361545	0.638455	5.638572
294	-3811.334	-3955.858	144.5238	0.7741227	0.9457892	0.361545	0.638455	6.075843
300	-3823.765	-3968.558	144.7925	0.9162739	1.033895	0.414776	0.585224	5.803051
306	-3819.427	-3964.96	145.5329	0.7687448	0.6180342	0.385402	0.614598	5.74439
312	-3805.298	-3950.442	145.1449	0.7941595	0.9029188	0.439022	0.560978	5.750484
318	-3810.44	-3955.929	145.4888	0.8538051	0.9029188	0.360316	0.639684	5.52907
324	-3806.239	-3951.163	144.924	0.9086859	0.7255716	0.329363	0.670637	5.921934
330	-3813.888	-3958.106	144.2183	0.7521188	0.9390138	0.295186	0.704814	6.257893
336	-3816.566	-3960.435	143.8688	0.8485174	0.799577	0.374043	0.625957	6.479321
342	-3805.326	-3949.609	144.2833	0.7148865	0.8886339	0.292698	0.707302	6.272121
348	-3800.451	-3944.979	144.5274	0.8231218	0.9866059	0.281147	0.718853	6.024356
354	-3808.031	-3953.702	145.6712	0.8368212	0.9330331	0.421864	0.578136	5.420398
360	-3804.208	-3949.616	145.4085	0.8158264	0.8468111	0.44488	0.55512	5.6281
366	-3801.934	-3946.93	144.9961	0.8161366	0.6813856	0.35056	0.64944	5.964375
372	-3811.516	-3954.907	143.3906	0.7439804	0.7991416	0.415185	0.584815	6.794702
378	-3813.919	-3958.678	144.7593	0.8496421	0.9871472	0.454579	0.545421	5.883011
384	-3822.151	-3965.85	143.6994	0.7248046	0.8100395	0.323462	0.676538	6.631366
390	-3803.461	-3948.591	145.13	0.8220317	0.981281	0.409501	0.590499	5.698493
396	-3804.339	-3948.07	143.7306	0.6794699	0.7146019	0.340979	0.659021	6.702129
402	-3801.226	-3947.481	146.255	0.927774	1.070705	0.386214	0.613786	4.970973
408	-3805.304	-3951.684	146.3799	0.9708204	1.050188	0.419169	0.580831	4.888445
414	-3796.442	-3943.107	146.665	0.9348095	0.8145395	0.336406	0.663594	4.888445
420	-3808.968	-3955.147	146.1795	1.027355	1.149552	0.423263	0.576737	4.91701
426	-3803.983	-3949.215	145.2315	0.8997204	1.002641	0.45185	0.54815	5.588412
432	-3807.924	-3952.57	144.6461	0.8671213	0.9155951	0.300766	0.699234	5.975852
438	-3814.375	-3959.379	145.0036	0.8134106	0.9007925	0.470606	0.529394	5.818576
444	-3804.794	-3950.033	145.239	0.8226166	0.6946704	0.41161	0.58839	5.818576
450	-3804.674	-3950.295	145.6216	0.8966127	0.6946704	0.385858	0.614142	5.568281
456	-3805.342	-3951.213	145.8706	0.9689405	0.6946704	0.266131	0.733869	5.391463
462	-3814.13	-3960.031	145.9012	0.8805575	0.7914777	0.379626	0.620374	5.356764
468	-3813.717	-3960.224	146.5067	0.8805575	1.06705	0.377156	0.622844	4.85907
474	-3812.837	-3960.808	147.9711	0.9598439	0.7436513	0.402951	0.597049	4.18823
480	-3794.992	-3941.47	146.4782	0.9172829	0.8930058	0.35908	0.64092	4.953041
486	-3792.702	-3939.099	146.397	0.933308	0.9543269	0.409761	0.590239	4.953041
492	-3795.654	-3941.411	145.7566	0.8783261	0.9543269	0.331815	0.668185	5.338195
498	-3798.581	-3944.759	146.1782	0.8900966	0.6964978	0.352502	0.647498	5.263945
504	-3805.666	-3951.754	146.0876	0.9124239	0.8381939	0.383996	0.616004	5.206178
510	-3793.201	-3939.225	146.0241	0.9686885	0.8634698	0.376298	0.623702	5.194446
516	-3794.52	-3941.881	147.3612	0.9558478	0.6752513	0.261716	0.738284	4.584504
522	-3800.29	-3946.19	145.9001	0.8920564	0.9758448	0.346116	0.653884	5.239164
528	-3804.42	-3951.304	146.8844	0.9241866	0.9758448	0.338032	0.661968	4.673887
534	-3810.444	-3955.988	145.5448	0.960132	0.7025186	0.251086	0.748914	5.569954
540	-3790.052	-3934.548	144.4962	0.7562779	0.8772545	0.356534	0.643466	6.140602
546	-3795.484	-3939.613	144.1285	0.7930489	0.8947823	0.343786	0.656214	6.310079
552	-3824.49	-3969.689	145.1992	0.8267392	0.9247336	0.373477	0.626523	5.690094
558	-3817.7	-3961.36	143.6594	0.8560532	1.132871	0.374728	0.625272	6.402211
564	-3802.634	-3948	145.3656	0.828188	1.039884	0.482062	0.517938	5.533852
570	-3800.833	-3947.677	146.8436	0.8515845	0.5719259	0.320692	0.679308	5.013267
576	-3808.655	-3954.934	146.2794	0.8905674	0.6379227	0.350575	0.649425	5.251355
582	-3817.015	-3961.608	144.5928	0.743968	0.6845657	0.390183	0.609817	6.221093
588	-3807.065	-3953.843	146.7775	0.9733498	0.8673286	0.370228	0.629772	4.770703
594	-3802.666	-3949.455	146.7889	0.957951	0.6356592	0.259727	0.740273	4.933254
600	-3795.977	-3942.801	146.8241	0.9634799	0.6569272	0.439477	0.560523	4.894282
606	-3794.404	-3938.904	144.5002	0.9259745	0.7254078	0.440576	0.559424	6.143653
612	-3793.145	-3940.027	146.8821	1.070359	0.8019273	0.339894	0.660106	4.699815
618	-3794.221	-3939.814	145.5933	0.9194271	0.8243797	0.396693	0.603307	5.483739
624	-3800.269	-3947.043	146.7745	0.9960894	0.7128328	0.395633	0.604367	4.862553
630	-3803.51	-3953.166	149.6559	1.293404	0.7849347	0.395465	0.604535	2.98444
636	-3815.557	-3964.609	149.0527	1.208199	0.8923126	0.311835	0.688165	3.320801
642	-3813.644	-3957.884	144.2394	0.7546257	0.6010599	0.30665	0.69335	6.469854
648	-3811.352	-3955.928	144.5754	0.7856625	0.9438825	0.29744	0.70256	6.042515
654	-3819.268	-3963.887	144.6192	0.8181884	0.8417658	0.456491	0.543509	6.061544
660	-3817.385	-3962.157	144.772	0.8778138	0.8398651	0.402276	0.597724	5.94684
666	-3799.443	-3944.127	144.6844	0.7998365	0.8558456	0.410163	0.589837	6.027353
672	-3807.222	-3952.57	145.3475	0.8816041	0.8160509	0.444108	0.555892	5.644845
678	-3806.232	-3953.211	146.9796	0.9580449	0.6602115	0.385514	0.614486	4.808116
684	-3798.791	-3944.827	146.0354	0.9580449	0.7398141	0.429401	0.570599	5.274735
690	-3801.845	-3945.975	144.1301	0.788303	0.9993801	0.417004	0.582996	6.25259
696	-3794.864	-3940.63	145.7663	0.82309	0.734453	0.287848	0.712152	5.50114
702	-3802.611	-3946.616	144.0051	0.763698	0.8634823	0.412075	0.587925	6.411688
708	-3811.6	-3958.159	146.5588	0.8997922	0.9066259	0.324914	0.675086	4.909682
714	-3813.008	-3958.25	145.2418	0.8922881	0.8572459	0.362286	0.637714	5.671164
720	-3813.768	-3959.163	145.3946	0.8582589	0.7560416	0.317777	0.682223	5.671164
726	-3809.985	-3956.313	146.3285	0.8582589	1.034182	0.317777	0.682223	4.98824
732	-3797.844	-3944.671	146.8276	0.9666299	0.668512	0.336625	0.663375	4.881864
738	-3801.386	-3945.044	143.6573	0.9981552	0.9538454	0.463007	0.536993	6.420462
744	-3801.219	-3948.056	146.8368	1.015285	0.8878491	0.455264	0.544736	4.701492
750	-3804.393	-3950.847	146.4547	0.9723855	0.8878491	0.423056	0.576944	4.938591
756	-3811.393	-3957.144	145.7512	0.934389	0.7628995	0.423056	0.576944	5.428778
762	-3808.062	-3954.395	146.3329	0.8610645	0.9296312	0.320246	0.679754	5.043162
768	-3809.968	-3955.155	145.1869	0.8239578	0.7435747	0.33103	0.66897	5.812187
774	-3808.058	-3953.34	145.2818	0.7794452	0.6414471	0.301498	0.698502	5.857932
780	-3810.397	-3955.658	145.2608	0.7846976	0.6529054	0.477566	0.522434	5.857932
786	-3810.9	-3958.269	147.3695	1.018557	0.6326834	0.477566	0.522434	4.577289
792	-3807.776	-3954.509	146.7332	0.9302265	0.5971735	0.428098	0.571902	5.010169
798	-3809.23	-3954.387	145.1567	0.758732	0.750996	0.325763	0.674237	5.859333
804	-3806.308	-3953.43	147.1222	0.9760587	1.033146	0.321505	0.678495	4.479219
810	-3809.668	-3954.469	144.8008	0.9179158	0.6993592	0.412013	0.587987	6.002512
816	-3805.83	-3949.85	144.02	0.7835649	0.7853518	0.369808	0.630192	6.441784
822	-3795.331	-3939.997	144.666	0.9171471	0.9216454	0.373921	0.626079	5.934137
828	-3795.566	-3940.977	145.4115	0.9171471	0.8206091	0.359852	0.640148	5.587293
834	-3800.107	-3946.296	146.1886	1.086678	0.9286224	0.326392	0.673608	4.998591
840	-3804.911	-3951.453	146.5423	0.8961961	0.8568058	0.304179	0.695821	4.951328
846	-3809.76	-3956.265	146.5049	0.8547654	0.7406822	0.364002	0.635998	5.071415
852	-3811.017	-3954.971	143.9544	0.8167538	1.026537	0.31861	0.68139	6.317978
858	-3787.655	-3933.409	145.7534	0.8072436	0.8809795	0.402026	0.597974	5.422253
864	-3800.726	-3944.63	143.9046	0.840208	1.034849	0.274107	0.725893	6.327844
870	-3801.89	-3945.928	144.0378	0.765824	1.027926	0.376562	0.623438	6.29957
876	-3817.161	-3962.028	144.8672	0.9031157	1.145748	0.398778	0.601222	5.711938
882	-3806.139	-3952.396	146.2564	0.8425229	0.9964454	0.419924	0.580076	5.057772
888	-3803.959	-3950.337	146.3781	1.002483	0.9196947	0.299172	0.700828	4.945327
894	-3796.812	-3942.98	146.1682	0.8493233	0.9088828	0.46209	0.53791	5.153249
900	-3805.26	-3952.058	146.7973	0.9700299	1.208764	0.429354	0.570646	4.574514
906	-3802.799	-3949.501	146.702	1.022123	0.7783945	0.364447	0.635553	4.843
912	-3804.755	-3951.296	146.541	0.9922752	0.8200542	0.463068	0.536932	4.921928
918	-3807.911	-3953.358	145.4472	0.9489305	0.6941709	0.485617	0.514383	5.635648
924	-3814.753	-3958.992	144.2395	0.8154416	0.926831	0.430875	0.569125	6.218962
930	-3801.501	-3945.124	143.6227	0.7173145	0.7481482	0.30674	0.69326	6.717122
936	-3802.723	-3947.514	144.7915	0.745944	0.7481482	0.391181	0.608819	6.067548
942	-3805.136	-3950.226	145.0895	0.8285711	0.9670633	0.400651	0.599349	5.725068
948	-3805.664	-3950.874	145.2102	0.8836627	0.8065891	0.340852	0.659148	5.725068
954	-3802.648	-3946.999	144.3517	0.8088297	0.847862	0.333065	0.666935	6.208482
960	-3796.195	-3942.622	146.4262	0.9150626	0.8121465	0.34432	0.65568	5.033736
966	-3808.094	-3955.624	147.5302	0.9649918	0.855388	0.315672	0.684328	4.360209
972	-3805.895	-3953.388	147.4931	1.010605	0.9367648	0.32378	0.67622	4.305461
978	-3809.96	-3956.163	146.2029	0.953896	0.8980795	0.387626	0.612374	5.082517
984	-3818.112	-3962.941	144.8296	0.9935641	0.7905772	0.363667	0.636333	5.883532
990	-3804.448	-3950.902	146.4537	0.9574131	0.6969149	0.313779	0.686221	5.073874
996	-3806.567	-3951.052	144.4843	0.8547152	0.7219408	0.301649	0.698351	6.19351
1002	-3814.847	-3959.913	145.0652	0.9300737	0.7651931	0.38249	0.61751	5.806118
1008	-3810.914	-3956.514	145.6005	0.9535039	0.7348903	0.38249	0.61751	5.520285
1014	-3808.954	-3954.459	145.505	0.92523	0.7348903	0.353666	0.646334	5.588293
1020	-3809.487	-3955.737	146.2498	0.944686	0.8145717	0.361881	0.638119	5.113594
1026	-3806.553	-3953.346	146.7928	1.017242	0.8284068	0.391731	0.608269	4.762231
1032	-3796.087	-3942.444	146.3574	0.9476531	0.8296601	0.387526	0.612474	5.042581
1038	-3810.25	-3957.928	147.6776	1.116838	0.755843	0.413159	0.586841	4.257125
1044	-3799.457	-3947.271	147.8137	1.056788	0.812836	0.336531	0.663469	4.175249
1050	-3809.446	-3956.792	147.3458	1.223636	0.8921583	0.389598	0.610402	4.295266
1056	-3797.345	-3945.532	148.1873	1.082473	0.721456	0.389598	0.610402	4.01121
1062	-3803.311	-3951.608	148.2966	1.0803	0.7092621	0.368879	0.631121	3.958897
1068	-3810.569	-3959.985	149.416	1.148628	0.6652986	0.422307	0.577693	3.303526
1074	-3810.475	-3958.781	148.3064	1.023822	0.7727402	0.422307	0.577693	3.940219
1080	-3802.295	-3948.979	146.6842	1.065376	0.7727402	0.438915	0.561085	4.832641
1086	-3806.724	-3952.258	145.5343	0.9518701	0.7877553	0.408282	0.591718	5.521992
1092	-3811.765	-3956.578	144.8131	0.7915034	0.712025	0.448267	0.551733	6.055775
1098	-3822.349	-3967.48	145.1311	0.7374362	1.017838	0.421305	0.578695	5.724206
1104	-3815.6	-3960.965	145.3653	0.8536934	0.8686465	0.2959	0.7041	5.61759
1110	-3805.414	-3950.47	145.0561	0.8017825	0.8128437	0.316586	0.683414	5.85021
1116	-3806.748	-3952.527	145.7787	0.9357474	0.9139505	0.321599	0.678401	5.317764
1122	-3802.92	-3948.204	145.2847	0.8140615	0.8652494	0.339416	0.660584	5.685633
1128	-3803.073	-3948.133	145.06	0.8773502	0.8129124	0.448829	0.551171	5.806692
1134	-3810.877	-3954.699	143.8224	0.829241	0.7490476	0.280591	0.719409	6.548014
1140	-3807.926	-3951.96	144.0344	0.9373629	0.8706206	0.408716	0.591284	6.297205
1146	-3797.17	-3942.139	144.9683	0.8287443	0.8185458	0.411117	0.588883	5.879851
1152	-3798.205	-3941.181	142.9762	0.8365018	0.7950704	0.411117	0.588883	6.970877
1158	-3796.638	-3942.172	145.5335	0.8220766	0.7950704	0.403562	0.596438	5.588943
1164	-3798.407	-3943.926	145.5182	0.7807674	0.8366194	0.412899	0.587101	5.593486
1170	-3793.097	-3937.905	144.808	0.8527128	0.8847534	0.369976	0.630024	5.913536
1176	-3814.606	-3960.367	145.7619	0.8983123	1.006007	0.310611	0.689389	5.295308
1182	-3806.626	-3951.98	145.3543	0.8656263	0.7473089	0.377491	0.622509	5.695179
1188	-3807.766	-3952.336	144.5693	0.8752493	1.035933	0.377491	0.622509	5.946362
1194	-3799.4	-3945.322	145.9224	0.9477936	0.7624521	0.328706	0.671294	5.327314
1200	-3805.233	-3950.514	145.281	0.8653948	0.9339825	0.412759	0.587241	5.618696
1206	-3807.976	-3953.329	145.3522	0.9139917	0.8049773	0.437445	0.562555	5.631625
1212	-3798.463	-3944.849	146.3856	0.9774066	0.8011184	0.350967	0.649033	5.028881
1218	-3813.338	-3958.993	145.6556	0.8575926	0.9470486	0.384274	0.615726	5.409481
1224	-3803.633	-3948.631	144.9984	0.8557212	0.9470486	0.354487	0.645513	5.771378
1230	-3805.2	-3949.743	144.5429	0.7672264	1.284807	0.467034	0.532966	5.897971
1236	-3814.529	-3960.017	145.4882	0.8402064	0.8325487	0.457216	0.542784	5.579916
1242	-3816.258	-3960.82	144.5615	0.7906872	0.9215452	0.340154	0.659846	6.06018
1248	-3812.62	-3957.861	145.2409	0.8971552	0.8377451	0.386449	0.613551	5.681085
1254	-3818.938	-3963.896	144.9585	0.8673966	1.063275	0.386449	0.613551	5.723422
1260	-3807.663	-3952.05	144.3865	0.80172	0.8918906	0.418253	0.581747	6.166841
1266	-3810.444	-3954.49	144.0465	0.853368	0.8301811	0.418253	0.581747	6.361034
1272	-3797.156	-3940.458	143.3026	0.8397791	0.7284001	0.337641	0.662359	6.837169
1278	-3809.707	-3954.986	145.2788	0.9281415	0.9443077	0.337641	0.662359	5.579494
1284	-3803.337	-3949.412	146.0752	0.9264756	0.8527689	0.337641	0.662359	5.196155
1290	-3801.896	-3946.957	145.0612	0.7907861	0.8373486	0.478961	0.521039	5.837948
1296	-3801.105	-3946.058	144.9523	0.9346011	0.807161	0.327461	0.672539	5.837948
1302	-3805.242	-3950.23	144.9877	0.922919	0.787127	0.400848	0.599152	5.837948
1308	-3805.443	-3950.758	145.3156	0.8572421	1.056374	0.372035	0.627965	5.536638
1314	-3800.312	-3946.157	145.8447	0.949248	1.070962	0.404808	0.595192	5.186473
1320	-3807.257	-3952.516	145.2594	0.897827	0.8138597	0.391796	0.608204	5.685694
1326	-3808.886	-3954.018	145.1315	0.8258122	0.8138597	0.315394	0.684606	5.795162
1332	-3806.442	-3951.55	145.1078	0.87087	0.5875902	0.439247	0.560753	5.945109
1338	-3817.083	-3962.965	145.8821	1.001768	0.8075358	0.384617	0.615383	5.289998
1344	-3809.965	-3956.434	146.4693	0.9696378	0.7540543	0.384617	0.615383	5.01823
1350	-3809.449	-3955.724	146.2754	0.9284246	0.7468492	0.426114	0.573886	5.153503
1356	-3815.383	-3960.111	144.7273	0.8872075	0.6298838	0.3702	0.6298	6.110464
1362	-3808.948	-3955.038	146.0897	0.8700749	0.9909764	0.378778	0.621222	5.137939
1368	-3800.931	-3947.536	146.6055	1.003472	0.9486311	0.435321	0.564679	4.801101
1374	-3800.194	-3945.697	145.5026	0.9842256	0.6330923	0.38926	0.61074	5.631243
1380	-3807.887	-3953.361	145.4744	0.8277121	1.197692	0.35243	0.64757	5.394385
1386	-3801.725	-3947.335	145.6102	0.8991355	0.9774412	0.382367	0.617633	5.394385
1392	-3801.786	-3947.618	145.8319	0.8419352	0.8775773	0.405426	0.594574	5.361934
1398	-3794.307	-3940.105	145.7975	0.873516	0.8801986	0.318898	0.681102	5.361934
1404	-3786.655	-3932.948	146.2925	0.9489708	0.8613603	0.347837	0.652163	5.057969
1410	-3794.074	-3940.271	146.1972	0.978662	0.921494	0.36143	0.63857	5.057969
1416	-3798.505	-3945.166	146.6606	0.9851336	0.921494	0.316053	0.683947	4.796501
1422	-3803.847	-3949.729	145.8817	0.9936321	0.6755367	0.402868	0.597132	5.385706
1428	-3784.983	-3931.054	146.0712	0.9458461	0.9538656	0.383829	0.616171	5.127225
1434	-3798.051	-3943.978	145.9276	0.9596809	1.085397	0.484826	0.515174	5.127225
1440	-3797.14	-3943.419	146.2789	0.9895809	1.085397	0.285743	0.714257	4.915558
1446	-3800.831	-3946.79	145.9582	0.9908547	0.8990351	0.412457	0.587543	5.197004
1452	-3808.87	-3955.435	146.5646	1.090529	1.03214	0.438471	0.561529	4.728314
1458	-3801.651	-3948.335	146.6843	0.9387385	0.9258723	0.272947	0.727053	4.806565
1464	-3797.887	-3941.865	143.9776	0.8171714	0.9551119	0.381236	0.618764	6.344198
1470	-3786.409	-3930.881	144.4719	0.7844462	0.9606168	0.3915	0.6085	6.090115
1476	-3800.511	-3944.58	144.0687	0.7533273	0.9606168	0.417511	0.582489	6.326299
1482	-3799.872	-3944.729	144.8569	0.705329	1.072432	0.400035	0.599965	5.862925
1488	-3789.929	-3935.017	145.0872	0.8416225	0.9296311	0.430951	0.569049	5.740477
1494	-3785.901	-3931.567	145.6662	0.9383426	1.284617	0.424958	0.575042	5.186604
1500	-3789.951	-3935.737	145.7864	0.9338597	1.202196	0.378221	0.621779	5.161251
1506	-3789.941	-3936.265	146.3243	1.016051	0.8114174	0.38243	0.61757	5.034724
1512	-3795.191	-3939.812	144.6213	0.8011849	1.020479	0.408357	0.591643	5.966677
1518	-3790.769	-3934.537	143.7682	0.8127218	0.8770405	0.361897	0.638103	6.505355
1524	-3794.077	-3939.015	144.9382	0.9212436	0.7289768	0.361897	0.638103	5.904968
1530	-3795.111	-3941.133	146.0217	0.8279993	1.01826	0.386229	0.613771	5.183816
1536	-3793.227	-3939.212	145.9849	0.9255391	0.9580724	0.330696	0.669304	5.183816
1542	-3794.899	-3940.011	145.1126	0.8927593	0.9881039	0.306898	0.693102	5.665468
1548	-3797.559	-3943.627	146.0674	0.9939655	0.746228	0.395485	0.604515	5.232767
1554	-3805.697	-3952.192	146.4947	0.8189483	0.9065435	0.386201	0.613799	4.990342
1560	-3814.509	-3959.689	145.1806	0.7061042	0.7793031	0.322157	0.677843	5.85616
1566	-3797.06	-3941.208	144.1476	0.8633245	0.7774571	0.385426	0.614574	6.334392
1572	-3800.247	-3943.554	143.3064	0.7751682	0.7455253	0.348013	0.651987	6.858396
1578	-3805.295	-3948.553	143.2577	0.7052316	0.8454878	0.279569	0.720431	6.858396
1584	-3793.382	-3938.123	144.7405	0.8943204	0.8454878	0.461334	0.538666	5.951568
1590	-3799.17	-3944.339	145.1696	0.9433623	0.8345849	0.378174	0.621826	5.69682
1596	-3800.289	-3945.894	145.6053	0.8021284	0.7202038	0.316029	0.683971	5.610996
1602	-3805.886	-3951.337	145.4503	0.971434	0.7202038	0.311331	0.688669	5.603138
1608	-3802.18	-3948.074	145.8934	1.007727	0.9386088	0.447559	0.552441	5.200212
1614	-3797.504	-3941.548	144.0433	0.8537791	0.9481128	0.32028	0.67972	6.292577
1620	-3803.834	-3951.21	147.3765	0.968771	0.5992976	0.424974	0.575026	4.628031
1626	-3801.892	-3948.182	146.2899	0.9048246	0.5992976	0.369356	0.630644	5.268055
1632	-3801.347	-3947.203	145.8555	0.8241149	0.566238	0.412681	0.587319	5.578809
1638	-3798.682	-3944.529	145.8464	0.9978734	0.8661933	0.310134	0.689866	5.274827
1644	-3799.483	-3945.103	145.6202	0.9547171	0.9536048	0.360083	0.639917	5.371725
1650	-3805.826	-3951.999	146.1722	0.9733069	0.8901337	0.395077	0.604923	5.093535
1656	-3811.619	-3958.681	147.0625	0.9761539	0.8226476	0.361036	0.638964	4.638013
1662	-3811.134	-3958.487	147.3533	1.037991	0.8226476	0.346308	0.653692	4.439885
1668	-3807.29	-3953.045	145.7547	0.8721208	0.7835813	0.367403	0.632597	5.447334
1674	-3808.998	-3953.618	144.6201	1.013323	0.8661292	0.385324	0.614676	5.939669
1680	-3801.731	-3948.155	146.4241	0.9773753	0.8925137	0.327134	0.672866	4.950008
1686	-3812.154	-3958.48	146.3258	0.9641237	0.7253274	0.372289	0.627711	5.120806
1692	-3814.916	-3961.981	147.0652	0.9796249	0.8906531	0.37689	0.62311	4.591749
1698	-3809.166	-3955.276	146.1102	0.8014965	0.8906531	0.289756	0.710244	5.222708
1704	-3805.546	-3952.389	146.8426	0.8703086	0.8906531	0.370991	0.629009	4.777575
1710	-3804.729	-3951.705	146.9756	1.036914	0.9755457	0.41781	0.58219	4.559665
1716	-3804.547	-3951.598	147.0506	0.9922063	0.6908063	0.295824	0.704176	4.726551
1722	-3807.681	-3952.792	145.1106	0.8194153	0.7289846	0.326573	0.673427	5.866371
1728	-3804.724	-3947.878	143.1538	0.7572639	0.9152696	0.388632	0.611368	6.844956
1734	-3809.39	-3956.686	147.2957	0.9855801	0.7884912	0.32025	0.67975	4.524363
1740	-3810.705	-3955.793	145.0879	0.8512583	1.062731	0.494727	0.505273	5.661625
1746	-3815.351	-3960.672	145.3218	0.9655378	0.9072091	0.357674	0.642326	5.556909
1752	-3811.301	-3956.937	145.6356	0.8537214	0.7480551	0.277996	0.722004	5.546803
1758	-3807.594	-3952.787	145.194	0.9304475	0.8843118	0.421616	0.578384	5.660013
1764	-3822.142	-3966.062	143.9195	0.7237376	0.798022	0.327019	0.672981	6.520467
1770	-3826.018	-3969.161	143.1431	0.6896091	0.8995509	0.367661	0.632339	6.896349
1776	-3823.04	-3969.913	146.8723	0.9150073	0.9384908	0.396656	0.603344	4.707368
1782	-3817.875	-3961.907	144.0321	0.8454537	1.000255	0.303814	0.696186	6.274307
1788	-3808.85	-3954.08	145.2306	0.8722274	0.7825352	0.371202	0.628798	5.735778
1794	-3809.556	-3955.108	145.5517	0.8211593	0.7303665	0.31241	0.68759	5.622925
1800	-3809.813	-3956.098	146.2847	1.080039	0.7453348	0.385835	0.614165	5.065373
1806	-3818.239	-3964.995	146.7564	0.9829508	0.9752985	0.46897	0.53103	4.712932
1812	-3813.172	-3956.576	143.4043	0.7781069	0.6993324	0.431691	0.568309	6.835663
1818	-3800.336	-3945.454	145.1187	0.7910639	0.8806992	0.315543	0.684457	5.779781
1824	-3795.493	-3939.711	144.2179	0.8561625	0.8098534	0.379241	0.620759	6.279266
1830	-3801.608	-3946.987	145.3784	0.855368	0.8742077	0.390599	0.609401	5.606116
1836	-3802.008	-3946.633	144.6251	0.8292786	0.7293441	0.371666	0.628334	6.125592
1842	-3807.329	-3951.781	144.4524	0.8937731	1.025533	0.409329	0.590671	6.005611
1848	-3807.141	-3952.884	145.7433	0.8804964	0.8322083	0.409329	0.590671	5.417649
1854	-3805.342	-3951.1	145.7576	0.9520866	0.8859152	0.472575	0.527425	5.337131
1860	-3812.532	-3958.101	145.5697	1.0239	0.9890037	0.347821	0.652179	5.341459
1866	-3801.128	-3946.809	145.6806	0.9347882	1.068272	0.389894	0.610106	5.286601
1872	-3807.138	-3953.798	146.6596	0.9140923	0.805508	0.365178	0.634822	4.908866
1878	-3809.281	-3954.086	144.8057	0.8193751	0.9359854	0.365178	0.634822	5.902953
1884	-3820.692	-3966.177	145.4851	0.857991	0.6655407	0.376933	0.623067	5.685606
1890	-3801.853	-3946.549	144.6958	0.7854162	0.9128873	0.348025	0.651975	5.99486
1896	-3813.458	-3958.259	144.801	0.9599505	0.6821168	0.360169	0.639831	5.991841
1902	-3819.42	-3964.159	144.7392	0.9071348	1.006677	0.460057	0.539943	5.851873
1908	-3809.531	-3954.07	144.5387	0.8317281	0.7602721	0.383429	0.616571	6.150382
1914	-3803.554	-3948.545	144.9913	0.7944076	0.795129	0.35003	0.64997	5.901055
1920	-3805.478	-3950.819	145.3414	0.9456084	1.063411	0.421808	0.578192	5.47014
1926	-3808.982	-3955.478	146.4961	0.9857473	1.005622	0.395174	0.604826	4.839648
1932	-3800.008	-3945.803	145.7955	0.9299719	0.9668167	0.329447	0.670553	5.281114
1938	-3798.407	-3944.133	145.7262	0.9299719	1.046504	0.42131	0.57869	5.275571
1944	-3800.045	-3944.778	144.7336	0.8025219	0.901842	0.353126	0.646874	5.971421
1950	-3823.216	-3971.839	148.6228	1.142073	0.784677	0.357923	0.642077	3.681822
1956	-3802.196	-3948.28	146.0833	1.000877	0.8497085	0.357923	0.642077	5.152403
1962	-3813.354	-3960.865	147.5108	1.060587	0.8606787	0.347443	0.652557	4.313826
1968	-3820.274	-3965.985	145.7108	1.06854	0.9784965	0.426425	0.573575	5.244754
1974	-3811.472	-3957.332	145.8593	0.920676	0.9921657	0.366753	0.633247	5.23677
1980	-3804.793	-3951.559	146.7663	1.034305	0.861176	0.447142	0.552858	4.74673
1986	-3810.872	-3958.63	147.7574	1.103812	0.8552773	0.345073	0.654927	4.152888
1992	-3817.182	-3962.828	145.6455	0.9277827	0.8127295	0.467301	0.532699	5.457875
1998	-3805.491	-3949.443	143.9518	0.8471188	0.8095964	0.400317	0.599683	6.428728
2004	-3806.894	-3951.631	144.7371	0.8302118	0.9087262	0.268407	0.731593	5.95035
2010	-3806.133	-3951.979	145.8465	0.8446717	1.194581	0.310587	0.689413	5.181033
2016	-3802.572	-3948.561	145.9891	0.7602984	0.7240928	0.408137	0.591863	5.420238
2022	-3806.382	-3952.243	145.8617	0.9007656	0.8999617	0.346673	0.653327	5.299575
2028	-3819.836	-3965.366	145.5298	0.8394926	0.9450009	0.612742	0.387258	5.489863
2034	-3806.011	-3953.685	147.6743	1.006964	0.8361614	0.451201	0.548799	4.267319
2040	-3808.624	-3954.935	146.3114	0.9658497	0.6770479	0.511639	0.488361	5.162592
2046	-3811.945	-3957.23	145.2844	0.9244578	0.6510771	0.316526	0.683474	5.76995
2052	-3806.998	-3952.635	145.6371	0.8607786	0.803402	0.402984	0.597016	5.505346
2058	-3819.916	-3966.452	146.5364	0.9250964	0.7880195	0.297928	0.702072	4.982817
2064	-3804.567	-3950.906	146.339	0.9281908	0.7248184	0.353659	0.646341	5.13372
2070	-3803.263	-3949.471	146.2084	0.9722371	0.7710765	0.346583	0.653417	5.14991
2076	-3811.118	-3956.8	145.6817	0.9022688	0.8433637	0.339631	0.660369	5.432568
2082	-3810.232	-3955.716	145.4841	0.7968441	0.8578002	0.340347	0.659653	5.590261
2088	-3806.667	-3950.836	144.1684	0.8015294	0.9942096	0.443723	0.556277	6.227399
2094	-3805.242	-3949.992	144.7498	0.8247137	1.025046	0.528118	0.471882	5.881184
2100	-3799.038	-3942.704	143.666	0.955477	0.8528787	0.42666	0.57334	6.49797
2106	-3799.101	-3945.588	146.487	0.9024991	0.7980359	0.284141	0.715859	5.016193
2112	-3800.404	-3947.304	146.8999	0.954057	0.7399777	0.282725	0.717275	4.796904
2118	-3808.262	-3953.513	145.2516	0.785471	0.8520366	0.338962	0.661038	5.727528
2124	-3803.477	-3948.846	145.3695	0.9048576	1.207428	0.482413	0.517587	5.405011
2130	-3794.034	-3941.145	147.1113	0.8513539	0.7748341	0.384885	0.615115	4.71221
2136	-3799.654	-3946.217	146.5631	0.9863416	0.6817554	0.305677	0.694323	5.008139
2142	-3811.047	-3955.804	144.7571	0.8914885	0.6817554	0.309483	0.690517	6.053377
2148	-3809.53	-3956.315	146.7848	0.9183936	0.8317113	0.330434	0.669566	4.819777
2154	-3806.205	-3953.538	147.3325	0.9756975	0.7958871	0.336328	0.663672	4.504275
2160	-3814.021	-3960.797	146.7757	0.8717766	1.167186	0.326465	0.673535	4.662203
2166	-3812.192	-3957.205	145.0126	0.8587562	1.051892	0.503856	0.496144	5.704494
2172	-3811.739	-3958.577	146.838	0.9562654	0.7443948	0.346377	0.653623	4.827106
2178	-3808.447	-3956.011	147.5642	1.069641	0.8286634	0.371414	0.628586	4.298985
2184	-3802.723	-3949.515	146.7919	0.9376676	0.8286634	0.379956	0.620044	4.807009
2190	-3819.93	-3963.32	143.3895	0.8138317	0.7019131	0.407771	0.592229	6.822568
2196	-3812.611	-3955.977	143.3659	0.808391	0.8265563	0.365902	0.634098	6.756006
2202	-3803.64	-3946.974	143.3346	0.7581794	0.899588	0.348234	0.651766	6.756006
2208	-3804.031	-3948.701	144.6704	0.8054814	0.690534	0.378403	0.621597	6.141126
2214	-3818.696	-3964.408	145.7122	0.9153812	1.333024	0.473619	0.526381	5.151968
2220	-3815.896	-3961.155	145.2594	0.8054128	0.83917	0.463111	0.536889	5.720321
2226	-3816.684	-3962.726	146.0426	0.9390804	0.7588637	0.369898	0.630102	5.268183
2232	-3812.186	-3956.788	144.6023	0.8704099	0.8495954	0.324053	0.675947	6.037445
2238	-3817.103	-3961.946	144.8429	0.8307105	0.6848771	0.269344	0.730656	6.037445
2244	-3816.141	-3960.064	143.9227	0.7635843	0.8423579	0.338323	0.661677	6.469315
2250	-3818.269	-3963.533	145.2635	0.9010818	0.8033865	0.294873	0.705127	5.688354
2256	-3805.633	-3950.278	144.6454	0.878477	0.7374808	0.409031	0.590969	6.082169
2262	-3810.173	-3957.235	147.0626	1.003182	0.8115138	0.39388	0.60612	4.63008
2268	-3809.645	-3957.587	147.9427	1.048549	0.8053858	0.268909	0.731091	4.111546
2274	-3804.006	-3951.395	147.3897	1.027463	0.9665581	0.420159	0.579841	4.33694
2280	-3804.274	-3950.061	145.7866	1.029296	0.749028	0.47994	0.52006	5.366351
2286	-3815.324	-3962.312	146.9875	0.873032	0.6591792	0.493202	0.506798	4.851902
2292	-3805.448	-3950.257	144.8085	0.8377374	0.7573727	0.287609	0.712391	6.002056
2298	-3798.887	-3943.87	144.983	0.8791824	0.9113455	0.430508	0.569492	5.787612
2304	-3798.995	-3944.458	145.4628	0.9017195	0.8204526	0.376266	0.623734	5.567729
2310	-3809.174	-3953.336	144.1621	0.9051398	1.053759	0.409801	0.590199	6.14265
2316	-3802.148	-3946.745	144.5968	0.779651	0.9487754	0.372115	0.627885	6.031371
2322	-3803.032	-3950.04	147.0079	0.9215779	0.7980727	0.34409	0.65591	4.715215
2328	-3806.597	-3951.804	145.2074	0.9215779	0.8146229	0.435148	0.564852	5.700643
2334	-3818.198	-3962.059	143.861	0.6917438	0.9301646	0.382378	0.617622	6.489583
2340	-3820.928	-3965.459	144.5304	0.8358527	1.205387	0.348346	0.651654	5.904113
2346	-3816.7	-3960.848	144.1481	0.7787561	0.8057862	0.373713	0.626287	6.36175
2352	-3819.577	-3965.413	145.8357	0.9921157	1.106851	0.448539	0.551461	5.149095
2358	-3824.604	-3970.386	145.7817	0.9364385	0.7610662	0.350434	0.649566	5.412067
2364	-3821.302	-3965.99	144.6881	1.083418	1.16977	0.462388	0.537612	5.699444
2370	-3812.846	-3958.311	145.4647	0.8940668	0.8671783	0.335731	0.664269	5.541716
2376	-3812.66	-3957.987	145.3268	0.9141756	1.043228	0.39856	0.60144	5.506152
2382	-3818.425	-3962.767	144.3417	0.8372468	1.015406	0.39856	0.60144	6.102155
2388	-3815.073	-3959.606	144.533	0.8683989	0.9215731	0.326304	0.673696	6.033323
2394	-3811.283	-3957.789	146.5065	1.02535	0.9710611	0.429749	0.570251	4.831247
2400	-3804.477	-3950.955	146.4781	1.019663	1.077565	0.413466	0.586534	4.791878
2406	-3805.608	-3953.528	147.9208	1.061492	0.9099561	0.436174	0.563826	4.049793
2412	-3802.472	-3949.672	147.2004	1.005475	0.9245648	0.38173	0.61827	4.48077
2418	-3804.426	-3949.484	145.0573	0.8619284	0.9156696	0.350637	0.649363	5.753884
2424	-3799.23	-3943.866	144.6365	0.8399828	0.8816107	0.368516	0.631484	6.015952
2430	-3817.954	-3962.431	144.4778	0.9319059	0.6897716	0.39622	0.60378	6.17768
2436	-3807.985	-3953.527	145.5421	0.8369725	0.8543934	0.372208	0.627792	5.53843
2442	-3815.11	-3961.751	146.6409	0.9043589	0.9763408	0.325567	0.674433	4.820746
2448	-3811.632	-3957.507	145.8754	0.903189	0.78106	0.418921	0.581079	5.365405
2454	-3817.124	-3961.225	144.1012	0.7277424	0.8575625	0.400587	0.599413	6.382664
2460	-3803.906	-3948.917	145.0115	0.8725693	0.7408079	0.377825	0.622175	5.883382
2466	-3801.671	-3947.955	146.2831	0.8942636	0.7939342	0.377825	0.622175	5.136537
2472	-3800.583	-3946.712	146.1287	1.048688	0.7939342	0.397186	0.602814	5.136537
2478	-3798.412	-3944.616	146.2031	0.930275	0.7939342	0.349665	0.650335	5.160888
2484	-3809.863	-3955.342	145.4784	0.8518132	0.9052597	0.42928	0.57072	5.534521
2490	-3803.681	-3948.636	144.9552	0.8165432	1.049921	0.425808	0.574192	5.760092
2496	-3800.147	-3945.19	145.0428	0.9155402	0.869327	0.435314	0.564686	5.760092
2502	-3800.2	-3944.869	144.669	0.7655516	1.098611	0.453669	0.546331	5.919256
2508	-3798.717	-3944.082	145.3652	0.8671689	0.7343618	0.399132	0.600868	5.697174
2514	-3792.762	-3937.927	145.165	0.8535621	0.9123737	0.33888	0.66112	5.701352
2520	-3801.225	-3946.863	145.6375	0.819397	0.625978	0.276799	0.723201	5.653134
2526	-3788.831	-3933.352	144.5215	0.7754702	0.9286015	0.375584	0.624416	6.086221
2532	-3798.042	-3941.898	143.8552	0.831849	0.8445363	0.423478	0.576522	6.467538
2538	-3797.14	-3943.185	146.0452	0.853035	0.9865804	0.339289	0.660711	5.174472
2544	-3790.709	-3935.315	144.6058	0.8301839	0.9477661	0.401832	0.598168	5.999447
2550	-3796.079	-3939.996	143.917	0.7776737	1.090946	0.343987	0.656013	6.32598
2556	-3802.382	-3947.314	144.9321	0.8729784	1.090946	0.405891	0.594109	5.72045
2562	-3802.806	-3948.478	145.6726	0.9930661	0.7724949	0.404879	0.595121	5.433321
2568	-3795.687	-3941.639	145.9523	0.9833496	1.02744	0.411586	0.588414	5.131265
2574	-3805.552	-3950.93	145.378	1.064531	0.9068076	0.439899	0.560101	5.471816
2580	-3806.176	-3951.722	145.5464	0.8706287	0.8391279	0.316512	0.683488	5.527071
2586	-3801.388	-3947.086	145.6989	0.9352554	0.8864301	0.40835	0.59165	5.378465
2592	-3813.864	-3958.086	144.2214	0.8080003	0.6428448	0.490592	0.509408	6.418593
2598	-3809.384	-3954.828	145.4441	0.8996508	1.004246	0.490592	0.509408	5.470683
2604	-3814.3	-3961.184	146.8845	0.9484452	1.004246	0.420639	0.579361	4.644201
2610	-3807.454	-3951.966	144.5122	0.8265108	0.9441468	0.36604	0.63396	6.054547
2616	-3801.913	-3946.647	144.7344	0.8715371	0.7127384	0.387909	0.612091	6.054547
2622	-3797.983	-3942.664	144.6804	0.8490705	0.9001906	0.341957	0.658043	5.975989
2628	-3796.471	-3941.188	144.7171	0.8136979	0.8989604	0.341957	0.658043	5.975989
2634	-3798.362	-3945.213	146.851	0.8843414	0.8989604	0.40998	0.59002	4.759974
2640	-3806.252	-3952.852	146.6	0.9686611	0.7341843	0.380942	0.619058	4.959871
2646	-3804.092	-3950.049	145.9566	1.008869	0.7341843	0.29633	0.70367	5.294092
2652	-3809.256	-3955.632	146.3768	0.9802472	0.7281581	0.3393	0.6607	5.08161
2658	-3816.661	-3962.743	146.0814	0.9304777	1.041059	0.364779	0.635221	5.08161
2664	-3806.319	-3953.014	146.6942	0.9980235	0.7372385	0.311954	0.688046	4.888963
2670	-3808.927	-3955.524	146.5969	1.033073	0.7372385	0.360671	0.639329	4.923606
2676	-3814.09	-3961.529	147.4396	0.9573908	0.7242509	0.41726	0.58274	4.50376
2682	-3808.46	-3955.324	146.8637	0.9487672	0.6947126	0.407819	0.592181	4.852302
2688	-3806.275	-3954.334	148.0599	1.091624	0.8860414	0.398524	0.601476	3.967941
2694	-3797.152	-3942.415	145.2626	0.9025432	0.8646094	0.385298	0.614702	5.649596
2700	-3798.724	-3944.559	145.8345	0.8764286	0.8704506	0.346889	0.653111	5.345835
2706	-3814.469	-3960.381	145.9116	0.89653	0.8064868	0.411863	0.588137	5.33246
2712	-3807.241	-3953.649	146.4082	0.9667129	0.6743344	0.287357	0.712643	5.110503
2718	-3826.957	-3972.353	145.396	0.8736603	0.6430605	0.339633	0.660367	5.74267
2724	-3810.675	-3957.802	147.127	1.005621	0.8922164	0.259748	0.740252	4.541488
2730	-3809.184	-3955.072	145.8882	1.023471	0.846919	0.358275	0.641725	5.249569
2736	-3822.346	-3968.566	146.2199	1.104212	0.846919	0.252758	0.747242	5.021112
2742	-3810.463	-3955.008	144.5453	0.8446086	0.8277196	0.400914	0.599086	6.096166
2748	-3813.642	-3961.017	147.3747	1.17266	0.9327559	0.400914	0.599086	4.283128
2754	-3799.251	-3946.411	147.1597	0.9693096	0.9327559	0.393585	0.606415	4.519164
2760	-3803.101	-3950.057	146.9561	0.9716864	1.138839	0.393585	0.606415	4.519164
2766	-3801.283	-3947.83	146.5473	1.095633	0.6866155	0.307438	0.692562	4.952639
2772	-3798.427	-3942.987	144.5599	0.7646307	0.9323839	0.338537	0.661463	6.069035
2778	-3790.559	-3935.927	145.3681	0.9866848	0.9323839	0.420726	0.579274	5.505125
2784	-3795.208	-3941.928	146.7203	0.9593148	0.9627707	0.346022	0.653978	4.753504
2790	-3800.605	-3947.122	146.5167	0.8848927	0.8900213	0.361337	0.638663	4.951415
2796	-3797.972	-3942.906	144.9341	0.8979437	0.9918792	0.3558	0.6442	5.75834
2802	-3825.672	-3968.268	142.5962	0.7726093	1.084095	0.426251	0.573749	7.046051
2808	-3820.512	-3964.709	144.1966	0.7726093	1.084095	0.363684	0.636316	6.180291
2814	-3810.749	-3957.31	146.5612	0.8816175	0.7776048	0.322461	0.677539	5.00014
2820	-3810.265	-3955.204	144.9386	0.911998	0.877941	0.245766	0.754234	5.813829
2826	-3806.47	-3950.431	143.961	0.8422441	0.8746688	0.535403	0.464597	6.386252
2832	-3812.035	-3957.094	145.0594	0.8736498	0.9237232	0.326178	0.673822	5.741621
2838	-3815.129	-3960.736	145.608	0.8622577	0.7702333	0.326178	0.673822	5.542354
2844	-3812.509	-3959.292	146.7838	1.079188	0.9087331	0.391283	0.608717	4.682688
2850	-3806.618	-3953.326	146.7078	0.9390469	0.760293	0.358979	0.641021	4.89831
2856	-3808.465	-3954.736	146.2706	0.9289151	0.9425989	0.474742	0.525258	5.032507
2862	-3802.737	-3949.218	146.4802	0.931617	0.9425989	0.395314	0.604686	4.914519
2868	-3803.815	-3951.434	147.6193	1.004097	0.8824055	0.256062	0.743938	4.270759
2874	-3797.704	-3944.11	146.4062	1.030497	1.077519	0.324579	0.675421	4.82597
2880	-3799.943	-3945.256	145.3129	0.8495029	0.8665191	0.463965	0.536035	5.649957
2886	-3799.819	-3945.157	145.3375	0.8989909	1.014431	0.379906	0.620094	5.524105
2892	-3805.286	-3951.725	146.439	0.9023595	0.7260869	0.416967	0.583033	5.091756
2898	-3800.33	-3945.797	145.4666	0.8708232	0.8551412	0.375438	0.624562	5.560829
2904	-3798.072	-3943.509	145.4371	0.9628817	0.8008137	0.337602	0.662398	5.560829
2910	-3801.391	-3947.082	145.6908	0.8798867	1.059412	0.425013	0.574987	5.315931
2916	-3797.155	-3941.968	144.8127	0.8862155	0.918757	0.342597	0.657403	5.872595
2922	-3803.987	-3948.105	144.1186	0.8403303	0.8751602	0.40229	0.59771	6.301445
2928	-3808.889	-3953.634	144.7448	0.8735493	0.8123189	0.377537	0.622463	5.981358
2934	-3830.787	-3975.544	144.7574	0.8862741	0.7908274	0.31596	0.68404	5.981358
2940	-3817.634	-3966.183	148.5491	1.144017	0.8630773	0.372308	0.627692	3.6709
2946	-3826.731	-3975.123	148.392	1.255337	0.8630773	0.315447	0.684553	3.697416
2952	-3815.951	-3962.861	146.9099	0.9836706	0.6651538	0.322857	0.677143	4.828986
2958	-3812.124	-3957.103	144.9789	0.8417601	0.8111433	0.438974	0.561026	5.871638
2964	-3813.433	-3958.674	145.241	0.7708315	0.8735538	0.323915	0.676085	5.728223
2970	-3821.446	-3966.805	145.3586	0.8226507	0.7299717	0.310994	0.689006	5.728223
2976	-3807.492	-3953.451	145.9598	0.9217019	0.832174	0.39645	0.60355	5.275524
2982	-3796.361	-3941.278	144.917	0.8483804	0.832174	0.416592	0.583408	5.88853
2988	-3806.364	-3948.933	142.5689	0.7415845	0.8155742	0.506272	0.493728	7.22805
2994	-3794.979	-3940.947	145.9678	0.891623	0.7564029	0.350116	0.649884	5.337328
3000	-3799.617	-3944.524	144.9071	0.8103861	0.9779622	0.391008	0.608992	5.828733
3006	-3800.039	-3947.259	147.2195	1.029772	0.9788124	0.436556	0.563444	4.424611
3012	-3799.16	-3944.179	145.019	0.9597952	0.8606849	0.431527	0.568473	5.754155
3018	-3802.665	-3946.894	144.2291	0.8895605	0.9744679	0.38373	0.61627	6.157342
3024	-3801.615	-3944.743	143.1275	0.7402918	0.9637076	0.430289	0.569711	6.840924
3030	-3811.489	-3954.923	143.4344	0.9241062	0.7328337	0.335925	0.664075	6.717475
3036	-3802.688	-3947.024	144.336	0.7709645	0.7647678	0.36538	0.63462	6.2906
3042	-3793.722	-3938.489	144.767	0.7696113	0.8324626	0.481214	0.518786	6.013227
3048	-3806.836	-3951.216	144.3801	0.8248516	0.6744272	0.464217	0.535783	6.300046
3054	-3804.077	-3949.273	145.1956	0.8391295	0.7040974	0.347106	0.652894	5.826534
3060	-3805.595	-3950.716	145.1218	0.9502999	0.6942867	0.362917	0.637083	5.813082
3066	-3796.081	-3941.787	145.7058	0.9759228	0.9970094	0.361329	0.638671	5.288367
3072	-3809.631	-3955.027	145.3963	0.8687181	0.7907932	0.361329	0.638671	5.641444
3078	-3802.216	-3948.422	146.2061	0.9418535	0.7296855	0.335643	0.664357	5.196315
3084	-3792.676	-3937.845	145.1693	0.9554963	0.9033834	0.388413	0.611587	5.648414
3090	-3798.446	-3945.233	146.787	1.025751	0.7773265	0.338088	0.661912	4.794307
3096	-3802.558	-3949.022	146.464	0.8569199	0.8044015	0.199387	0.800613	5.050084
3102	-3804.435	-3951.371	146.936	0.9070664	0.7862032	0.396272	0.603728	4.771422
3108	-3797.709	-3944.074	146.3651	0.9735993	1.064353	0.386867	0.613133	4.887549
3114	-3793.171	-3939.295	146.1233	0.8086435	0.717981	0.362915	0.637085	5.323891
3120	-3791.078	-3937.662	146.5839	0.9860456	0.7971366	0.329986	0.670014	4.91647
3126	-3792.159	-3939.04	146.8808	0.9177996	0.823434	0.373883	0.626117	4.771803
3132	-3804.552	-3950.573	146.0204	1.039734	1.000868	0.390314	0.609686	5.076804
3138	-3795.052	-3940.415	145.3626	0.8788514	1.048111	0.349905	0.650095	5.503268
3144	-3808.212	-3952.705	144.4933	0.959404	0.9746122	0.302232	0.697768	5.975277
3150	-3804.293	-3950.023	145.7299	0.898182	0.8775485	0.43863	0.56137	5.387207
3156	-3797.874	-3945.305	147.4317	1.024431	0.7054234	0.25778	0.74222	4.484064
3162	-3801.035	-3948.024	146.9892	1.0379	1.068072	0.40793	0.59207	4.500277
3168	-3804.572	-3951.959	147.3875	0.994005	0.6402373	0.46414	0.53586	4.575057
3174	-3808.769	-3953.423	144.6532	0.740359	0.7224135	0.232298	0.767702	6.16347
3180	-3804.854	-3949.707	144.8526	0.6979413	0.6921516	0.430495	0.569505	6.09929
3186	-3806.451	-3951.178	144.7268	0.7493308	0.7505826	0.350097	0.649903	6.09929
3192	-3809.968	-3953.775	143.8077	0.8829834	0.7505826	0.45001	0.54999	6.525838
3198	-3804.872	-3950.585	145.713	0.8101566	0.7505826	0.306046	0.693954	5.526488
3204	-3810.782	-3955.658	144.8762	0.8888003	0.8136287	0.350104	0.649896	5.900437
3210	-3801.591	-3945.581	143.9901	0.8432271	0.8136287	0.422697	0.577303	6.407499
3216	-3814.509	-3961.49	146.9817	0.8612997	0.7277451	0.368254	0.631746	4.8116
3222	-3807.749	-3953.111	145.3615	0.9097724	0.7598094	0.279759	0.720241	5.658529
3228	-3799.999	-3946.298	146.2983	0.8285077	1.03138	0.388114	0.611886	5.023084
3234	-3800.046	-3946.16	146.1135	0.8425629	0.8383753	0.367882	0.632118	5.230415
3240	-3797.447	-3941.58	144.133	0.8003465	0.7322878	0.367882	0.632118	6.406699
3246	-3805.765	-3950.636	144.8706	0.7931136	0.8825889	0.307199	0.692801	5.913194
3252	-3803.499	-3948.237	144.7381	0.8640318	0.9399791	0.3034	0.6966	5.913194
3258	-3813.571	-3960.211	146.6401	0.9763185	0.8278973	0.496859	0.503141	4.870573
3264	-3796.808	-3941.347	144.5384	0.795436	0.8278973	0.32304	0.67696	6.1266
3270	-3788.403	-3933.661	145.2575	0.9137017	0.8137736	0.364306	0.635694	5.678089
3276	-3790.893	-3936.32	145.4276	0.7435588	0.8137736	0.391149	0.608851	5.678089
3282	-3806.441	-3951.807	145.3661	0.6926479	0.9145471	0.383133	0.616867	5.678089
3288	-3799.064	-3943.612	144.5481	0.7998204	0.9465641	0.349199	0.650801	6.048184
3294	-3794.899	-3940.179	145.2809	0.9127337	1.016141	0.356769	0.643231	5.546746
3300	-3796.961	-3941.072	144.1109	0.8240462	0.8597816	0.4412	0.5588	6.323797
3306	-3799.424	-3946.616	147.1925	0.9590937	0.8762249	0.421411	0.578589	4.540682
3312	-3798.329	-3945.522	147.1925	0.9590937	0.8762249	0.357773	0.642227	4.540682
3318	-3808.693	-3955.34	146.6469	0.8918836	0.7646837	0.333077	0.666923	4.955496
3324	-3816.066	-3961.099	145.0322	0.8160803	0.7415715	0.274986	0.725014	5.90245
3330	-3808.293	-3953.218	144.9257	0.8241521	0.8235844	0.483709	0.516291	5.90245
3336	-3802.096	-3945.63	143.5339	0.6645521	0.8235844	0.397583	0.602417	6.744852
3342	-3796.312	-3941.415	145.103	0.8075713	0.8235844	0.383395	0.616605	5.814554
3348	-3805.322	-3950.892	145.5694	0.8163661	0.7740545	0.443256	0.556744	5.586202
3354	-3814.851	-3960.361	145.5097	0.8094603	0.7740545	0.350503	0.649497	5.622757
3360	-3815.537	-3961.5	145.9631	1.019643	1.047433	0.438038	0.561962	5.094367
3366	-3817.341	-3962.379	145.0386	0.744898	1.021448	0.284792	0.715208	5.768802
3372	-3807.764	-3951.984	144.2202	0.6756077	0.6105585	0.321745	0.678255	6.51563
3378	-3802.807	-3947.622	144.815	0.7054088	0.9788731	0.308365	0.691635	5.935918
3384	-3814.743	-3958.897	144.1544	0.7167469	0.7180245	0.399755	0.600245	6.450252
3390	-3813.941	-3957.792	143.8514	0.6933689	1.008803	0.489383	0.510617	6.450252
3396	-3823.264	-3967.143	143.8796	0.8888956	0.8523868	0.344352	0.655648	6.418591
3402	-3823.841	-3969.155	145.3143	0.778827	0.8523868	0.432309	0.567691	5.69663
3408	-3812.135	-3958.14	146.0044	0.7650365	0.886947	0.452366	0.547634	5.303555
3414	-3800.751	-3946.571	145.82	0.9044236	0.928737	0.392905	0.607095	5.303555
3420	-3822.042	-3968.171	146.1292	0.8692198	0.7378286	0.309124	0.690876	5.273369
3426	-3816.002	-3961.379	145.3774	0.9826054	0.8812527	0.341412	0.658588	5.532527
3432	-3818.743	-3963.571	144.8279	0.9134783	0.9634656	0.364865	0.635135	5.823767
3438	-3821.967	-3967.785	145.8172	0.8537689	0.9480275	0.355323	0.644677	5.321941
3444	-3801.566	-3948.132	146.5665	0.8240006	0.7964345	0.364856	0.635144	5.016685
3450	-3808.8	-3954.103	145.3028	0.8571674	0.6895933	0.453373	0.546627	5.768405
3456	-3812.202	-3957.331	145.1294	0.9036884	0.8917329	0.314985	0.685015	5.705658
3462	-3813.104	-3956.34	143.2363	0.6830029	0.7164105	0.331604	0.668396	6.96564
3468	-3806.648	-3949.916	143.268	0.8717131	0.9383725	0.435126	0.564874	6.708325
3474	-3802.744	-3949.274	146.53	1.000306	1.01232	0.356854	0.643146	4.808903
3480	-3795.119	-3940.596	145.477	0.7718957	0.8203759	0.349183	0.650817	5.631256
3486	-3805.694	-3951.661	145.9675	1.052069	0.7538823	0.336725	0.663275	5.25062
3492	-3806.098	-3951.417	145.319	0.7387874	0.8782047	0.24262	0.75738	5.700243
3498	-3814.001	-3957.846	143.8451	0.7068031	0.8782047	0.256015	0.743985	6.520364
3504	-3796.635	-3940.43	143.7948	0.7068031	0.9247927	0.359881	0.640119	6.520364
3510	-3801.312	-3945.596	144.2835	0.8234814	0.9247927	0.359881	0.640119	6.191823
3516	-3798.857	-3943.009	144.1522	0.8234814	1.054983	0.28995	0.71005	6.191823
3522	-3803.547	-3948.225	144.6785	0.8556379	0.8686071	0.361917	0.638083	5.992361
3528	-3807.449	-3952.83	145.3811	0.8665447	0.7901195	0.42588	0.57412	5.651407
3534	-3804.957	-3950.814	145.8573	0.9421758	0.6829797	0.377114	0.622886	5.422038
3540	-3800.858	-3945.595	144.7372	0.8318436	0.9194593	0.373489	0.626511	5.943128
3546	-3798.726	-3943.058	144.3318	0.754973	0.8371692	0.369671	0.630329	6.255161
3552	-3806.27	-3952.02	145.7501	0.8790019	0.6970279	0.431342	0.568658	5.505662
3558	-3807.789	-3954.315	146.5263	1.042198	0.8498758	0.365725	0.634275	4.88334
3564	-3808.608	-3954.811	146.2027	0.815568	0.8882065	0.42859	0.57141	5.16524
3570	-3804.303	-3950.408	146.1055	0.8810062	0.9175711	0.336562	0.663438	5.16524
3576	-3801.73	-3948.59	146.86	0.8193586	0.7646791	0.431596	0.568404	4.877234
3582	-3789.551	-3935.432	145.8803	0.9264133	0.9735265	0.285386	0.714614	5.232416
3588	-3793.999	-3940.047	146.0477	0.8485893	0.6853265	0.359203	0.640797	5.36698
3594	-3802.853	-3948.152	145.2984	0.9088929	0.9909798	0.361506	0.638494	5.553032
3600	-3805.021	-3949.346	144.3249	0.8982607	0.923956	0.408075	0.591925	6.129087
3606	-3806.642	-3952.621	145.9796	0.8940931	0.8312602	0.390669	0.609331	5.280395
3612	-3800.923	-3947.492	146.5695	1.005734	0.8863612	0.41333	0.58667	4.857
3618	-3805.042	-3950.846	145.8044	0.9228834	0.84497	0.34151	0.65849	5.35259
3624	-3799.906	-3946.417	146.5116	0.9078036	0.6831959	0.333233	0.666767	5.079276
3630	-3803.98	-3948.723	144.7435	0.7868639	0.7573322	0.336839	0.663161	6.065251
3636	-3803.041	-3948.208	145.1671	0.8844397	1.166086	0.348341	0.651659	5.547566
3642	-3812.24	-3956.921	144.6801	0.8603093	0.8449727	0.425058	0.574942	6.003375
3648	-3797.887	-3942.741	144.8536	0.9826163	0.9595601	0.327654	0.672346	5.774085
3654	-3795.844	-3942.369	146.5252	1.037177	0.8923872	0.405443	0.594557	4.860491
3660	-3801.444	-3947.383	145.9386	0.9460976	0.6740522	0.344002	0.655998	5.381619
3666	-3801.284	-3944.884	143.5991	0.78331	0.8190278	0.452834	0.547166	6.648288
3672	-3798.937	-3943.908	144.9715	0.872527	0.8525652	0.27795	0.72205	5.832897
3678	-3789.32	-3934.144	144.824	0.8446361	0.8006754	0.35437	0.64563	5.961359
3684	-3789.029	-3934.852	145.8228	1.048857	0.591911	0.397145	0.602855	5.452193
3690	-3788.845	-3934.376	145.5318	0.9597648	0.6086584	0.350769	0.649231	5.647681
3696	-3795.62	-3942.225	146.6057	0.9494005	0.7781531	0.340824	0.659176	4.937314
3702	-3796.18	-3943.074	146.8945	0.9467923	0.7668184	0.376503	0.623497	4.785477
3708	-3798.522	-3945.838	147.3169	0.9552472	0.6102504	0.381822	0.618178	4.660129
3714	-3794.715	-3940.967	146.2525	1.059866	0.9233058	0.384459	0.615541	4.981118
3720	-3799.669	-3945.937	146.2675	0.9631884	0.9547519	0.313014	0.686986	5.008162
3726	-3805.407	-3952.108	146.7013	0.9266497	0.8271888	0.313014	0.686986	4.864632
3732	-3804.435	-3949.598	145.1631	0.8236104	1.097482	0.381221	0.618779	5.617528
3738	-3810.744	-3956.283	145.5389	0.8034315	0.8253538	0.405257	0.594743	5.576797
3744	-3801.02	-3946.478	145.4583	0.7964171	0.9808356	0.361993	0.638007	5.532612
3750	-3797.761	-3943.658	145.8969	0.8618444	0.9810194	0.34593	0.65407	5.254732
3756	-3801.993	-3945.662	143.6697	0.9024806	0.7328124	0.482999	0.517001	6.601941
3762	-3801.638	-3946.921	145.2828	0.8329905	0.8907344	0.381526	0.618474	5.660915
3768	-3794.59	-3940.103	145.5129	0.8663905	0.8907344	0.403038	0.596962	5.516175
3774	-3804.752	-3949.877	145.1255	0.8253277	0.7538706	0.481556	0.518444	5.838043
3780	-3810	-3955.029	145.0286	0.8862427	0.9244156	0.385854	0.614146	5.751146
3786	-3817.792	-3963.096	145.3032	0.9035448	0.8858108	0.397851	0.602149	5.613962
3792	-3831.868	-3976.455	144.5878	0.9490683	1.008271	0.378866	0.621134	5.910813
3798	-3824.442	-3968.761	144.3182	0.7364452	0.9148972	0.423041	0.576959	6.226026
3804	-3807.308	-3952.416	145.1078	0.7783682	0.7459095	0.418082	0.581918	5.878777
3810	-3801.305	-3947.299	145.9948	0.825689	0.8537105	0.346899	0.653101	5.295685
3816	-3807.171	-3951.842	144.6714	0.8992278	0.8111985	0.387907	0.612093	6.008091
3822	-3810.264	-3954.909	144.645	0.8761972	0.9400264	0.4037	0.5963	5.957385
3828	-3808.516	-3954.474	145.9575	0.9199966	0.9403928	0.330087	0.669913	5.212235
3834	-3814.998	-3960.664	145.6657	0.8501946	0.9635657	0.285663	0.714337	5.398567
3840	-3815.826	-3961.84	146.014	0.9264055	0.8565412	0.340414	0.659586	5.227679
3846	-3810.279	-3955.67	145.3905	0.9080313	0.8245362	0.376157	0.623843	5.601377
3852	-3800.931	-3944.981	144.0503	0.816744	0.6541979	0.470392	0.529608	6.498156
3858	-3811.036	-3955.99	144.9533	0.8240874	0.8808712	0.395369	0.604631	5.852094
3864	-3807.362	-3953.945	146.5826	1.006305	0.7376522	0.470361	0.529639	4.946202
3870	-3804.439	-3949.472	145.0329	0.7497726	0.675019	0.42517	0.57483	5.985148
3876	-3802.896	-3949.103	146.2067	0.8461609	0.865826	0.343676	0.656324	5.159702
3882	-3816.634	-3963.175	146.5409	0.9134363	0.8487616	0.399527	0.600473	4.947567
3888	-3796.144	-3942.697	146.5529	0.9967922	0.7674069	0.399527	0.600473	4.947567
3894	-3798.483	-3944.009	145.5266	0.9384305	0.858142	0.328601	0.671399	5.488853
3900	-3800.428	-3945.94	145.5123	0.8103885	0.6722679	0.27517	0.72483	5.691868
3906	-3807.418	-3952.656	145.238	0.821273	0.8907437	0.3628	0.6372	5.691868
3912	-3816.811	-3960.452	143.6414	0.7215662	1.052524	0.390051	0.609949	6.525593
3918	-3809.966	-3955.668	145.7013	1.001925	1.11892	0.323167	0.676833	5.211879
3924	-3805.513	-3950.24	144.7265	0.9014948	0.8152291	0.273646	0.726354	5.974259
3930	-3801.927	-3948.302	146.375	0.9034731	0.5842807	0.376467	0.623533	5.233961
3936	-3801.597	-3948.811	147.2139	1.009729	0.8033249	0.459619	0.540381	4.546861
3942	-3797.043	-3942.853	145.8108	0.9205282	0.8986625	0.328151	0.671849	5.317509
3948	-3793.209	-3939.253	146.0441	0.9205282	0.8204607	0.328151	0.671849	5.237024
3954	-3791.277	-3937.885	146.6084	0.8928129	0.7864861	0.422837	0.577163	4.961719
3960	-3794.046	-3940.464	146.4184	1.005732	0.8165196	0.269132	0.730868	4.984889
3966	-3792.802	-3937.649	144.8472	0.9334591	0.9628465	0.3427	0.6573	5.802646
3972	-3794.176	-3940.544	146.3679	0.9289382	0.7599401	0.394619	0.605381	5.093072
3978	-3794.666	-3940.998	146.3325	0.9620212	0.8047449	0.415554	0.584446	5.064523
3984	-3799.342	-3945.509	146.1666	0.959693	0.7661487	0.302037	0.697963	5.183299
3990	-3792.346	-3938.159	145.8135	0.8920547	0.702088	0.396649	0.603351	5.459933
3996	-3800.35	-3946.194	145.8444	0.9396299	0.702088	0.380336	0.619664	5.416746
4002	-3804.187	-3951.986	147.7994	1.079438	0.5601268	0.340702	0.659298	4.360666
4008	-3803.716	-3951.027	147.3103	0.9058505	0.5601268	0.368797	0.631203	4.733001
4014	-3797.687	-3943.084	145.3962	0.843308	0.7812677	0.279534	0.720466	5.661708
4020	-3801.941	-3949.032	147.0907	0.7959708	0.7995227	0.482247	0.517753	4.738209
4026	-3796.4	-3943.291	146.8916	0.9219958	0.7528197	0.343427	0.656573	4.810496
4032	-3802.42	-3947.898	145.4783	0.9282046	0.8314258	0.40763	0.59237	5.53767
4038	-3798.136	-3944.262	146.126	0.9656903	0.8791249	0.29065	0.70935	5.130052
4044	-3814.819	-3959.678	144.859	0.7129106	0.9236386	0.20816	0.79184	5.939111
4050	-3805.183	-3949.821	144.6386	0.7910135	0.7964767	0.435109	0.564891	6.09442
4056	-3814.871	-3960.331	145.4596	0.9325372	0.7829958	0.435593	0.564407	5.576779
4062	-3796.046	-3942.492	146.4458	0.9222768	0.8974383	0.430178	0.569822	4.965556
4068	-3799.451	-3944.107	144.6562	0.9049783	0.8222377	0.463635	0.536365	6.006255
4074	-3796.761	-3942.86	146.0998	0.9274792	0.7900244	0.37338	0.62662	5.22218
4080	-3789.469	-3933.462	143.9924	0.7649787	0.7900244	0.321357	0.678643	6.463769
4086	-3799.958	-3944.601	144.6434	0.8366723	0.7900244	0.447769	0.552231	6.071064
4092	-3800.465	-3945.039	144.5739	0.8410471	0.8466719	0.372796	0.627204	6.070713
4098	-3791.991	-3937.826	145.8352	0.8756667	0.7152173	0.311261	0.688739	5.447731
4104	-3802.199	-3948.116	145.9166	0.8737616	0.7388789	0.311261	0.688739	5.387442
4110	-3795.867	-3940.585	144.7178	0.7605678	0.7388789	0.275681	0.724319	6.106021
4116	-3810.759	-3955.11	144.3505	0.8757449	0.855728	0.400454	0.599546	6.167895
4122	-3793.012	-3939.126	146.1137	0.8382631	0.9168951	0.393561	0.606439	5.184793
4128	-3799.713	-3944.533	144.8195	0.8890946	0.6756019	0.431271	0.568729	6.025117
4134	-3805.714	-3949.914	144.2	0.7361712	0.7926589	0.320828	0.679172	6.365123
4140	-3806.206	-3951.697	145.4913	0.8647278	0.7926589	0.320828	0.679172	5.590312
4146	-3802.127	-3946.921	144.7935	0.8607191	0.8143786	0.351633	0.648367	5.960465
4152	-3808.251	-3952.464	144.2134	0.7071836	0.9081691	0.393812	0.606188	6.302766
4158	-3811.453	-3955.76	144.3063	0.8933871	0.9081691	0.449603	0.550397	6.151005
4164	-3805.399	-3953.294	147.8944	1.049957	0.9081691	0.398982	0.601018	4.072505
4170	-3802.313	-3950.343	148.0303	1.066873	0.9767857	0.392621	0.607379	3.944243
4176	-3811.479	-3958.367	146.8879	1.082142	0.9538021	0.498937	0.501063	4.596073
4182	-3800.779	-3945.479	144.6996	0.8847587	0.7667648	0.44337	0.55663	6.029499
4188	-3802.789	-3947.297	144.508	0.814343	1.00528	0.481153	0.518847	6.029499
4194	-3791.456	-3935.846	144.3899	0.7857287	0.7179115	0.279237	0.720763	6.285102
4200	-3795.928	-3938.98	143.0516	0.7462805	0.9218191	0.404114	0.595886	6.902247
4206	-3787.492	-3933.15	145.6577	0.8132599	0.7581862	0.29839	0.70161	5.550018
4212	-3805.814	-3952.548	146.7334	0.9793739	0.6228847	0.331224	0.668776	4.96222
4218	-3811.505	-3958.943	147.4377	1.064322	0.975451	0.343529	0.656471	4.2838
4224	-3808.035	-3955.501	147.4657	0.9406429	0.9724587	0.378323	0.621677	4.339631
4230	-3805.743	-3952.31	146.5678	1.036456	0.7252238	0.36069	0.63931	4.946366
4236	-3801.504	-3948.784	147.2798	0.9676221	0.7204659	0.40698	0.59302	4.590489
4242	-3796.396	-3941.98	145.5837	0.8995153	1.048958	0.297388	0.702612	5.369708
4248	-3800.589	-3946.001	145.4119	0.8850377	0.8266556	0.261421	0.738579	5.600892
4254	-3809.001	-3954.083	145.0816	1.00087	0.8267291	0.36356	0.63644	5.718489
4260	-3800.132	-3946.956	146.8233	0.9640592	0.6505258	0.43069	0.56931	4.899256
4266	-3809.686	-3955.718	146.0318	0.8943239	0.7618578	0.340399	0.659601	5.296828
4272	-3802.708	-3949.137	146.429	0.9467057	0.9053707	0.398678	0.601322	4.95659
4278	-3797.211	-3944.183	146.9718	0.9674878	0.9219649	0.371521	0.628479	4.632023
4284	-3804.416	-3950.672	146.2562	1.020986	0.6967671	0.247926	0.752074	5.148194
4290	-3798.637	-3944.915	146.278	0.9374109	0.8560733	0.446482	0.553518	5.07568
4296	-3810.634	-3953.73	143.0964	0.9703121	0.8079756	0.332239	0.667761	6.825751
4302	-3811.115	-3956.624	145.5089	0.8569487	0.8316729	0.243037	0.756963	5.559875
4308	-3801.786	-3947.408	145.6218	0.9249751	0.6895367	0.312529	0.687471	5.556259
4314	-3805.245	-3951.758	146.513	0.9779821	0.7968541	0.369089	0.630911	4.960566
4320	-3807.498	-3954.006	146.5073	0.849113	0.7512405	0.441722	0.558278	5.065929
4326	-3806.586	-3952.397	145.811	0.9556701	0.8159731	0.355451	0.644549	5.349227
4332	-3804.765	-3949.41	144.6448	0.7470522	0.7285434	0.379508	0.620492	6.160212
4338	-3796.19	-3941.416	145.2257	0.8424448	0.8987783	0.334404	0.665596	5.682218
4344	-3798.055	-3944.016	145.9608	0.9052732	0.8237634	0.395015	0.604985	5.289366
4350	-3822.544	-3968.79	146.246	0.9342688	0.666816	0.246568	0.753432	5.22382
4356	-3813.144	-3957.554	144.4099	0.777774	0.7106419	0.405271	0.594729	6.283612
4362	-3806.27	-3950.533	144.2631	0.7574126	0.7919103	0.348741	0.651259	6.319802
4368	-3798.309	-3942.372	144.063	0.6752341	0.7443566	0.317714	0.682286	6.504282
4374	-3803.395	-3948.32	144.925	0.7961837	0.7443566	0.28541	0.71459	5.969899
4380	-3805.631	-3950.488	144.8573	0.8485944	0.7443566	0.38844	0.61156	5.978247
4386	-3805.439	-3950.427	144.9879	0.8508168	0.8097184	0.362982	0.637018	5.862694
4392	-3807.778	-3953.876	146.0977	1.025379	0.6373218	0.350149	0.649851	5.277729
4398	-3811.414	-3958.05	146.6363	1.072791	0.7528393	0.309525	0.690475	4.868785
4404	-3812.538	-3959.884	147.3461	1.063161	0.9649576	0.415407	0.584593	4.342323
4410	-3817.461	-3964.356	146.8946	1.119303	0.6604423	0.247404	0.752596	4.765369
4416	-3801.666	-3948.191	146.5248	0.8277975	0.7431536	0.33491	0.66509	5.073623
4422	-3796.738	-3942.005	145.267	0.8948839	1.085186	0.255049	0.744951	5.52764
4428	-3804.781	-3950.729	145.9487	0.782143	0.6826	0.375216	0.624784	5.460096
4434	-3803.67	-3948.164	144.4942	0.8717298	0.9102717	0.375216	0.624784	6.059276
4440	-3800.624	-3946.112	145.488	0.867992	1.07204	0.449664	0.550336	5.427676
4446	-3795.681	-3940.929	145.2481	0.8942554	0.8305629	0.299579	0.700421	5.683247
4452	-3807.475	-3952.394	144.9187	0.8419609	0.9303673	0.276571	0.723429	5.832109
4458	-3814.744	-3959.773	145.0288	0.8227654	0.9303673	0.276571	0.723429	5.782355
4464	-3807.196	-3953.632	146.4358	0.9870318	0.6988951	0.384702	0.615298	5.065962
4470	-3814.11	-3960.464	146.3534	0.8371527	0.7748329	0.383413	0.616587	5.141872
4476	-3820.778	-3966.786	146.0086	0.827444	0.7639826	0.369261	0.630739	5.345147
4482	-3807.527	-3954.58	147.0532	1.013649	0.8204242	0.447965	0.552035	4.623658
4488	-3810.646	-3956.758	146.112	1.015553	0.8973225	0.276618	0.723382	5.099163
4494	-3811.684	-3957.859	146.1755	0.8566487	0.8973225	0.376856	0.623144	5.152017
4500	-3817.026	-3961.704	144.678	0.81042	1.002871	0.475209	0.524791	5.940184
4506	-3814.597	-3960.857	146.2601	0.9191764	0.7928674	0.347865	0.652135	5.136202
4512	-3808.749	-3953.636	144.8871	0.8338829	0.8559494	0.40852	0.59148	5.898056
4518	-3804.406	-3949.036	144.6305	0.8613568	1.078847	0.339147	0.660853	5.898056
4524	-3803.032	-3949.051	146.019	0.8630353	0.6647988	0.368701	0.631299	5.389948
4530	-3799.552	-3945.209	145.6568	0.9322829	0.9993237	0.292458	0.707542	5.338218
4536	-3805.226	-3951.435	146.2081	0.861906	0.7886599	0.360431	0.639569	5.199433
4542	-3804.908	-3950.57	145.6622	0.8914322	0.9406416	0.339392	0.660608	5.390877
4548	-3806.216	-3952.403	146.1871	0.8728238	0.8547066	0.394585	0.605415	5.162718
4554	-3796.114	-3942.275	146.1609	0.9359992	0.8815819	0.359177	0.640823	5.1257
4560	-3796.844	-3943.678	146.8342	0.8804007	0.8815819	0.359177	0.640823	4.782172
4566	-3796.254	-3942.095	145.8414	0.8695212	1.032262	0.382502	0.617498	5.252991
4572	-3805.656	-3952.405	146.749	0.971626	0.7903824	0.339292	0.660708	4.83697
4578	-3812.895	-3960.19	147.2949	0.9860035	1.012341	0.328309	0.671691	4.38782
4584	-3799.681	-3945.473	145.7922	0.9681954	0.900098	0.41497	0.58503	5.3006
4590	-3793.706	-3938.405	144.6982	0.8715741	0.7308888	0.308106	0.691894	6.061707
4596	-3800.572	-3947.22	146.6474	0.9727915	0.7421835	0.310186	0.689814	4.925645
4602	-3791.011	-3936.491	145.4794	0.9132968	0.8223759	0.413344	0.586656	5.551006
4608	-3796.292	-3942.335	146.0436	0.9785104	0.6344439	0.33602	0.66398	5.335712
4614	-3793.274	-3937.778	144.5036	0.8359026	0.6928246	0.3183	0.6817	6.213663
4620	-3806.618	-3951.693	145.0754	0.8073222	0.8714314	0.368572	0.631428	5.800171
4626	-3812.003	-3957.085	145.0817	0.8857103	0.7974566	0.442475	0.557525	5.800171
4632	-3816.368	-3962.703	146.3348	1.024671	0.8581878	0.389484	0.610516	4.994404
4638	-3811.98	-3957.01	145.0291	0.891666	0.8785786	0.343954	0.656046	5.775035
4644	-3821.171	-3967.113	145.9422	0.9616409	0.8408451	0.344028	0.655972	5.257715
4650	-3816.007	-3962.004	145.997	1.026959	0.6430393	0.338016	0.661984	5.328083
4656	-3806.184	-3952.921	146.7374	1.158966	0.7583717	0.321511	0.678489	4.760492
4662	-3805.947	-3953.279	147.3318	1.053476	1.114271	0.331888	0.668112	4.273729
4668	-3813.666	-3960.702	147.036	1.008884	0.9923471	0.435392	0.564608	4.531961
4674	-3809.111	-3955.635	146.5232	1.059266	0.8173754	0.424811	0.575189	4.896294
4680	-3805.932	-3952.834	146.9015	1.074548	0.9788711	0.37173	0.62827	4.578289
4686	-3807.101	-3953.344	146.2429	0.9591918	1.021984	0.405353	0.594647	4.986411
4692	-3802.608	-3948.626	146.0175	0.859601	0.9153575	0.418091	0.581909	5.227103
4698	-3806.928	-3952.394	145.4662	0.859601	0.8114131	0.323968	0.676032	5.59477
4704	-3811.421	-3957.756	146.3348	1.008729	1.173379	0.450075	0.549925	4.828993
4710	-3799.558	-3944.954	145.3967	0.8239579	0.7963261	0.377884	0.622116	5.662179
4716	-3803.055	-3948.661	145.606	0.7895823	0.8901113	0.394166	0.605834	5.507606
4722	-3805.085	-3950.923	145.8383	0.8730401	0.7264293	0.311262	0.688738	5.439597
4728	-3809.735	-3955.796	146.0618	0.9615039	0.677216	0.394021	0.605979	5.30286
4734	-3807.626	-3951.982	144.3557	0.6937921	0.7196751	0.395439	0.604561	6.352366
4740	-3808.731	-3953.716	144.9851	0.6985256	0.8417334	0.424677	0.575323	5.927241
4746	-3815.134	-3959.193	144.0593	0.8263856	0.7996844	0.391132	0.608868	6.387964
4752	-3806.286	-3951.79	145.5042	0.8823549	0.6777217	0.347953	0.652047	5.652844
4758	-3814.891	-3960.202	145.3105	0.8895566	0.8933026	0.410262	0.589738	5.61311
4764	-3807.19	-3953.144	145.9537	0.7927885	0.6849149	0.367773	0.632227	5.4498
4770	-3809.613	-3954.104	144.4903	0.8067474	0.7789633	0.392763	0.607237	6.177966
4776	-3805.953	-3950.983	145.0291	0.9083135	0.7834023	0.392763	0.607237	5.825749
4782	-3811.802	-3958.918	147.1153	0.9611817	0.776459	0.39	0.61	4.647398
4788	-3806.151	-3952.951	146.7996	0.9668241	0.695641	0.390549	0.609451	4.877314
4794	-3806.386	-3951.604	145.2183	0.9246197	0.8470027	0.362306	0.637694	5.67265
4800	-3816.316	-3962.917	146.6012	1.05909	0.748428	0.299819	0.700181	4.898984
4806	-3812.32	-3958.773	146.453	0.9314782	0.8994894	0.43304	0.56696	4.955222
4812	-3800.395	-3946.026	145.6302	0.90903	0.8344795	0.387221	0.612779	5.462778
4818	-3797.821	-3944.52	146.699	0.9275895	0.72259	0.431809	0.568191	4.935775
4824	-3800.378	-3946.567	146.1889	1.01411	0.7411533	0.263316	0.736684	5.157882
4830	-3803.422	-3949.576	146.1534	0.8503218	0.8608338	0.263316	0.736684	5.189982
4836	-3815.327	-3962.911	147.5836	0.9651793	0.65682	0.304526	0.695474	4.468217
4842	-3807.797	-3953.285	145.4881	0.9131537	0.7450752	0.305261	0.694739	5.597201
4848	-3807.741	-3952.993	145.2518	0.7995556	0.7450752	0.264424	0.735576	5.789023
4854	-3812.156	-3956.991	144.8353	0.8424566	0.6995228	0.422627	0.577373	6.024719
4860	-3805.331	-3951.302	145.9715	0.8653866	0.8489668	0.40564	0.59436	5.28959
4866	-3800.61	-3946.463	145.8532	0.9936761	0.8401446	0.415897	0.584103	5.28959
4872	-3803.199	-3950.116	146.9162	0.9790576	0.751536	0.407288	0.592712	4.765775
4878	-3799.975	-3945.626	145.6516	0.9806234	0.8694839	0.314257	0.685743	5.389808
4884	-3798.316	-3943.24	144.9238	0.7992133	1.019485	0.39906	0.60094	5.802967
4890	-3816.627	-3961.15	144.523	0.7519772	0.6987983	0.325849	0.674151	6.244499
4896	-3818.068	-3962.761	144.693	0.9122462	0.7746082	0.272355	0.727645	6.012955
4902	-3797.035	-3941.659	144.6241	0.8142806	0.6709016	0.40584	0.59416	6.175733
4908	-3794.144	-3939.885	145.7407	0.8511804	0.7548806	0.270313	0.729687	5.485796
4914	-3808.96	-3952.543	143.5825	0.8476666	0.7834024	0.355123	0.644877	6.645196
4920	-3817.174	-3962.42	145.2464	0.7522436	0.7834024	0.437467	0.562533	5.792249
4926	-3813.112	-3958.73	145.6184	0.8898983	0.8793125	0.437467	0.562533	5.452112
4932	-3807.572	-3952.497	144.9254	0.8645276	0.8793125	0.410899	0.589101	5.846203
4938	-3807.377	-3952.022	144.6453	0.869782	0.9925518	0.346374	0.653626	5.931269
4944	-3809.203	-3953.888	144.685	0.8990207	0.6799674	0.345086	0.654914	6.089829
4950	-3802.338	-3946.813	144.4757	0.8382098	0.9286652	0.345086	0.654914	6.076928
4956	-3807.137	-3952.12	144.9826	0.778245	0.809992	0.401673	0.598327	5.905038
4962	-3792.78	-3936.572	143.792	0.778245	0.8515404	0.367962	0.632038	6.526554
4968	-3804.85	-3950.008	145.1577	0.7542378	0.6346189	0.31585	0.68415	5.944715
4974	-3795.73	-3941.304	145.5742	0.8778586	0.7559708	0.352616	0.647384	5.561915
4980	-3797.764	-3943.162	145.3979	0.8100849	0.8701144	0.374004	0.625996	5.622729
4986	-3807.64	-3952.065	144.4248	0.7940515	0.8701144	0.441125	0.558875	6.163186
4992	-3802.831	-3948.815	145.9845	0.9368049	0.8239308	0.425893	0.574107	5.25874
4998	-3808.597	-3953.411	144.814	0.8275643	0.7569087	0.238741	0.761259	6.004877
5004	-3797.535	-3942.479	144.9436	0.8275643	0.9662497	0.277986	0.722014	5.805906
5010	-3800.351	-3946.966	146.6152	0.952425	1.063385	0.467511	0.532489	4.76037
5016	-3794.679	-3940.704	146.0252	0.9451124	0.7351358	0.315499	0.684501	5.290726
5022	-3805.461	-3952.403	146.9426	0.9531473	0.7642536	0.350211	0.649789	4.756786
5028	-3800.275	-3947.73	147.4553	1.0145	0.7339528	0.356417	0.643583	4.45586
5034	-3795.96	-3942.92	146.9599	0.9571877	0.7154834	0.342652	0.657348	4.77892
5040	-3795.235	-3940.766	145.5309	0.9114086	0.7915069	0.375142	0.624858	5.543664
5046	-3796.525	-3941.961	145.4362	0.8173027	0.9134047	0.387844	0.612156	5.57189
5052	-3793.952	-3938.058	144.1057	0.7290809	0.8349733	0.357895	0.642105	6.393343
5058	-3798.01	-3941.934	143.924	0.8048326	0.9538555	0.397521	0.602479	6.380674
5064	-3805.743	-3950.164	144.421	0.8229818	0.9289064	0.510859	0.489141	6.114882
5070	-3821.337	-3967.897	146.5604	0.945649	0.8280447	0.371923	0.628077	4.931939
5076	-3817.272	-3963.797	146.5249	0.8862234	0.7300741	0.319231	0.680769	5.050262
5082	-3811.048	-3957.074	146.0256	0.8709871	0.827528	0.4858	0.5142	5.270105
5088	-3804.594	-3949.294	144.6999	0.7578562	0.9348625	0.426124	0.573876	5.99494
5094	-3802.878	-3947.615	144.7377	0.8106512	0.9672514	0.376674	0.623326	5.927144
5100	-3795.458	-3941.293	145.835	0.8106512	0.7260483	0.293048	0.706952	5.475982
5106	-3791.866	-3937.404	145.5384	0.7667345	0.9995593	0.288812	0.711188	5.494485
5112	-3800.629	-3946.554	145.9242	1.0402	1.069666	0.3927	0.6073	5.092741
5118	-3788.201	-3933.77	145.5692	0.8686587	0.849133	0.29635	0.70365	5.509367
5124	-3800.67	-3946.429	145.759	0.8776319	0.6499234	0.449	0.551	5.536138
5130	-3794.63	-3940.223	145.5922	0.84733	0.7314431	0.358249	0.641751	5.585551
5136	-3785.753	-3931.32	145.5667	0.9194066	0.6633511	0.362478	0.637522	5.608764
5142	-3792.332	-3937.473	145.1412	0.8877073	1.069647	0.383209	0.616791	5.608764
5148	-3794.581	-3940.737	146.1556	0.9852038	0.9857887	0.425589	0.574411	5.040484
5154	-3806.712	-3951.869	145.1575	0.9537319	0.7483173	0.388421	0.611579	5.754045
5160	-3815.313	-3961.057	145.7442	0.9204366	1.343824	0.449708	0.550292	5.126691
5166	-3807.23	-3952.877	145.6473	0.9057284	0.6431096	0.393471	0.606529	5.587265
5172	-3809.19	-3954.575	145.3848	0.7969014	0.84072	0.35153	0.64847	5.6553
5178	-3802.571	-3947.541	144.9698	0.8102303	0.9325749	0.339057	0.660943	5.820233
5184	-3808.664	-3954.399	145.7351	0.8593942	0.6261996	0.339057	0.660943	5.577446
5190	-3810.225	-3957.048	146.8235	1.025755	0.943568	0.355545	0.644455	4.669747
5196	-3818.02	-3961.758	143.7374	0.6665179	0.8745454	0.398711	0.601289	6.602648
5202	-3807.599	-3951.881	144.2826	0.7048345	0.8656889	0.36185	0.63815	6.291689
5208	-3813.224	-3956.348	143.1246	0.7421012	0.8656889	0.399248	0.600752	6.898049
5214	-3810.083	-3954.36	144.2768	0.6930353	0.8321662	0.375106	0.624894	6.321811
5220	-3808.821	-3954.717	145.8962	0.8648746	0.8858318	0.351528	0.648472	5.308812
5226	-3815.619	-3960.886	145.2663	0.8481207	0.7674241	0.426976	0.573024	5.739448
5232	-3807.262	-3951.868	144.6061	0.7795659	0.8201505	0.334871	0.665129	6.103247
5238	-3806.433	-3950.374	143.9417	0.7371529	0.8201505	0.430922	0.569078	6.487158
5244	-3809.099	-3954.628	145.5289	0.877479	0.7271765	0.302963	0.697037	5.606698
5250	-3808.879	-3953.928	145.0492	0.80079	0.9068472	0.482806	0.517194	5.796948
5256	-3803.269	-3948.309	145.0401	0.8218979	0.8957217	0.377596	0.622404	5.796948
5262	-3798.118	-3944.705	146.587	0.9426133	0.7560826	0.348229	0.651771	4.966419
5268	-3801.025	-3947.508	146.483	0.9784757	0.7560826	0.38779	0.61221	5.004292
5274	-3808.777	-3954.776	145.9988	0.9045192	0.7716751	0.410524	0.589476	5.302863
5280	-3795.243	-3940.886	145.6435	0.8644696	1.046133	0.440102	0.559898	5.357594
5286	-3809.042	-3954.106	145.0645	0.7982704	0.954128	0.331538	0.668462	5.762652
5292	-3809.108	-3953.538	144.4299	0.8080063	0.8537436	0.290417	0.709583	6.162787
5298	-3803.355	-3948.001	144.6462	0.8605695	0.7970047	0.483857	0.516143	6.052041
5304	-3808.58	-3954.398	145.8178	0.9203036	1.130593	0.275384	0.724616	5.186665
5310	-3804.073	-3948.831	144.7575	0.8480898	0.9095749	0.43933	0.56067	5.928921
5316	-3800.088	-3946.111	146.0237	0.8264185	0.7296617	0.367552	0.632448	5.360864
5322	-3797.819	-3943.805	145.9866	0.8765952	0.9198696	0.355855	0.644145	5.232093
5328	-3805.474	-3951.722	146.2474	1.023529	0.9692377	0.363396	0.636604	4.977565
5334	-3803.839	-3948.931	145.0922	0.9134813	0.773332	0.450094	0.549906	5.795027
5340	-3806.091	-3952.476	146.385	1.012447	0.9496966	0.33693	0.66307	4.918389
5346	-3801.053	-3945.876	144.8228	0.832415	0.803796	0.327494	0.672506	5.966669
5352	-3814.218	-3959.903	145.6853	0.9221129	0.9059275	0.338798	0.661202	5.38156
5358	-3795.697	-3940.956	145.2583	0.8218011	0.9059275	0.397115	0.602885	5.671437
5364	-3797.753	-3943.32	145.5666	0.9852735	0.9059275	0.346437	0.653563	5.41214
5370	-3800.077	-3945.932	145.8552	0.9203846	0.7150756	0.393819	0.606181	5.41214
5376	-3805.18	-3950.79	145.6102	0.8436537	1.000509	0.404254	0.595746	5.41214
5382	-3805.671	-3951.995	146.3239	0.9373063	1.227271	0.404254	0.595746	4.848726
5388	-3807.055	-3954.121	147.0656	0.9373063	0.698861	0.33898	0.66102	4.742989
5394	-3789.831	-3937.114	147.2825	1.030761	0.9360408	0.33898	0.66102	4.413477
5400	-3794.347	-3940.84	146.4928	0.9254009	0.8643736	0.455429	0.544571	4.95789
5406	-3801.561	-3947.128	145.5673	0.7813435	0.9669849	0.409014	0.590986	5.488745
5412	-3804.013	-3948.675	144.6623	0.905054	0.9758112	0.428074	0.571926	5.911976
5418	-3802.057	-3946.735	144.6777	0.7994156	0.9758112	0.426931	0.573069	5.96127
5424	-3808.497	-3951.432	142.9345	0.8564603	1.025372	0.321255	0.678745	6.848957
5430	-3800.261	-3945.557	145.2953	0.8332492	0.7475714	0.268842	0.731158	5.745025
5436	-3804.029	-3948.962	144.9328	0.8692023	0.8052624	0.333824	0.666176	5.885571
5442	-3802.482	-3947.553	145.0704	0.7974761	0.716372	0.385424	0.614576	5.909089
5448	-3804.764	-3950.156	145.3924	0.8054976	0.7487846	0.320484	0.679516	5.706232
5454	-3799.452	-3945.969	146.517	0.9025603	0.7890537	0.337242	0.662758	5.005412
5460	-3799.602	-3946.132	146.5299	0.8836907	0.7616939	0.396611	0.603389	5.027058
5466	-3804.612	-3949.178	144.5652	0.7830118	0.7908213	0.394337	0.605663	6.142356
5472	-3803.942	-3948.031	144.0889	0.7025546	0.829798	0.388114	0.611886	6.420089
5478	-3816.252	-3960.044	143.7917	0.7348182	0.8922215	0.412465	0.587535	6.525806
5484	-3801.604	-3947.359	145.7547	0.8060082	0.8898772	0.455097	0.544903	5.416872
5490	-3807.533	-3951.765	144.2311	0.8576967	0.9930485	0.358579	0.641421	6.163404
5496	-3799.471	-3945.116	145.6448	0.855102	0.9366559	0.340732	0.659268	5.422781
5502	-3802.069	-3948.264	146.1944	0.9581443	1.074571	0.485374	0.514626	4.985695
5508	-3802.157	-3948.446	146.2889	0.9223791	0.8389824	0.472092	0.527908	5.088704
5514	-3796.544	-3943.372	146.8274	1.014233	1.106726	0.304801	0.695199	4.584118
5520	-3804.011	-3950.204	146.1925	0.9072196	1.059722	0.423259	0.576741	5.022912
5526	-3814.658	-3961.137	146.4783	0.9989923	1.059722	0.437916	0.562084	4.812767
5532	-3825.392	-3971.413	146.0211	0.846775	1.381984	0.355174	0.644826	4.997169
5538	-3825.947	-3970.096	144.1486	0.7237667	1.28516	0.323154	0.676846	6.136543
5544	-3796.372	-3941.543	145.1711	0.8426902	0.9236934	0.420899	0.579101	5.697407
5550	-3793.92	-3939.306	145.3861	0.8869458	0.7604383	0.32357	0.67643	5.657165
5556	-3803.524	-3946.684	143.1605	0.8236128	0.9249656	0.408371	0.591629	6.799977
5562	-3799.082	-3943.255	144.1736	0.9023924	0.9249656	0.440284	0.559716	6.208589
5568	-3803.262	-3949.723	146.4616	0.9996129	1.185034	0.397054	0.602946	4.757569
5574	-3806.366	-3954.181	147.8145	1.106098	1.151998	0.398002	0.601998	3.949474
5580	-3797.481	-3943.626	146.1453	1.034989	0.9890684	0.386655	0.613345	5.016727
5586	-3794.331	-3940.919	146.5876	1.041659	1.034481	0.385927	0.614073	4.741504
5592	-3799.799	-3945.765	145.9661	1.032275	1.175974	0.383331	0.616669	5.019801
5598	-3798.988	-3945.04	146.0518	0.9539784	1.285703	0.383331	0.616669	4.963525
5604	-3810.265	-3954.416	144.1511	0.9120373	0.8476721	0.341864	0.658136	6.261528
5610	-3811.418	-3957.644	146.2255	0.9222615	0.7564931	0.328773	0.671227	5.177963
5616	-3805.055	-3951.444	146.3888	0.9894662	0.7564931	0.426988	0.573012	5.050203
5622	-3802.092	-3948.39	146.298	0.9016093	0.9045397	0.429176	0.570824	5.054864
5628	-3798.616	-3944.964	146.3478	1.002917	0.9900748	0.304811	0.695189	4.921387
5634	-3801.626	-3946.368	144.7424	0.9201697	1.047388	0.292537	0.707463	5.821171
5640	-3806.791	-3952.757	145.9657	0.9359513	0.6729036	0.329261	0.670739	5.373113
5646	-3807.537	-3952.31	144.7729	0.9477289	0.7100368	0.326099	0.673901	5.993912
5652	-3802.522	-3947.472	144.9491	0.9353443	0.8052714	0.349626	0.650374	5.840507
5658	-3811.415	-3955.698	144.283	0.8792549	0.8052714	0.441193	0.558807	6.234235
5664	-3810.959	-3955.535	144.5758	0.9397824	0.7546958	0.441193	0.558807	6.075055
5670	-3806.408	-3951.745	145.3373	0.8456106	0.8624219	0.339807	0.660193	5.641213
5676	-3803.1	-3948.616	145.5159	0.9703245	0.9007205	0.417095	0.582905	5.451402
5682	-3801.331	-3946.074	144.7426	0.9136133	0.9007205	0.371719	0.628281	5.90647
5688	-3801.763	-3947.603	145.8409	0.8845943	0.9082523	0.320308	0.679692	5.315066
5694	-3804.552	-3948.862	144.3096	0.8215998	1.088276	0.455489	0.544511	6.089978
5700	-3797.05	-3943.231	146.1809	0.9044841	0.8409949	0.318568	0.681432	5.157166
5706	-3791.243	-3938.516	147.2726	0.9223705	0.8267364	0.342469	0.657531	4.547646
5712	-3804.448	-3950.586	146.1379	0.9300314	0.8423443	0.309997	0.690003	5.166017
5718	-3803.569	-3949.162	145.5937	0.8906976	0.8948982	0.392159	0.607841	5.455902
5724	-3801.046	-3946.551	145.5045	0.8820292	0.6896977	0.314559	0.685441	5.644135
5730	-3796.055	-3942.886	146.8319	0.8375842	0.9445138	0.328377	0.671623	4.769742
5736	-3800.359	-3946.545	146.1863	0.8767817	0.6664491	0.295576	0.704424	5.288814
5742	-3813.29	-3960.959	147.6688	1.047925	0.8476046	0.348872	0.651128	4.239849
5748	-3809.409	-3956.784	147.3744	0.916088	0.7021589	0.433304	0.566696	4.579493
5754	-3802.858	-3949.433	146.5751	0.8693297	0.8907064	0.377465	0.622535	4.927164
5760	-3802.209	-3948.585	146.3763	0.9504298	0.8326346	0.32844	0.67156	5.028697
5766	-3795.938	-3941.801	145.8624	0.8540062	0.8326346	0.287835	0.712165	5.366341
5772	-3796.548	-3942.804	146.2556	0.853799	0.9024233	0.357325	0.642675	5.106209
5778	-3796.412	-3942.647	146.2349	0.9052259	1.047507	0.357325	0.642675	5.007001
5784	-3809.973	-3956.947	146.9742	0.8499724	0.9608964	0.350988	0.649012	4.673689
5790	-3811.387	-3955.752	144.3647	0.7128541	0.6134525	0.353217	0.646783	6.414916
5796	-3804.986	-3951.256	146.2697	0.8920524	0.8982452	0.392922	0.607078	5.079651
5802	-3812.946	-3957.195	144.2495	0.7778318	0.8803056	0.377393	0.622607	6.261202
5808	-3811.543	-3956.672	145.1286	0.801431	0.8600485	0.412571	0.587429	5.781225
5814	-3812.384	-3957.567	145.183	0.7470415	0.8600485	0.392569	0.607431	5.781225
5820	-3808.341	-3952.189	143.8484	0.8226416	0.8838645	0.381206	0.618794	6.452487
5826	-3805.991	-3951.362	145.3716	0.9006741	0.9534272	0.444045	0.555955	5.538408
5832	-3804.296	-3951.079	146.7836	0.8412713	0.7068327	0.264273	0.735727	4.947986
5838	-3805.943	-3950.651	144.7085	0.8314387	0.7275365	0.413194	0.586806	6.080275
5844	-3808.191	-3953.78	145.5886	0.8314387	0.6609607	0.34695	0.65305	5.64683
5850	-3805.578	-3950.802	145.2244	0.8866041	0.9189612	0.287721	0.712279	5.64683
5856	-3804.842	-3950.723	145.8803	0.9486172	0.990401	0.343526	0.656474	5.210713
5862	-3808.494	-3954.76	146.2659	0.9601528	0.8795687	0.300702	0.699298	5.055313
5868	-3803.375	-3950.398	147.0229	0.988679	0.8795687	0.329024	0.670976	4.617196
5874	-3815.295	-3964.616	149.3209	1.072013	0.7585503	0.415904	0.584096	3.334033
5880	-3812.076	-3957.324	145.248	0.8317769	0.7851943	0.399828	0.600172	5.746668
5886	-3813.6	-3959.875	146.2746	0.9701589	0.7512298	0.300108	0.699892	5.127862
5892	-3817.514	-3964.046	146.5323	1.002059	1.072073	0.486228	0.513772	4.774305
5898	-3812.784	-3958.614	145.8298	0.9181871	0.6935025	0.439022	0.560978	5.442728
5904	-3820.846	-3966.165	145.3197	0.786366	0.8614364	0.368792	0.631208	5.683955
5910	-3819.782	-3966.151	146.3685	0.954229	0.7317513	0.401938	0.598062	5.098085
5916	-3812.693	-3957.472	144.7797	0.8722281	0.8506225	0.334485	0.665515	5.939027
5922	-3801.497	-3948.959	147.462	1.127715	0.6632853	0.316143	0.683857	4.440239
5928	-3807.515	-3954.341	146.8259	1.07591	0.8094202	0.299367	0.700633	4.723237
5934	-3808.155	-3953.472	145.3162	0.9218583	0.8324715	0.350681	0.649319	5.629519
5940	-3797.657	-3942.999	145.3422	0.8734236	0.8522595	0.374229	0.625771	5.629519
5946	-3799.564	-3945.877	146.3125	0.9616269	0.9340351	0.394232	0.605768	4.99608
5952	-3807.303	-3953.998	146.6949	0.9877217	1.01486	0.407299	0.592701	4.722467
5958	-3807.613	-3954.767	147.154	0.9340484	0.8308777	0.376087	0.623913	4.605011
5964	-3804.237	-3949.976	145.7389	0.9031655	0.9369074	0.300194	0.699806	5.344297
5970	-3802.992	-3947.302	144.3096	0.9132794	0.7937064	0.431234	0.568766	6.208722
5976	-3812.6	-3957.752	145.1513	0.8205207	0.7645365	0.432949	0.567051	5.81941
5982	-3812.442	-3956.879	144.4367	0.7543632	0.8873849	0.414314	0.585686	6.167974
5988	-3811.499	-3957.839	146.34	0.8704309	0.8638852	0.355807	0.644193	5.073626
5994	-3816.365	-3960.58	144.2148	0.8372947	0.8638852	0.38843	0.61157	6.257632
6000	-3823.306	-3967.609	144.3037	0.7557337	0.8638852	0.382662	0.617338	6.253641
6006	-3814.558	-3960.604	146.0462	0.9159003	0.9523328	0.423181	0.576819	5.158513
6012	-3816.188	-3962.33	146.142	0.8278943	0.9523328	0.35306	0.64694	5.154203
6018	-3812.693	-3954.889	142.1952	0.7802778	0.9297273	0.472811	0.527189	7.340007
6024	-3822.582	-3969.111	146.5295	0.8338578	1.177859	0.311791	0.688209	4.815712
6030	-3812.115	-3956.361	144.246	0.8356158	0.8986274	0.324617	0.675383	6.220844
6036	-3809.343	-3955.008	145.6652	0.7580388	0.7259731	0.373995	0.626005	5.598302
6042	-3824.367	-3968.471	144.1041	0.8247115	0.8128835	0.373321	0.626679	6.356199
6048	-3819.919	-3965.468	145.5498	0.8300423	0.9836011	0.424323	0.575677	5.462245
6054	-3816.045	-3960.805	144.7595	0.83709	0.7425636	0.447585	0.552415	6.039101
6060	-3807.409	-3953.155	145.7458	0.9097401	0.8722687	0.4323	0.5677	5.375262
6066	-3804.238	-3950.542	146.3044	0.9736724	0.7457023	0.328074	0.671926	5.113195
6072	-3815.173	-3961.438	146.2646	0.8510525	0.9233721	0.407833	0.592167	5.090295
6078	-3810.679	-3956.248	145.5687	0.9717042	0.7183429	0.37701	0.62299	5.539267
6084	-3809.19	-3954.918	145.7283	1.028266	1.011	0.396974	0.603026	5.239322
6090	-3804.415	-3951.948	147.5335	1.051811	0.9396063	0.385085	0.614915	4.257579
6096	-3798.999	-3945.497	146.4979	0.8605954	0.9396063	0.395028	0.604972	4.945904
6102	-3793.788	-3940.395	146.6069	1.028047	0.7843581	0.311328	0.688672	4.888747
6108	-3800.222	-3945.849	145.6277	0.9505946	1.098241	0.394261	0.605739	5.291456
6114	-3801.006	-3946.705	145.6999	0.8726911	0.7423332	0.394261	0.605739	5.504944
6120	-3795.149	-3940.9	145.7502	0.8557271	0.7159011	0.348778	0.651222	5.504944
6126	-3804.257	-3949.822	145.5645	0.8906713	0.8409511	0.348778	0.651222	5.504944
6132	-3812.12	-3955.889	143.7696	0.8914597	0.7409589	0.387963	0.612037	6.548367
6138	-3812.911	-3957.43	144.5193	0.885465	0.9964435	0.394379	0.605621	5.989352
6144	-3814.709	-3958.885	144.1754	0.885908	0.8967551	0.372185	0.627815	6.233
6150	-3808.008	-3953.463	145.4551	0.8578759	1.24116	0.382569	0.617431	5.367766
6156	-3812.375	-3959.234	146.8587	1.11063	0.862307	0.435058	0.564942	4.651633
6162	-3810.112	-3957.169	147.0566	0.9971969	0.739349	0.404282	0.595718	4.685615
6168	-3809.362	-3956.325	146.963	0.952042	0.8565901	0.347453	0.652547	4.685615
6174	-3812.796	-3958.001	145.205	0.9582735	0.9754481	0.314495	0.685505	5.58586
6180	-3821.372	-3967.028	145.6558	0.8805212	0.8469377	0.360421	0.639579	5.456557
6186	-3825.796	-3971.487	145.6912	0.9335761	0.7714194	0.329913	0.670087	5.456557
6192	-3805.555	-3949.09	143.5351	0.7746982	0.8515979	0.395977	0.604023	6.667382
6198	-3808.586	-3953.576	144.9902	0.7757679	0.7444867	0.37338	0.62662	5.945412
6204	-3817.397	-3963.32	145.9237	0.9205934	1.027473	0.37338	0.62662	5.181808
6210	-3810.516	-3956.515	145.9988	0.9298533	0.8780149	0.28238	0.71762	5.220955
6216	-3800.583	-3947.09	146.5068	0.9037104	0.7001068	0.400359	0.599641	5.071909
6222	-3800.233	-3945.776	145.5427	0.9037104	0.8111883	0.316263	0.683737	5.52861
6228	-3798.9	-3944.561	145.6612	0.8798173	0.7703475	0.38726	0.61274	5.503363
6234	-3797.774	-3944.816	147.0423	1.025381	0.802889	0.40722	0.59278	4.634666
6240	-3793.435	-3940.471	147.0369	0.9697371	0.8560111	0.403865	0.596135	4.634666
6246	-3807.168	-3955.209	148.0408	1.087613	0.8560111	0.432315	0.567685	4.000162
6252	-3794.805	-3941.851	147.0461	1.037387	0.8516075	0.318863	0.681137	4.594328
6258	-3797.343	-3941.634	144.2906	0.9005742	0.8079405	0.369794	0.630206	6.216791
6264	-3798.132	-3942.567	144.4346	0.7506049	0.8130497	0.344906	0.655094	6.216791
6270	-3791.447	-3937.48	146.0328	0.8889182	0.6944339	0.336888	0.663112	5.346322
6276	-3803.606	-3949.456	145.8499	0.9209806	0.816855	0.336888	0.663112	5.346322
6282	-3809.099	-3955.857	146.7587	0.947839	1.025427	0.392473	0.607527	4.703248
6288	-3809.39	-3955.326	145.936	0.9014842	0.9884118	0.481225	0.518775	5.207063
6294	-3800.881	-3947.071	146.1901	0.9224706	1.109364	0.328709	0.671291	4.989849
6300	-3797.928	-3943.963	146.0352	0.9056942	0.8611044	0.403592	0.596408	5.224617
6306	-3799.168	-3946.347	147.1795	0.9420365	0.781346	0.313586	0.686414	4.618847
6312	-3801.478	-3947.392	145.9138	0.8427238	0.968684	0.255394	0.744606	5.262888
6318	-3799.127	-3945.206	146.0787	0.9156132	0.7907418	0.394607	0.605393	5.239895
6324	-3801.938	-3947.246	145.3082	0.7746274	0.8365044	0.424237	0.575763	5.712143
6330	-3803.803	-3949.411	145.6082	0.8801554	0.6971555	0.397104	0.602896	5.582883
6336	-3810.961	-3957.181	146.2197	1.039649	0.9134701	0.315447	0.684553	5.016386
6342	-3814.676	-3960.475	145.7985	0.9176543	0.906543	0.381262	0.618738	5.321189
6348	-3815.539	-3961.139	145.6003	0.764829	0.7911297	0.355562	0.644438	5.58628
6354	-3810.885	-3955.26	144.3753	0.9037052	0.7911297	0.355562	0.644438	6.179853
6360	-3801.611	-3947.331	145.7201	0.9013223	0.7579306	0.419569	0.580431	5.467437
6366	-3804.781	-3950.027	145.2457	0.888409	0.935401	0.411784	0.588216	5.624589
6372	-3806.467	-3951.981	145.5137	0.893863	0.8246606	0.357981	0.642019	5.5414
6378	-3801.268	-3945.731	144.4627	0.9355959	0.8246606	0.339583	0.660417	6.093487
6384	-3805.691	-3950.09	144.3988	0.7494658	0.8540563	0.339583	0.660417	6.211345
6390	-3798.258	-3943.556	145.2973	0.8727389	0.9858851	0.463736	0.536264	5.576312
6396	-3799.778	-3945.353	145.5746	0.9037145	0.740079	0.328388	0.671612	5.558329
6402	-3802.108	-3947.169	145.0616	0.9465609	1.011083	0.364863	0.635137	5.651322
6408	-3807.502	-3953.667	146.1651	0.8898509	1.011083	0.448158	0.551842	5.074029
6414	-3803.413	-3947.808	144.3943	0.8013635	1.060559	0.290571	0.709429	6.069135
6420	-3799.37	-3944.864	145.4946	0.9429696	1.132596	0.329202	0.670798	5.351692
6426	-3794.865	-3940.546	145.6811	0.8629998	0.8654359	0.289504	0.710496	5.440829
6432	-3803.248	-3947.753	144.5057	0.8191045	0.7389168	0.294146	0.705854	6.189586
6438	-3798.387	-3944.892	146.5046	0.9126242	0.749626	0.353357	0.646643	5.033325
6444	-3791.361	-3936.412	145.0507	0.8157689	0.9593043	0.328075	0.671925	5.757685
6450	-3788.559	-3933.64	145.0815	0.9498276	0.984138	0.328075	0.671925	5.653422
6456	-3794.169	-3940.446	146.2772	0.9363312	0.7019356	0.327726	0.672274	5.179728
6462	-3798.08	-3942.99	144.9099	0.8930211	0.9759678	0.421937	0.578063	5.783119
6468	-3798.353	-3945.056	146.7026	0.9975336	1.01337	0.346153	0.653847	4.71349
6474	-3805.339	-3952.417	147.0779	0.9196746	0.7254044	0.316852	0.683148	4.726903
6480	-3810.008	-3956.602	146.5936	0.9488824	0.8554392	0.389676	0.610324	4.894343
6486	-3802.59	-3947.128	144.5382	0.8384631	0.8554392	0.371702	0.628298	6.086196
6492	-3800.658	-3946.612	145.9539	0.8176303	0.7926122	0.343201	0.656799	5.361707
6498	-3800.459	-3947.348	146.8895	0.9776367	0.7569724	0.37459	0.62541	4.777758
6504	-3812.051	-3958.787	146.7358	0.9948936	0.923136	0.387609	0.612391	4.748099
6510	-3811.95	-3958.928	146.9782	1.036169	0.5351852	0.348123	0.651877	4.86722
6516	-3816.618	-3963.234	146.6164	1.067252	0.6723413	0.354542	0.645458	4.940507
6522	-3817.168	-3961.55	144.3815	0.7988043	0.6375894	0.241458	0.758542	6.340708
6528	-3809.607	-3954.367	144.7607	0.8468622	0.6424437	0.343209	0.656791	6.104756
6534	-3814.323	-3958.63	144.3065	0.9025932	0.7960728	0.353754	0.646246	6.21466
6540	-3818.818	-3964.523	145.7057	0.8014398	0.5932203	0.314599	0.685401	5.651419
6546	-3818.524	-3964.151	145.6272	0.9573163	0.7683742	0.424313	0.575687	5.480767
6552	-3821.439	-3967.085	145.6463	0.8474875	0.8456763	0.427456	0.572544	5.480767
6558	-3807.626	-3954.248	146.6226	1.059447	0.9088869	0.334882	0.665118	4.783773
6564	-3816.135	-3962.566	146.4308	0.9162412	0.8922914	0.345305	0.654695	4.98038
6570	-3809.319	-3954.125	144.806	0.768993	0.8922914	0.271494	0.728506	5.955848
6576	-3812.996	-3957.467	144.4702	0.902186	0.7298069	0.41372	0.58628	6.169892
6582	-3817.798	-3963.718	145.9198	0.8523492	0.689313	0.46495	0.53505	5.432452
6588	-3820.201	-3965.047	144.8461	0.8739076	0.782266	0.47745	0.52255	5.945267
6594	-3813.087	-3960.055	146.9678	1.044071	0.7112857	0.353807	0.646193	4.729004
6600	-3812.978	-3959.285	146.3063	0.8722485	0.8374804	0.323257	0.676743	5.107828
6606	-3818.012	-3963.366	145.3538	0.7440254	0.8374804	0.395269	0.604731	5.703309
6612	-3814.605	-3960.02	145.4151	0.9792703	0.9225971	0.309477	0.690523	5.489059
6618	-3817.33	-3961.161	143.831	0.8239604	0.8823955	0.269109	0.730891	6.462062
6624	-3810.124	-3953.276	143.1514	0.8797965	0.6955613	0.384763	0.615237	6.919839
6630	-3796.888	-3941.827	144.9388	0.7695616	0.6955613	0.380542	0.619458	6.010852
6636	-3805.501	-3949.589	144.0881	0.8779083	0.7863699	0.348044	0.651956	6.353002
6642	-3797.917	-3943.196	145.2797	0.9234893	0.7976847	0.350579	0.649421	5.670859
6648	-3805.644	-3951.376	145.7321	0.8468378	0.7508093	0.350579	0.649421	5.495645
6654	-3807.327	-3952.993	145.6657	0.8215973	0.9574062	0.466343	0.533657	5.417817
6660	-3802.414	-3947.535	145.1207	0.8083785	1.120817	0.466343	0.533657	5.637306
6666	-3803.343	-3949.939	146.5958	0.8042075	0.8172621	0.368674	0.631326	4.997816
6672	-3803.007	-3948.99	145.9828	0.9197337	0.5909694	0.376222	0.623778	5.435947
6678	-3800.202	-3946.556	146.3544	0.9500956	1.081892	0.415654	0.584346	4.897325
6684	-3805.371	-3952.034	146.6625	0.9401406	0.7024472	0.397488	0.602512	4.963486
6690	-3814.142	-3960.381	146.2389	0.99239	0.8559671	0.294494	0.705506	5.06694
6696	-3811.951	-3956.344	144.3937	0.7433685	0.6986665	0.435892	0.564108	6.319537
6702	-3810.218	-3955.352	145.1341	0.8986941	0.6986665	0.244291	0.755709	5.831462
6708	-3812.652	-3958.2	145.5479	0.877841	0.8884335	0.293636	0.706364	5.492029
6714	-3816.779	-3962.715	145.9357	0.8582112	0.7573902	0.431298	0.568702	5.372795
6720	-3811.394	-3958.456	147.0615	1.056453	0.7573902	0.415756	0.584244	4.637191
6726	-3804.568	-3950.758	146.1901	1.054374	0.7865692	0.28422	0.71578	5.104232
6732	-3806.011	-3951.222	145.2109	0.9363084	0.8203218	0.377866	0.622134	5.687039
6738	-3809.651	-3953.27	143.6189	0.790641	0.8915841	0.345686	0.654314	6.589527
6744	-3798.059	-3941.641	143.5827	0.8859272	0.8385105	0.435727	0.564273	6.589527
6750	-3802.37	-3946.702	144.3319	0.860742	0.9516786	0.424731	0.575269	6.129861
6756	-3807.238	-3952.631	145.3921	0.8200611	0.8683503	0.415809	0.584191	5.621524
6762	-3802.38	-3947.113	144.7327	0.8210823	0.7966493	0.341721	0.658279	6.026636
6768	-3812.798	-3957.535	144.7375	0.8721182	0.7504692	0.482996	0.517004	6.026636
6774	-3800.672	-3946.148	145.476	0.8293969	0.7213624	0.391523	0.608477	5.666181
6780	-3803.532	-3949.054	145.5222	0.7831553	0.7213624	0.41047	0.58953	5.666181
6786	-3812.267	-3960.178	147.911	0.9136836	0.7859864	0.367755	0.632245	4.219254
6792	-3802.448	-3950.116	147.6674	1.104651	0.8441746	0.398168	0.601832	4.210648
6798	-3804.188	-3952.005	147.8173	1.133394	1.016914	0.437458	0.562542	4.005017
6804	-3790.947	-3938.165	147.2178	0.966812	0.6291043	0.336298	0.663702	4.694141
6810	-3792.793	-3936.607	143.8138	0.8178518	0.7944522	0.455664	0.544336	6.529044
6816	-3800.647	-3944.103	143.4559	0.8817565	0.9025383	0.381313	0.618687	6.621968
6822	-3796.432	-3940.904	144.4716	0.8569166	0.8684021	0.389696	0.610304	6.104567
6828	-3795.631	-3941.554	145.9227	0.9038093	0.7369186	0.457983	0.542017	5.36887
6834	-3806.228	-3950.246	144.018	0.7639195	0.902121	0.316237	0.683763	6.38159
6840	-3802.914	-3946.695	143.7804	0.7588885	0.979992	0.370587	0.629413	6.468913
6846	-3810.556	-3954.643	144.0866	0.8430619	1.074682	0.365637	0.634363	6.206621
6852	-3822.086	-3966.887	144.8012	0.8091733	0.6595255	0.37478	0.62522	6.09043
6858	-3806.154	-3950.929	144.7753	0.8312543	1.010493	0.350625	0.649375	5.871549
6864	-3797.788	-3941.134	143.3466	0.8162069	0.9212085	0.431112	0.568888	6.705676
6870	-3810.407	-3955.355	144.9481	1.014444	0.9224984	0.35191	0.64809	5.72616
6876	-3813.772	-3961.247	147.4756	0.9876733	0.9010357	0.40427	0.59573	4.349845
6882	-3812.192	-3958.238	146.0465	0.9341143	0.9716542	0.462103	0.537897	5.13724
6888	-3806.254	-3951.211	144.957	0.8832626	0.8835169	0.381762	0.618238	5.816138
6894	-3801.757	-3947.685	145.9284	0.9690039	1.11856	0.366732	0.633268	5.104547
6900	-3799.611	-3944.653	145.042	0.8574996	1.034425	0.420013	0.579987	5.698302
6906	-3809.44	-3955.936	146.4967	1.027482	0.9479688	0.398968	0.601032	4.848785
6912	-3806.755	-3951.619	144.8642	0.8331	0.7743461	0.369607	0.630393	5.962859
6918	-3815.084	-3960.837	145.7535	0.8809175	0.9244012	0.390813	0.609187	5.355789
6924	-3807.23	-3953.984	146.7542	0.8378125	0.7741266	0.396865	0.603135	4.919502
6930	-3802.273	-3946.635	144.3616	0.8609908	0.9162203	0.381708	0.618292	6.133866
6936	-3797.677	-3942.91	145.2327	0.8369151	0.8077776	0.381708	0.618292	5.737573
6942	-3797.536	-3942.437	144.9008	0.8337334	0.6599558	0.350696	0.649304	6.022445
6948	-3791.744	-3936.918	145.1745	0.8335161	0.9490749	0.350696	0.649304	5.685949
6954	-3799.77	-3944.423	144.6537	0.9468672	0.9667407	0.354635	0.645365	5.898931
6960	-3792.083	-3938.424	146.3406	0.9445121	0.9194845	0.272019	0.727981	4.998506
6966	-3792.231	-3938.713	146.4824	1.041218	0.8487639	0.319074	0.680926	4.909036
6972	-3790.164	-3937.54	147.375	1.017964	0.8763109	0.391947	0.608053	4.404753
6978	-3798.879	-3945.153	146.2743	0.8530128	0.9190227	0.343768	0.656232	5.086407
6984	-3805.75	-3952.505	146.7551	1.01786	0.8175522	0.34405	0.65595	4.789938
6990	-3801.816	-3948.923	147.1074	0.9609464	1.053438	0.366266	0.633734	4.484996
6996	-3805.663	-3952.997	147.3345	1.114965	0.8539433	0.362879	0.637121	4.38697
7002	-3804.276	-3950.025	145.7494	1.021078	0.8832926	0.376797	0.623203	5.305165
7008	-3801.574	-3946.896	145.3219	0.9110395	0.9773811	0.378212	0.621788	5.546508
7014	-3804.794	-3950.249	145.4551	0.9008973	0.8644845	0.359604	0.640396	5.544899
7020	-3800.132	-3945.898	145.7659	0.9694467	0.7649872	0.366456	0.633544	5.399985
7026	-3802.047	-3947.502	145.4548	0.9990232	1.170915	0.371584	0.628416	5.323679
7032	-3800.064	-3945.903	145.8389	0.8573006	0.9209767	0.405975	0.594025	5.323679
7038	-3801.772	-3947.845	146.0722	0.9839592	0.8393811	0.341418	0.658582	5.174374
7044	-3801.517	-3946.5	144.9836	0.8674637	0.7673505	0.334955	0.665045	5.883558
7050	-3797.395	-3942.906	145.5113	0.9607084	0.7673505	0.398453	0.601547	5.543284
7056	-3793.522	-3939.225	145.7031	0.9301751	0.980282	0.307902	0.692098	5.324423
7062	-3793.472	-3940.671	147.1991	1.101904	0.9180583	0.333838	0.666162	4.431072
7068	-3787.5	-3933.467	145.9666	0.8997434	0.7663517	0.305331	0.694669	5.326834
7074	-3791.204	-3936.243	145.0392	0.862635	0.8701138	0.38556	0.61444	5.790506
7080	-3801.236	-3946.413	145.1772	0.9945362	0.6790301	0.292528	0.707472	5.769616
7086	-3804.695	-3949.476	144.7807	0.8914635	1.137793	0.439277	0.560723	5.769616
7092	-3809.682	-3953.663	143.9812	0.7380645	1.299871	0.354391	0.645609	6.21325
7098	-3819.937	-3964.967	145.0296	0.7478029	0.8997978	0.27069	0.72931	5.840816
7104	-3808.497	-3953.756	145.2596	0.7994574	0.9026813	0.387816	0.612184	5.68487
7110	-3808.199	-3952.26	144.0603	0.7487755	0.9271285	0.467514	0.532486	6.352348
7116	-3807.503	-3951.644	144.1417	0.8293102	0.7832147	0.376437	0.623563	6.352348
7122	-3801.088	-3946.401	145.313	0.8648631	0.7823179	0.352295	0.647705	5.694783
7128	-3786.365	-3931.95	145.5851	0.9433784	0.7823179	0.307426	0.692574	5.502329
7134	-3798.805	-3943.043	144.238	0.8028274	0.9701638	0.362863	0.637137	6.202094
7140	-3801.948	-3948.063	146.1156	0.8818527	0.8047651	0.362863	0.637137	5.229036
7146	-3804.2	-3949.749	145.5492	0.7791633	0.9024065	0.337437	0.662563	5.537229
7152	-3808.143	-3953.978	145.8354	0.8162317	0.6376605	0.337279	0.662721	5.537229
7158	-3808.091	-3953.141	145.05	0.8189183	0.8983193	0.271853	0.728147	5.791632
7164	-3798.583	-3943.579	144.9956	0.9230403	0.7838727	0.333676	0.666324	5.835717
7170	-3794.775	-3939.281	144.5061	0.8253769	0.7838727	0.419114	0.580886	6.155974
7176	-3808.836	-3954.277	145.4402	1.135016	0.7838727	0.350183	0.649817	5.475544
7182	-3803.718	-3948.292	144.5739	0.8435307	1.112684	0.466832	0.533168	5.921472
7188	-3794.219	-3939.205	144.9864	0.9470406	0.8510322	0.382526	0.617474	5.78492
7194	-3801.141	-3946.936	145.795	0.9374363	0.7845767	0.376798	0.623202	5.388508
7200	-3795.01	-3940.459	145.449	0.8847804	0.8359647	0.40212	0.59788	5.574782
7206	-3795.416	-3941.147	145.7314	0.8894237	0.8394501	0.298587	0.701413	5.414709
7212	-3797.382	-3941.595	144.2128	0.8954182	0.8394501	0.405656	0.594344	6.24211
7218	-3801.927	-3947.288	145.361	0.870154	0.8394501	0.342891	0.657109	5.628929
7224	-3812.259	-3957.662	145.4036	0.9243864	0.7576078	0.376913	0.623087	5.628929
7230	-3804.028	-3950.149	146.1215	0.9783601	0.8281864	0.44258	0.55742	5.157266
7236	-3798.48	-3944.092	145.6121	0.9066855	1.002971	0.37556	0.62444	5.375006
7242	-3802.937	-3947.681	144.7434	0.9216815	0.7283426	0.288393	0.711607	6.011472
7248	-3800.508	-3946.228	145.7201	0.866504	0.8644177	0.392076	0.607924	5.418092
7254	-3797.505	-3941.597	144.0919	0.8294604	0.8358113	0.479646	0.520354	6.345883
7260	-3806.54	-3951.922	145.3814	1.071437	0.7030888	0.47316	0.52684	5.598169
7266	-3798.46	-3945.039	146.5781	1.034116	0.8532867	0.28091	0.71909	4.856816
7272	-3800.392	-3945.383	144.991	0.841364	0.7888288	0.355236	0.644764	5.879635
7278	-3795.621	-3941.757	146.1359	0.9646236	0.9137127	0.418619	0.581381	5.104369
7284	-3795.683	-3941.075	145.3922	0.9109551	1.02223	0.355922	0.644078	5.483235
7290	-3798.378	-3943.717	145.3397	0.8023714	1.343225	0.414331	0.585669	5.415633
7296	-3795.777	-3941.932	146.1556	0.9264394	0.9250073	0.434951	0.565049	5.107951
7302	-3804.529	-3951.082	146.5529	0.9567929	0.820284	0.373131	0.626869	4.934907
7308	-3818.067	-3963.759	145.6921	0.8412906	0.9352119	0.279421	0.720579	5.405181
7314	-3800.024	-3945.794	145.77	0.9655766	0.8099714	0.320903	0.679097	5.370223
7320	-3807.259	-3951.532	144.2721	0.7758335	0.8099714	0.42937	0.57063	6.293367
7326	-3793.1	-3938.953	145.8529	0.9812941	0.6749351	0.382966	0.617034	5.408778
7332	-3797.818	-3944.128	146.3102	0.992048	0.7221603	0.357072	0.642928	5.116202
7338	-3797.66	-3941.891	144.231	0.7981778	0.7535595	0.321318	0.678682	6.340315
7344	-3788.261	-3933.33	145.0688	0.8787165	0.7535595	0.344482	0.655518	5.840055
7350	-3792.909	-3938.223	145.3138	0.8367915	0.869437	0.421976	0.578024	5.654677
7356	-3796.98	-3942.983	146.0033	0.9289763	0.869437	0.368765	0.631235	5.224233
7362	-3805.484	-3950.955	145.4708	0.838693	0.800592	0.418654	0.581346	5.610694
7368	-3800.735	-3945.707	144.9725	0.7333871	0.8890765	0.33757	0.66243	5.886251
7374	-3789.339	-3934.156	144.8161	0.8977814	0.8817634	0.285152	0.714848	5.886251
7380	-3794.903	-3940.479	145.5763	0.9080345	0.7846766	0.366187	0.633813	5.525032
7386	-3785.654	-3931.925	146.271	0.8800372	0.8562405	0.366187	0.633813	5.111284
7392	-3798.515	-3944.79	146.275	0.9545924	0.9940803	0.421474	0.578526	4.986524
7398	-3804.901	-3951.034	146.1331	0.9725092	1.107209	0.451016	0.548984	4.994798
7404	-3803.816	-3950.351	146.5354	0.9579761	0.8415119	0.451016	0.548984	4.930401
7410	-3808.167	-3955.612	147.445	1.020354	0.7539915	0.344549	0.655451	4.444298
7416	-3806.217	-3952.635	146.4182	1.08722	0.9751513	0.371086	0.628914	4.843642
7422	-3806.857	-3952.986	146.1298	0.8932274	0.900594	0.428225	0.571775	5.155137
7428	-3809.142	-3955.404	146.2618	1.067178	0.9857371	0.390542	0.609458	4.935945
7434	-3813.072	-3959.308	146.2361	0.9079283	1.215795	0.322146	0.677854	4.919495
7440	-3800.019	-3946.957	146.9371	0.9888681	0.6243479	0.40265	0.59735	4.842354
7446	-3798.298	-3944.572	146.2742	0.94278	0.9855743	0.450773	0.549227	4.998269
7452	-3803.612	-3950.357	146.7447	0.9493451	0.7505977	0.313009	0.686991	4.878682
7458	-3803.241	-3950.764	147.5229	0.980409	1.059553	0.313009	0.686991	4.235986
7464	-3800.373	-3946.593	146.2194	0.9225085	0.8596993	0.302967	0.697033	5.114165
7470	-3810.463	-3954.816	144.3526	0.8168191	0.8822677	0.385787	0.614213	6.182812
7476	-3809.615	-3954.408	144.7934	0.8662991	0.9645713	0.430966	0.569034	5.867829
7482	-3802.822	-3947.738	144.9155	0.9575461	1.005814	0.436557	0.563443	5.728274
7488	-3803.24	-3948.673	145.433	0.9126304	0.8980457	0.423294	0.576706	5.530337
7494	-3805.897	-3951.265	145.3672	0.826151	0.9274751	0.351442	0.648558	5.596655
7500	-3798.129	-3943.474	145.345	0.8627907	0.6591934	0.31542	0.68458	5.764457
7506	-3798.57	-3944.598	146.028	0.8356766	0.7261827	0.398391	0.601609	5.35581
7512	-3809.385	-3954.786	145.4015	0.8356766	1.105408	0.305553	0.694447	5.475831
7518	-3803.627	-3949.698	146.0707	0.799798	0.7269206	0.385984	0.614016	5.351533
7524	-3806.264	-3950.609	144.3446	0.7634926	0.9570738	0.447315	0.552685	6.1728
7530	-3809.916	-3955.948	146.0327	0.8195407	0.813961	0.282354	0.717646	5.303302
7536	-3800.947	-3947.322	146.3756	1.00113	0.8215007	0.515415	0.484585	5.008051
7542	-3794.587	-3942.109	147.5218	1.075625	0.7700314	0.324242	0.675758	4.358756
7548	-3795.884	-3941.043	145.1587	0.8699357	0.7693952	0.407643	0.592357	5.785103
7554	-3798.551	-3945.336	146.7858	1.020129	0.8942589	0.289822	0.710178	4.723395
7560	-3816.288	-3961.705	145.4175	0.9806585	1.055359	0.362984	0.637016	5.413215
7566	-3805.808	-3951.57	145.7616	0.9313305	0.7801777	0.362984	0.637016	5.413215
7572	-3811.027	-3956.982	145.9551	1.012091	0.8721301	0.402735	0.597265	5.203244
7578	-3809.989	-3956.19	146.2011	1.003235	0.8721301	0.31445	0.68555	5.071935
7584	-3812.289	-3955.964	143.675	0.9078208	0.9923001	0.309169	0.690831	6.43857
7590	-3810.887	-3956.865	145.9783	1.11998	1.131977	0.353976	0.646024	4.986239
7596	-3803.954	-3951.223	147.2692	1.088916	0.9486698	0.353976	0.646024	4.380688
7602	-3802.118	-3948.628	146.5101	1.007118	0.6706944	0.353976	0.646024	5.034242
7608	-3810.123	-3954.857	144.7337	0.930242	0.950377	0.442653	0.557347	5.873531
7614	-3806.258	-3951.146	144.8881	0.908761	0.9531196	0.332615	0.667385	5.799283
7620	-3800.834	-3946.739	145.9047	0.8963799	0.9421317	0.41065	0.58935	5.253467
7626	-3800.766	-3947.537	146.7715	0.8783107	0.944365	0.30813	0.69187	4.780801
7632	-3799.557	-3945.977	146.4201	0.9688973	0.959063	0.418197	0.581803	4.917711
7638	-3796.451	-3943.651	147.1993	0.9863462	0.8894793	0.396762	0.603238	4.513399
7644	-3801.321	-3946.881	145.5602	0.896175	0.9012749	0.440198	0.559802	5.467491
7650	-3793.586	-3939.384	145.7975	0.8951742	0.8130018	0.386711	0.613289	5.391931
7656	-3801.056	-3947.267	146.2111	0.9109873	0.8995694	0.354402	0.645598	5.100831
7662	-3805.173	-3949.292	144.1193	0.7726166	0.9302154	0.369609	0.630391	6.305588
7668	-3809.379	-3952.117	142.7379	0.8140341	0.9177332	0.424432	0.575568	7.037081
7674	-3803.739	-3948.716	144.9764	0.9346895	0.952998	0.286274	0.713726	5.736806
7680	-3800.58	-3946.298	145.7178	0.8875102	0.8284855	0.462956	0.537044	5.430191
7686	-3791.112	-3936.479	145.3667	0.749576	0.8910263	0.274104	0.725896	5.660447
7692	-3787.955	-3932.059	144.1043	0.8553698	1.033896	0.315972	0.684028	6.211615
7698	-3800.65	-3944.789	144.1393	0.8974239	0.9571772	0.408954	0.591046	6.211615
7704	-3801.712	-3947.449	145.7374	0.8570447	0.9771121	0.379016	0.620984	5.347607
7710	-3800.538	-3945.087	144.549	0.8835029	0.9882498	0.287308	0.712692	5.978758
7716	-3797.738	-3945.255	147.5171	1.090966	0.8479356	0.452865	0.547135	4.301154
7722	-3795.733	-3943.288	147.555	1.017182	0.8801218	0.378846	0.621154	4.301154
7728	-3803.622	-3950.392	146.7695	0.9618241	0.7578384	0.314867	0.685133	4.852925
7734	-3805.832	-3951.235	145.403	0.7887848	0.5793651	0.26982	0.73018	5.835329
7740	-3800.424	-3946.416	145.9917	0.9114758	0.6969147	0.380999	0.619001	5.354757
7746	-3805.032	-3950.743	145.7107	0.9760724	0.8776616	0.33022	0.66978	5.354757
7752	-3806.264	-3952.694	146.4293	0.9272046	0.8485621	0.456742	0.543258	5.002059
7758	-3812.808	-3958.094	145.2866	0.849742	1.004035	0.417388	0.582612	5.584843
7764	-3815.747	-3963.053	147.3065	1.002626	0.6518071	0.442406	0.557594	4.606702
7770	-3811.75	-3957.45	145.7005	0.9214619	0.8819065	0.327604	0.672396	5.387926
7776	-3803.881	-3951.455	147.5741	1.017321	0.9925174	0.376133	0.623867	4.223353
7782	-3802.294	-3947.675	145.3813	0.9367963	0.9395909	0.31189	0.68811	5.52116
7788	-3798.899	-3944.991	146.0921	0.8910772	0.7914274	0.405808	0.594192	5.245651
7794	-3817.019	-3962.869	145.8504	0.9725859	0.887313	0.373108	0.626892	5.27376
7800	-3826.81	-3974.784	147.9737	1.082614	1.049981	0.351841	0.648159	3.926109
7806	-3822.721	-3971.153	148.4321	1.047365	0.8102353	0.33401	0.66599	3.82902
7812	-3806.586	-3951.996	145.4092	0.9054233	0.7162666	0.365455	0.634545	5.664675
7818	-3810.404	-3956.635	146.2305	0.8348838	0.7162666	0.259242	0.740758	5.251421
7824	-3802.406	-3948.05	145.6441	0.8700325	0.7814628	0.425129	0.574871	5.510736
7830	-3809.82	-3953.455	143.6348	0.8352447	0.9253778	0.409808	0.590192	6.537091
7836	-3805.835	-3951.836	146.002	0.8104421	0.8529731	0.353493	0.646507	5.300623
7842	-3803.605	-3949.037	145.4311	0.8385608	0.6785368	0.362271	0.637729	5.716334
7848	-3803.987	-3948.383	144.396	0.8182548	0.7059431	0.378958	0.621042	6.272449
7854	-3817.178	-3960.834	143.6556	0.8156849	0.8636189	0.375728	0.624272	6.572765
7860	-3818.007	-3963.848	145.8409	0.8113084	0.8636189	0.467078	0.532922	5.382424
7866	-3817.719	-3962.673	144.9546	0.8510037	0.8605099	0.368473	0.631527	5.84902
7872	-3811.121	-3956.096	144.9752	0.8786088	0.9612617	0.399061	0.600939	5.763508
7878	-3805.008	-3950.648	145.64	0.9619611	0.8854853	0.3414	0.6586	5.39679
7884	-3818.666	-3963.211	144.5446	0.8033772	0.6711721	0.276344	0.723656	6.224661
7890	-3802.391	-3947.531	145.14	0.8683763	0.7517647	0.29766	0.70234	5.807959
7896	-3803.015	-3947.97	144.9547	0.8935959	0.6619261	0.371023	0.628977	5.958918
7902	-3810.335	-3955.831	145.4963	0.8906736	0.7841291	0.424708	0.575292	5.578855
7908	-3807.819	-3953.054	145.2347	0.840454	0.8490632	0.390316	0.609684	5.708514
7914	-3806.971	-3951.263	144.2925	0.840454	0.8490632	0.448771	0.551229	6.222758
7920	-3814.799	-3961.535	146.7367	0.9999152	0.968676	0.397354	0.602646	4.718228
7926	-3809.774	-3955.674	145.9003	0.796513	0.8307231	0.406345	0.593655	5.37832
7932	-3804.656	-3950.685	146.0294	0.9643017	0.9329251	0.435909	0.564091	5.152275
7938	-3813.641	-3959.574	145.9322	0.9753116	0.8020016	0.317024	0.682976	5.280495
7944	-3812.134	-3957.521	145.3868	0.8836123	1.128809	0.400421	0.599579	5.445706
7950	-3798.261	-3944.182	145.9208	0.9187329	0.9489208	0.437244	0.562756	5.228309
7956	-3795.08	-3939.702	144.6221	0.8414543	1.088054	0.410475	0.589525	5.908764
7962	-3798.59	-3944.098	145.5087	0.8414543	0.8599733	0.387023	0.612977	5.550864
7968	-3813.23	-3959.865	146.6349	0.9370104	0.8875384	0.380848	0.619152	4.85813
7974	-3806.508	-3951.473	144.9646	0.8767889	1.012786	0.319236	0.680764	5.741818
7980	-3818.164	-3963.175	145.0108	0.8569038	0.8290854	0.388993	0.611007	5.834529
7986	-3804.049	-3949.055	145.0057	0.9325184	0.7694242	0.462854	0.537146	5.834529
7992	-3810.48	-3955.455	144.9743	0.7532674	0.9406219	0.430588	0.569412	5.844307
7998	-3805.715	-3950.705	144.9898	0.8186038	0.9308622	0.2107	0.7893	5.805686
8004	-3800.324	-3945.578	145.2535	0.7842585	1.070615	0.40376	0.59624	5.603381
8010	-3801.554	-3945.483	143.9292	0.7867848	0.8790495	0.420832	0.579168	6.430982
8016	-3810	-3952.786	142.7863	0.777827	0.9012265	0.379187	0.620813	7.040029
8022	-3806.327	-3952.548	146.2207	0.9212797	0.822594	0.335463	0.664537	5.137534
8028	-3807.036	-3954.043	147.0069	1.028918	0.849557	0.417363	0.582637	4.622371
8034	-3804.891	-3951.928	147.0371	0.9972866	0.7280061	0.430474	0.569526	4.704474
8040	-3803.102	-3947.616	144.5147	0.8126887	0.8898519	0.408884	0.591116	6.092312
8046	-3804.772	-3950.303	145.5307	0.8126887	0.747444	0.383306	0.616694	5.627333
8052	-3804.114	-3951.312	147.1987	1.05803	0.6849138	0.372932	0.627068	4.611156
8058	-3808.435	-3953.968	145.5331	1.022729	0.7604053	0.372932	0.627068	5.501858
8064	-3809.659	-3953.962	144.3036	0.7065793	0.9258779	0.449449	0.550551	6.243844
8070	-3798.491	-3944.832	146.341	0.962368	0.8891649	0.333321	0.666679	5.006528
8076	-3805.18	-3950.475	145.295	0.8266613	0.8891649	0.333321	0.666679	5.658627
8082	-3798.196	-3943.336	145.1394	0.831542	0.6067378	0.389916	0.610084	5.934073
8088	-3798.443	-3944.463	146.0201	0.9442056	0.8970399	0.394384	0.605616	5.189745
8094	-3791.479	-3937.833	146.3535	0.8757534	0.7591355	0.324437	0.675563	5.131046
8100	-3806.466	-3952.925	146.4591	0.8690011	0.6816392	0.327428	0.672572	5.131046
8106	-3798.446	-3944.052	145.6059	0.7744909	0.9069904	0.330378	0.669622	5.505907
8112	-3805.714	-3950.321	144.6069	0.8774183	0.9148568	0.381521	0.618479	5.992038
8118	-3802.615	-3946.744	144.1294	0.7591821	0.9467074	0.346484	0.653516	6.298023
8124	-3805.724	-3952.188	146.4644	0.8833844	0.912483	0.37832	0.62168	4.96785
8130	-3813.474	-3959.28	145.8058	0.9712329	0.8606345	0.389651	0.610349	5.315422
8136	-3803.056	-3948.192	145.1355	0.7732424	0.7742157	0.35137	0.64863	5.847449
8142	-3798.004	-3943.587	145.5823	0.9185333	0.6080633	0.321387	0.678613	5.643033
8148	-3805.429	-3951.469	146.0406	0.8884963	1.101606	0.44155	0.55845	5.095659
8154	-3811.388	-3957.641	146.2528	0.8943369	0.8851835	0.420113	0.579887	5.095659
8160	-3811.089	-3956.549	145.4608	0.9526561	0.7375145	0.394879	0.605121	5.595679
8166	-3812.545	-3958.671	146.1255	1.052136	0.7371903	0.318056	0.681944	5.174691
8172	-3821.874	-3968.602	146.7284	0.9861392	0.7667465	0.33661	0.66339	4.856202
8178	-3809.229	-3954.75	145.5211	0.9041594	0.8649839	0.358578	0.641422	5.506501
8184	-3803.284	-3950.977	147.6935	0.9397064	0.7237755	0.358578	0.641422	4.370951
8190	-3809.131	-3955.46	146.3283	1.138541	0.9666868	0.312797	0.687203	4.869946
8196	-3805.125	-3951.779	146.6543	1.026904	0.9141103	0.425491	0.574509	4.781126
8202	-3819.998	-3965.504	145.5061	0.9082766	1.161522	0.425491	0.574509	5.3501
8208	-3812.317	-3958.035	145.7184	0.9133458	0.9366699	0.41893	0.58107	5.3501
8214	-3809.902	-3955.596	145.6944	0.9676118	0.9082034	0.298672	0.701328	5.3501
8220	-3801.013	-3948.502	147.4881	1.035839	0.6382525	0.392288	0.607712	4.496577
8226	-3805.108	-3953.384	148.2761	1.059707	0.7084194	0.366851	0.633149	3.983043
8232	-3801.702	-3946.936	145.2339	0.8777604	0.7613631	0.328002	0.671998	5.744979
8238	-3805.911	-3951.354	145.4432	0.872653	0.8743477	0.361193	0.638807	5.560971
8244	-3808.869	-3956	147.131	1.035245	0.6921607	0.264085	0.735915	4.656472
8250	-3803.688	-3949.714	146.0258	0.9922966	0.7277264	0.348803	0.651197	5.269477
8256	-3804.087	-3950.567	146.4803	0.9174507	0.7410702	0.383149	0.616851	5.050002
8262	-3811.642	-3957.183	145.5408	0.9872605	0.7404182	0.318109	0.681891	5.530723
8268	-3803.758	-3949.038	145.2794	0.8754468	0.7404182	0.320427	0.679573	5.735507
8274	-3816.426	-3961.857	145.4311	0.8306623	0.5844072	0.344019	0.655981	5.792938
8280	-3818.668	-3963.981	145.3125	0.9197282	0.5737617	0.317654	0.682346	5.817812
8286	-3806.647	-3951.925	145.2777	0.6832958	0.6170552	0.317654	0.682346	5.931469
8292	-3808.941	-3955.588	146.6463	1.035775	0.8098313	0.319162	0.680838	4.845661
8298	-3808.014	-3953.173	145.1586	1.030162	0.8687318	0.377405	0.622595	5.634135
8304	-3801.77	-3947.832	146.0624	0.9333373	0.8518776	0.326995	0.673005	5.200013
8310	-3812.672	-3960.566	147.8935	0.9970692	0.8329144	0.386827	0.613173	4.150652
8316	-3811.084	-3958.859	147.7745	1.058513	0.8562336	0.395968	0.604032	4.168332
8322	-3816.839	-3963.31	146.4712	0.9068466	0.5112756	0.431597	0.568403	5.241556
8328	-3818	-3964.101	146.1013	0.9259632	0.8731558	0.331537	0.668463	5.16937
8334	-3817.774	-3964.189	146.4155	1.018746	0.6919322	0.347264	0.652736	5.064663
8340	-3817.892	-3964.865	146.9735	1.078623	0.8975309	0.3051	0.6949	4.583461
8346	-3806.932	-3954.021	147.0886	0.9787905	0.7658148	0.357874	0.642126	4.659701
8352	-3803.708	-3949.456	145.7476	0.8936155	1.154062	0.369085	0.630915	5.22849
8358	-3804.731	-3950.778	146.0475	0.9302878	0.8278236	0.384798	0.615202	5.225065
8364	-3816.356	-3963.897	147.5416	0.8779003	0.5564917	0.458982	0.541018	4.622267
8370	-3800.005	-3944.662	144.6571	0.8052682	0.7330984	0.357685	0.642315	6.118673
8376	-3806.667	-3951.889	145.2217	0.8856758	0.7330984	0.362615	0.637385	5.766528
8382	-3810.03	-3957.2	147.1694	1.04526	0.6911789	0.334218	0.665782	4.630098
8388	-3806.123	-3952.9	146.7768	1.044876	0.6984144	0.344532	0.655468	4.844477
8394	-3814.306	-3960.244	145.9383	1.013057	0.887641	0.259151	0.740849	5.202572
8400	-3806.537	-3953.251	146.7134	0.9164412	0.887641	0.497568	0.502432	4.825744
8406	-3810.046	-3956.899	146.8523	0.9620867	0.8825428	0.396322	0.603678	4.725806
8412	-3809.713	-3954.89	145.1774	0.9128496	0.910158	0.349497	0.650503	5.663405
8418	-3813.9	-3959.054	145.1538	1.058241	0.8149452	0.446903	0.553097	5.65494
8424	-3814.521	-3961.791	147.2707	0.9630577	1.040344	0.396817	0.603183	4.398903
8430	-3815.615	-3960.359	144.744	0.8396736	0.9149231	0.342788	0.657212	5.937787
8436	-3813.091	-3957.856	144.7658	0.8430488	0.8915628	0.418169	0.581831	5.937787
8442	-3812.875	-3958.027	145.1519	0.8162842	0.8915628	0.260152	0.739848	5.741279
8448	-3815.32	-3960.082	144.762	0.8310665	0.8152811	0.40769	0.59231	5.993256
8454	-3812.613	-3957.64	145.0276	0.8253051	0.8152811	0.338595	0.661405	5.851349
8460	-3818.204	-3964.59	146.3862	0.8659418	0.8199966	0.44643	0.55357	5.078125
8466	-3809.465	-3956.069	146.6032	0.8247467	0.6122944	0.308417	0.691583	5.128664
8472	-3810.083	-3955.479	145.396	0.8474444	0.6752585	0.398997	0.601003	5.733052
8478	-3809.122	-3956.928	147.8067	0.9656387	0.6986195	0.41923	0.58077	4.310643
8484	-3808.463	-3954.575	146.1122	1.024867	0.8420057	0.379811	0.620189	5.127935
8490	-3804.236	-3952.021	147.7851	0.998641	0.8420057	0.344028	0.655972	4.205413
8496	-3803.168	-3948.616	145.4475	0.9159865	0.8574685	0.344028	0.655972	5.545126
8502	-3800.241	-3944.43	144.1891	0.8490306	0.8248545	0.325632	0.674368	6.289302
8508	-3807.241	-3950.152	142.9103	0.6725112	0.8539923	0.382185	0.617815	7.058018
8514	-3808.89	-3953.354	144.4633	0.8571664	0.8036149	0.382185	0.617815	6.149259
8520	-3800.925	-3947.14	146.2147	0.8576744	0.7646249	0.405926	0.594074	5.21416
8526	-3800.685	-3948.043	147.3574	1.018837	0.7273546	0.443629	0.556371	4.513203
8532	-3799.245	-3946.175	146.9305	1.024337	0.8455771	0.413762	0.586238	4.670298
8538	-3800.345	-3946.258	145.9131	0.9273488	0.7677919	0.417005	0.582995	5.340124
8544	-3813.719	-3959.837	146.1176	0.8920382	0.63761	0.417005	0.582995	5.340124
8550	-3807.19	-3954.369	147.1784	0.9603194	0.7681042	0.246173	0.753827	4.618166
8556	-3805.251	-3951.819	146.5686	0.9971909	0.6692906	0.433726	0.566274	5.008341
8562	-3788.545	-3935.077	146.5316	0.9974456	0.6970368	0.299715	0.700285	5.008341
8568	-3792.604	-3938.102	145.4971	0.831498	0.8784637	0.318699	0.681301	5.551468
8574	-3796.834	-3941.295	144.4609	0.7948916	0.8606545	0.328281	0.671719	6.148848
8580	-3811.228	-3958.176	146.9481	1.15686	1.197298	0.328281	0.671719	4.390091
8586	-3794.31	-3940.595	146.2851	1.054573	0.8252681	0.411268	0.588732	5.026171
8592	-3790.182	-3936.7	146.5179	0.8557757	0.7961697	0.394957	0.605043	5.026171
8598	-3801.316	-3946.706	145.3899	0.8395346	0.7961697	0.412011	0.587989	5.657454
8604	-3796.614	-3942.728	146.114	0.9123793	0.8781619	0.429499	0.570501	5.166844
8610	-3801.681	-3947.091	145.4098	0.8124671	0.8314004	0.483017	0.516983	5.638904
8616	-3809.217	-3954.55	145.3328	0.7026412	0.8314004	0.395452	0.604548	5.741305
8622	-3804.345	-3948.809	144.4631	0.8040302	0.7942553	0.425456	0.574544	6.184253
8628	-3795.654	-3940.622	144.9675	0.8619413	0.6702889	0.40368	0.59632	5.963059
8634	-3789.731	-3934.332	144.6009	0.8479687	0.7337423	0.313074	0.686926	6.125603
8640	-3820.818	-3964.474	143.6567	0.7760833	1.149744	0.491915	0.508085	6.438778
8646	-3807.959	-3952.321	144.3626	0.8055334	0.9143609	0.343833	0.656167	6.164598
8652	-3805.95	-3951.757	145.8067	0.8893328	0.6078873	0.391152	0.608848	5.535982
8658	-3797.655	-3943.988	146.3329	0.9315586	0.9732773	0.308834	0.691166	4.978855
8664	-3802.819	-3949.934	147.1149	0.9315586	0.8630866	0.436825	0.563175	4.607891
8670	-3797.85	-3943.231	145.3809	0.9120312	0.9288529	0.447078	0.552922	5.541154
8676	-3788.17	-3934.127	145.9568	0.893008	0.7037416	0.379243	0.620757	5.379289
8682	-3803.349	-3950.323	146.9749	1.079842	0.9286493	0.418198	0.581802	4.563281
8688	-3794.352	-3942.264	147.9116	1.069891	0.795708	0.348841	0.651159	4.1236
8694	-3797.418	-3942.401	144.9826	0.8156185	0.9895971	0.414245	0.585755	5.778109
8700	-3790.1	-3935.614	145.5146	0.8812013	0.8774709	0.405113	0.594887	5.515094
8706	-3801.878	-3945.969	144.0913	0.7739321	0.8428248	0.359158	0.640842	6.371962
8712	-3789.627	-3934.513	144.8865	0.8126567	0.7105114	0.300102	0.699898	6.005327
8718	-3791.18	-3937.106	145.9268	0.8271119	0.6617935	0.334069	0.665931	5.462761
8724	-3798.029	-3942.713	144.6838	0.7335279	0.8631896	0.334142	0.665858	6.059346
8730	-3809.76	-3954.988	145.2289	0.8221029	0.8572559	0.341353	0.658647	5.716722
8736	-3805.202	-3949.942	144.7401	0.9518754	1.082698	0.390754	0.609246	5.786654
8742	-3813.245	-3960.057	146.8111	0.9379915	0.6740252	0.409892	0.590108	4.902844
8748	-3807.415	-3952.009	144.5935	0.7976533	1.049136	0.356943	0.643057	5.968533
8754	-3795.093	-3939.909	144.8159	0.8329462	0.9542624	0.372497	0.627503	5.879565
8760	-3799.265	-3945.865	146.6005	0.8525222	1.022756	0.388558	0.611442	4.846301
8766	-3803.372	-3948.272	144.8993	0.7801227	0.671409	0.346303	0.653697	6.04407
8772	-3796.555	-3942.262	145.7066	0.828231	0.7699554	0.41529	0.58471	5.50701
8778	-3799.518	-3945.226	145.7076	0.9436152	0.9938781	0.434568	0.565432	5.306973
8784	-3797.83	-3942.785	144.9551	0.8388768	1.037155	0.378269	0.621731	5.754672
8790	-3792.442	-3937.462	145.02	0.9015686	0.9120662	0.427671	0.572329	5.754672
8796	-3792.731	-3940.103	147.3718	1.113094	0.9051619	0.318604	0.681396	4.335087
8802	-3785.333	-3931.288	145.9554	0.9043704	0.9051619	0.324621	0.675379	5.242726
8808	-3795.175	-3941.195	146.0207	0.9752519	0.7231746	0.480551	0.519449	5.284938
8814	-3796.901	-3944.235	147.3341	1.042632	0.6548003	0.480551	0.519449	4.5665
8820	-3809.873	-3957.16	147.287	1.0156	0.7872052	0.397991	0.602009	4.513263
8826	-3803.41	-3949.537	146.1262	0.8237238	0.9556043	0.439527	0.560473	5.163398
8832	-3804.895	-3950.402	145.5075	0.8979857	0.9017443	0.458251	0.541749	5.495223
8838	-3802.976	-3949.475	146.4995	0.9951918	0.7457935	0.357399	0.642601	4.992935
8844	-3803.681	-3949.689	146.0079	0.8890721	0.8872013	0.350251	0.649749	5.232942
8850	-3801.626	-3945.636	144.0099	0.77301	0.8872013	0.341214	0.658786	6.389798
8856	-3812.205	-3957.238	145.0328	0.845809	0.7499545	0.398148	0.601852	5.880176
8862	-3804.68	-3950.211	145.5309	0.8725008	0.7549537	0.426038	0.573962	5.589295
8868	-3809.584	-3956.367	146.7833	0.9582363	0.9097182	0.431759	0.568241	4.750036
8874	-3806.08	-3952.408	146.3284	0.9574675	1.094269	0.44961	0.55039	4.901252
8880	-3798.762	-3945.393	146.6308	0.9869329	0.902493	0.315111	0.684889	4.823524
8886	-3800.197	-3946.799	146.6014	0.9673767	0.9486109	0.384445	0.615555	4.823524
8892	-3792.957	-3938.239	145.2822	0.8594749	0.6776833	0.329276	0.670724	5.787025
8898	-3788.835	-3934.262	145.4275	0.8520259	0.8025643	0.367163	0.632837	5.625873
8904	-3795.762	-3941.718	145.9563	0.8421985	0.7529991	0.326257	0.673743	5.373246
8910	-3801.494	-3948.838	147.3438	0.9789863	1.000415	0.370352	0.629648	4.370867
8916	-3801.345	-3947.986	146.6413	1.104267	0.9328824	0.320081	0.679919	4.734027
8922	-3789.846	-3937.645	147.7992	1.107277	0.9063494	0.415695	0.584305	4.095231
8928	-3791.469	-3937.049	145.5796	0.9320151	0.8682473	0.340766	0.659234	5.457008
8934	-3795.028	-3941.295	146.2664	0.9524556	0.8476811	0.343986	0.656014	5.079024
8940	-3800.178	-3944.948	144.7698	0.7910959	0.833521	0.432025	0.567975	5.999351
8946	-3801.696	-3947.819	146.1234	0.9524967	0.833521	0.345208	0.654792	5.167163
8952	-3805.735	-3951.652	145.9174	0.9360188	1.045322	0.424548	0.575452	5.167163
8958	-3808.712	-3955.672	146.9603	1.049984	0.7452415	0.413183	0.586817	4.705864
8964	-3799.367	-3946.872	147.5048	1.015299	0.7956484	0.360164	0.639836	4.385062
8970	-3797.133	-3943.204	146.0707	1.024142	0.7956484	0.390667	0.609333	5.181101
8976	-3797.391	-3943.18	145.7886	0.9388221	1.153495	0.30449	0.69551	5.181101
8982	-3811.142	-3957.355	146.2132	0.9187239	0.764802	0.321151	0.678849	5.181101
8988	-3803.208	-3950.678	147.4701	1.024533	0.9663289	0.392555	0.607445	4.293227
8994	-3805.09	-3951.548	146.4579	1.032671	1.076676	0.343913	0.656087	4.796362
9000	-3807.186	-3953.765	146.5795	1.082607	0.9064842	0.324023	0.675977	4.796362
9006	-3804.645	-3952.634	147.989	1.041885	0.7428803	0.313557	0.686443	4.132001
9012	-3799.764	-3946.833	147.0691	1.003371	0.7008515	0.342875	0.657125	4.702613
9018	-3802.452	-3949.335	146.8832	0.9638533	0.6594865	0.315006	0.684994	4.85921
9024	-3815.266	-3961.056	145.7902	0.8004463	0.7080115	0.388574	0.611426	5.518968
9030	-3810.646	-3956.226	145.5801	0.9353247	0.7680683	0.388574	0.611426	5.518968
9036	-3801.258	-3946.321	145.063	0.8531256	0.8760151	0.413729	0.586271	5.779135
9042	-3828.97	-3974.79	145.8204	0.8588607	1.026753	0.325081	0.674919	5.273471
9048	-3824.763	-3970.687	145.9239	0.936453	0.8540282	0.375989	0.624011	5.273471
9054	-3814.638	-3959.859	145.221	1.002268	1.365641	0.566115	0.433885	5.361017
9060	-3806.184	-3952.414	146.2295	0.9423771	1.269231	0.472593	0.527407	4.878714
9066	-3812.573	-3957.471	144.8984	0.8645614	1.087784	0.366682	0.633318	5.745181
9072	-3799.016	-3944.434	145.4179	0.8859633	0.803694	0.366148	0.633852	5.611735
9078	-3796.573	-3944.074	147.5004	1.135306	0.803694	0.298459	0.701541	4.314388
9084	-3798.991	-3944.023	145.0321	0.84233	0.9713075	0.427358	0.572642	5.746552
9090	-3796.969	-3942.23	145.2609	0.9110524	0.8236118	0.35596	0.64404	5.671368
9096	-3797.542	-3943.467	145.9258	0.8830091	0.776476	0.329077	0.670923	5.351799
9102	-3797.685	-3944.273	146.5883	0.8433827	0.8861138	0.329077	0.670923	4.937071
9108	-3811.417	-3958.101	146.6835	0.9345266	0.8231081	0.462707	0.537293	4.87274
9114	-3803.33	-3949.118	145.7875	0.7930831	0.79423	0.353002	0.646998	5.4658
9120	-3805.269	-3949.839	144.5698	0.8259131	0.7060104	0.428278	0.571722	6.173745
9126	-3796.79	-3941.14	144.35	0.7372545	0.8132966	0.286193	0.713807	6.269868
9132	-3794	-3941.197	147.1967	1.024105	0.8132966	0.425035	0.574965	4.541936
9138	-3794.088	-3940.741	146.6529	1.081384	0.835762	0.308114	0.691886	4.799846
9144	-3805.735	-3952.662	146.9268	0.9988126	0.9441879	0.385866	0.614134	4.626563
9150	-3807.909	-3953.042	145.1333	0.9147296	0.9267551	0.377628	0.622372	5.676836
9156	-3810.446	-3956.235	145.7893	0.9050713	1.05482	0.388385	0.611615	5.250058
9162	-3802.032	-3948.204	146.1724	0.8546259	0.7486994	0.388385	0.611615	5.250058
9168	-3807.86	-3953.602	145.742	0.8426837	0.7343697	0.469292	0.530708	5.503756
9174	-3823.284	-3966.371	143.0865	0.7223032	1.110119	0.412561	0.587439	6.795827
9180	-3817.735	-3962.851	145.1161	0.784663	0.8487031	0.337974	0.662026	5.804213
9186	-3825.166	-3970.739	145.5731	0.8667639	1.136318	0.394808	0.605192	5.348542
9192	-3823.005	-3968.99	145.9855	0.8842503	0.7129696	0.328437	0.671563	5.361738
9198	-3817.441	-3963.571	146.1304	0.9332407	0.9273908	0.372739	0.627261	5.116776
9204	-3806.012	-3952.191	146.1789	0.8913557	1.038649	0.302766	0.697234	5.050569
9210	-3804.006	-3949.391	145.3844	0.8535094	1.058699	0.372993	0.627007	5.499663
9216	-3802.854	-3948.342	145.4873	0.9528225	0.8798084	0.326541	0.673459	5.489321
9222	-3805.201	-3951.84	146.6394	0.8683654	0.5942985	0.405662	0.594338	5.098849
9228	-3804.562	-3949.581	145.0191	0.8393138	0.7681867	0.373386	0.626614	5.878975
9234	-3802.738	-3948.376	145.6372	0.9379079	0.8153292	0.337657	0.662343	5.455203
9240	-3816.588	-3960.133	143.5448	0.8634597	0.7602431	0.314782	0.685218	6.672206
9246	-3816.161	-3961.888	145.7266	0.8735611	0.6999306	0.314782	0.685218	5.519455
9252	-3815.097	-3960.812	145.7147	0.8564529	0.7225306	0.43055	0.56945	5.519455
9258	-3807.121	-3951.601	144.4806	0.727389	0.6787199	0.371236	0.628764	6.295294
9264	-3803.031	-3947.775	144.744	0.7900355	0.7941143	0.32851	0.67149	6.039023
9270	-3800.23	-3946.587	146.3569	0.842323	0.6892385	0.372628	0.627372	5.196823
9276	-3806.643	-3952.801	146.1576	0.8932715	0.7909285	0.28975	0.71025	5.208504
9282	-3803.587	-3949.431	145.8441	0.930611	0.7909285	0.351397	0.648603	5.361046
9288	-3815.745	-3961.677	145.9319	0.8651998	0.7392389	0.367541	0.632459	5.383449
9294	-3814.2	-3961.254	147.054	1.055006	1.170288	0.421629	0.578371	4.401231
9300	-3813.06	-3958.21	145.149	0.8451081	0.9921467	0.360149	0.639851	5.66938
9306	-3821.522	-3966.624	145.1018	0.8451081	1.039968	0.445018	0.554982	5.66938
9312	-3798.999	-3945.43	146.4312	0.9552887	0.7523075	0.427169	0.572831	5.048542
9318	-3800.484	-3946.82	146.3362	1.06929	0.7369948	0.348911	0.651089	5.048542
9324	-3805.062	-3951.95	146.888	0.9956091	0.8891027	0.423679	0.576321	4.683035
9330	-3797.579	-3944.861	147.282	1.049576	0.7984501	0.309246	0.690754	4.489434
9336	-3807.544	-3953.923	146.3789	1.087392	0.7985727	0.32466	0.67534	4.973162
9342	-3796.183	-3940.891	144.7086	0.7806241	0.8118487	0.370629	0.629371	6.052053
9348	-3802.33	-3945.802	143.4713	0.8471645	0.9903325	0.33942	0.66058	6.582854
9354	-3806.44	-3952.257	145.8174	0.9291343	0.7758322	0.364233	0.635767	5.386565
9360	-3800.443	-3946.648	146.2053	0.8635104	0.8105463	0.328635	0.671365	5.185808
9366	-3798.396	-3944.069	145.673	0.9819951	0.8579561	0.380002	0.619998	5.38435
9372	-3793.893	-3939.106	145.2131	0.8520515	0.9668182	0.375086	0.624914	5.644566
9378	-3794.116	-3939.518	145.4022	0.922993	0.7368975	0.402867	0.597133	5.644566
9384	-3803.134	-3949.059	145.9251	0.9011375	0.7574635	0.328554	0.671446	5.354956
9390	-3805.436	-3950.544	145.1082	0.9732592	0.9258878	0.506126	0.493874	5.659004
9396	-3802.957	-3949.922	146.9644	1.052244	0.8928619	0.456008	0.543992	4.606196
9402	-3810.287	-3957.363	147.0767	0.9464078	0.7656584	0.352712	0.647288	4.684595
9408	-3802.821	-3949.413	146.5925	0.8988957	0.8514843	0.33903	0.66097	4.925242
9414	-3795.414	-3941.442	146.0286	0.9094587	0.8514843	0.41624	0.58376	5.232122
9420	-3791.126	-3937.13	146.0039	0.9678836	0.8514843	0.371677	0.628323	5.213486
9426	-3807.34	-3953.297	145.957	0.8917773	0.8514843	0.377643	0.622357	5.281463
9432	-3825.227	-3971.696	146.4685	1.067692	0.864206	0.305625	0.694375	4.892336
9438	-3825.479	-3972.482	147.0034	0.967537	1.107201	0.398044	0.601956	4.511203
9444	-3811.362	-3957.9	146.5377	0.8982036	0.7192827	0.421727	0.578273	5.044101
9450	-3802.681	-3948.06	145.3791	0.832791	1.013893	0.436413	0.563587	5.537921
9456	-3802.958	-3949.837	146.879	0.8903421	0.8363085	0.446346	0.553654	4.779896
9462	-3806.478	-3953.342	146.8641	0.9808785	0.8221813	0.375184	0.624816	4.746736
9468	-3803.032	-3950.718	147.6858	1.020876	0.9217271	0.326564	0.673436	4.19943
9474	-3805.06	-3951.426	146.3668	0.9371358	0.7746603	0.326564	0.673436	5.079194
9480	-3797.641	-3942.733	145.0918	0.926427	0.9013679	0.345716	0.654284	5.708047
9486	-3798.34	-3944.471	146.131	0.99833	0.9013679	0.382305	0.617695	5.095774
9492	-3789.962	-3936.404	146.4419	0.9035352	0.8761739	0.332008	0.667992	4.991099
9498	-3786.202	-3932.645	146.4426	0.9579601	0.8272255	0.34471	0.65529	4.991099
9504	-3795.842	-3942.442	146.6	0.9493904	0.7950128	0.351653	0.648347	4.929295
9510	-3815.048	-3962.326	147.2787	0.9638479	0.8558177	0.292582	0.707418	4.502309
9516	-3803.765	-3949.188	145.4226	0.8831416	0.6957548	0.343394	0.656606	5.684075
9522	-3806.521	-3951.338	144.8167	0.8945762	0.9905618	0.383831	0.616169	5.825147
9528	-3804.293	-3949.249	144.9563	0.7936603	0.8384488	0.46686	0.53314	5.893052
9534	-3817.363	-3962.91	145.5465	0.9861847	0.9018532	0.373957	0.626043	5.425158
9540	-3808.731	-3952.67	143.9393	0.782967	0.7607548	0.311698	0.688302	6.501934
9546	-3805.632	-3950.788	145.156	0.8744697	0.9165135	0.405926	0.594074	5.692447
9552	-3810.355	-3955.517	145.1624	0.7769114	0.9731916	0.445676	0.554324	5.709978
9558	-3805.88	-3951.212	145.3321	0.8687874	0.740892	0.385964	0.614036	5.709978
9564	-3805.078	-3950.558	145.4797	0.8536028	0.7553398	0.348378	0.651622	5.627556
9570	-3813.631	-3959.148	145.5166	0.8533707	0.7578179	0.340958	0.659042	5.605746
9576	-3796.5	-3942.271	145.7712	0.8346446	0.81326	0.376594	0.623406	5.43957
9582	-3796.871	-3942.649	145.7779	0.8735901	0.81326	0.376594	0.623406	5.414461
9588	-3807.43	-3954.083	146.6526	0.9145022	0.7992598	0.297703	0.702297	4.91661
9594	-3820.9	-3967.139	146.2398	0.9770432	1.012946	0.327293	0.672707	4.983134
9600	-3800.833	-3948.571	147.7375	1.007972	0.8452865	0.316883	0.683117	4.225056
9606	-3806.662	-3954.306	147.6437	1.111789	0.7391297	0.424529	0.575471	4.290935
9612	-3794.088	-3940.086	145.9976	0.8926487	0.7408876	0.412608	0.587392	5.330974
9618	-3815.392	-3962.125	146.7333	0.7262921	0.8831541	0.313548	0.686452	4.923354
9624	-3800.477	-3946.14	145.6632	0.8577416	0.8534711	0.356518	0.643482	5.460994
9630	-3804.326	-3949.654	145.328	0.8031305	0.6505591	0.309944	0.690056	5.812885
9636	-3801.743	-3948.456	146.7138	0.8778185	0.8527037	0.288551	0.711449	4.868686
9642	-3804.44	-3949.882	145.4423	0.844034	0.7410821	0.438021	0.561979	5.662994
9648	-3808.362	-3954.436	146.0738	0.832379	0.7410821	0.36807	0.63193	5.322023
9654	-3809.8	-3955.844	146.0438	0.8211973	0.7097923	0.374814	0.625186	5.366631
9660	-3807.457	-3952.99	145.5331	0.8169292	0.8770281	0.357516	0.642484	5.540544
9666	-3815.894	-3961.509	145.6141	0.7620611	1.083541	0.34711	0.65289	5.41058
9672	-3805.423	-3949.67	144.2467	0.7846513	0.834288	0.337399	0.662601	6.287113
9678	-3811.426	-3957.211	145.7858	0.8668263	0.7338489	0.321787	0.678213	5.466761
9684	-3806.37	-3952.183	145.8127	0.8570867	0.7530826	0.29973	0.70027	5.44414
9690	-3806.411	-3952.657	146.2461	0.8760218	0.9900077	0.354339	0.645661	5.048495
9696	-3794.718	-3939.76	145.0424	0.8596973	0.7482132	0.396626	0.603374	5.868516
9702	-3800.362	-3945.765	145.4036	0.8183124	0.7733195	0.346688	0.653312	5.676578
9708	-3797.707	-3942.911	145.2037	0.8046156	0.6396879	0.437082	0.562918	5.888202
9714	-3803.969	-3948.893	144.9244	0.8173941	0.9350495	0.361908	0.638092	5.839711
9720	-3815.525	-3959.023	143.4981	0.7494335	0.9294003	0.39328	0.60672	6.655194
9726	-3816.268	-3959.87	143.6016	0.7264436	1.019717	0.403362	0.596638	6.561809
9732	-3812.766	-3956.566	143.8001	0.829728	0.6579608	0.319779	0.680221	6.62372
9738	-3805.719	-3951.724	146.0056	0.7121272	0.7071855	0.436925	0.563075	5.449608
9744	-3817.723	-3961.712	143.9885	0.7976174	0.8534303	0.40076	0.59924	6.408396
9750	-3805.608	-3949.623	144.0153	0.7446735	0.7418368	0.43101	0.56899	6.494197
9756	-3800.347	-3944.832	144.4847	0.7628728	0.881465	0.297744	0.702256	6.140761
9762	-3795.842	-3940.618	144.7757	0.7531901	0.8566729	0.402429	0.597571	6.002481
9768	-3793.988	-3938.988	144.9998	0.8749684	0.9167761	0.377277	0.622723	5.777538
9774	-3791.668	-3937.346	145.6775	0.8968766	0.6527863	0.307585	0.692415	5.56823
9780	-3797.218	-3942.069	144.851	0.8784924	0.5589954	0.272089	0.727911	6.10438
9786	-3805.962	-3950.48	144.5179	0.8005268	0.8135206	0.342447	0.657553	6.144046
9792	-3807.321	-3953.537	146.2163	0.8756322	0.7604329	0.367959	0.632041	5.206192
9798	-3797.81	-3944.173	146.3631	1.050517	0.8173544	0.349097	0.650903	4.99018
9804	-3800.426	-3947.684	147.2576	0.9964145	0.7268409	0.309968	0.690032	4.582251
9810	-3793.755	-3940.346	146.5906	0.9689822	0.7268409	0.358978	0.641022	4.97004
9816	-3791.085	-3938.417	147.3316	0.9599152	0.5912984	0.323293	0.676707	4.664718
9822	-3794.885	-3942.047	147.1627	0.9576932	0.7162427	0.323834	0.676166	4.664718
9828	-3806.642	-3951.316	144.6744	0.8856995	0.7162427	0.369863	0.630137	6.077074
9834	-3799.819	-3945.801	145.982	0.8821953	0.7943599	0.356223	0.643777	5.309402
9840	-3797.012	-3942.82	145.8075	0.8682859	0.7486192	0.296221	0.703779	5.443826
9846	-3801.433	-3947.262	145.829	0.8310074	0.9572226	0.435853	0.564147	5.322679
9852	-3795.34	-3942.237	146.8967	0.9032586	0.8678323	0.386711	0.613289	4.742929
9858	-3801.776	-3948.404	146.6284	0.8883994	0.9725154	0.404756	0.595244	4.838812
9864	-3799.698	-3946.197	146.499	1.011874	0.9725154	0.404756	0.595244	4.842112
9870	-3796.192	-3942.246	146.0537	0.9920398	0.9725154	0.354959	0.645041	5.100696
9876	-3799.734	-3945.695	145.961	0.9277928	0.838917	0.357368	0.642632	5.26724
9882	-3797.389	-3942.991	145.6017	0.9407792	0.9495758	0.382812	0.617188	5.391863
9888	-3802.887	-3949.647	146.7602	1.050837	1.071863	0.396326	0.603674	4.619601
9894	-3804.179	-3950.062	145.8836	1.014595	0.895332	0.425008	0.574992	5.22737
9900	-3805.727	-3951.095	145.3681	0.9762345	0.7302231	0.351211	0.648789	5.638649
9906	-3802.465	-3948.13	145.6654	0.8988137	0.8141669	0.431168	0.568832	5.461916
9912	-3810.887	-3956.394	145.5074	0.9140108	0.8141669	0.253309	0.746691	5.540457
9918	-3803.163	-3948.39	145.2272	0.8438793	0.7466507	0.453399	0.546601	5.777159
9924	-3792.83	-3938.926	146.0955	0.9057314	0.817859	0.265248	0.734752	5.218473
9930	-3792.482	-3938.485	146.003	0.947041	0.8667119	0.531495	0.468505	5.216082
9936	-3792.566	-3937.596	145.0298	0.7920708	0.8173732	0.399938	0.600062	5.867008
9942	-3801.743	-3946.597	144.8543	0.8017247	0.8726736	0.355137	0.644863	5.923328
9948	-3796.429	-3942.676	146.2478	0.9080221	0.7243795	0.321594	0.678406	5.195719
9954	-3793.439	-3938.532	145.0928	0.7692586	0.7365042	0.321594	0.678406	5.898372
9960	-3798.322	-3944.37	146.0479	0.9828469	0.7379622	0.426775	0.573225	5.255369
9966	-3797.589	-3944.521	146.9319	1.008403	0.8666457	0.297967	0.702033	4.665175
9972	-3789.606	-3935.911	146.3049	0.9381281	0.7550646	0.304102	0.695898	5.126179
9978	-3807.11	-3954.031	146.9217	0.9794825	0.8630475	0.390778	0.609222	4.689305
9984	-3801.673	-3948.802	147.1297	0.9865366	0.967349	0.390778	0.609222	4.506095
9990	-3798.116	-3944.748	146.6318	0.8930795	0.880365	0.374829	0.625171	4.888717
9996	-3806.663	-3952.662	145.9993	0.9112662	0.989721	0.300783	0.699217	5.165882
10002	-3818.755	-3964.849	146.0943	0.8175172	0.7821413	0.3026	0.6974	5.291189
10008	-3821.036	-3964.455	143.4195	0.7745742	1.099584	0.261861	0.738139	6.592925
10014	-3824.566	-3969.084	144.5175	0.7387528	1.099584	0.361968	0.638032	6.016061
10020	-3815.936	-3961.958	146.0224	0.9805842	0.8944312	0.303332	0.696668	5.169929
10026	-3820.607	-3966.764	146.1576	0.9605442	0.8027015	0.332648	0.667352	5.163581
10032	-3821.633	-3966.937	145.304	0.9054945	1.03295	0.322553	0.677447	5.528977
10038	-3799.241	-3943.197	143.9561	0.8514484	0.8212876	0.390195	0.609805	6.416652
10044	-3796.711	-3943.09	146.3788	0.8618171	0.7635156	0.31373	0.68627	5.121793
10050	-3803.742	-3947.504	143.7617	0.7597897	0.7771636	0.38829	0.61171	6.599843
10056	-3810.998	-3955.268	144.2704	0.8574691	0.7593662	0.350989	0.649011	6.282864
10062	-3817.653	-3964.375	146.7219	0.9844053	0.8044441	0.235233	0.764767	4.835704
10068	-3817.656	-3964.453	146.7969	1.040491	0.8575319	0.486821	0.513179	4.72848
10074	-3806.595	-3952.675	146.0798	0.9335371	1.046442	0.357297	0.642703	5.077929
10080	-3799.98	-3946.727	146.7473	0.9742717	0.7446398	0.390986	0.609014	4.867498
10086	-3806.555	-3952.996	146.4407	0.9557583	0.8938389	0.343062	0.656938	4.951974
10092	-3818.98	-3965.293	146.3135	0.9132685	0.7833346	0.381169	0.618831	5.116163
10098	-3804.126	-3950.716	146.5902	1.007117	0.822409	0.446598	0.553402	4.884773
10104	-3807.366	-3953.353	145.9875	0.7994898	0.6862163	0.35052	0.64948	5.426563
10110	-3805.452	-3950.825	145.3739	0.8395353	0.7613918	0.280997	0.719003	5.689224
10116	-3802.754	-3948.503	145.7487	0.870586	0.878143	0.431312	0.568688	5.391684
10122	-3805.794	-3950.963	145.1695	0.8465308	0.843063	0.431312	0.568688	5.744621
10128	-3806.216	-3951.57	145.3535	0.8018866	0.843063	0.451066	0.548934	5.668251
10134	-3815.757	-3960.902	145.1445	0.9314553	1.007052	0.337623	0.662377	5.616304
10140	-3805.042	-3951.068	146.0261	0.8521767	0.7845035	0.318339	0.681661	5.308129
10146	-3798.961	-3945.25	146.2895	0.9155829	0.8912842	0.334766	0.665234	5.059814
10152	-3797.757	-3944	146.2435	0.9533703	0.7903049	0.28936	0.71064	5.128139
10158	-3800.972	-3947.437	146.4652	0.882716	0.7342086	0.358441	0.641559	5.082442
10164	-3797.846	-3943.4	145.5545	0.8520892	0.904324	0.420266	0.579734	5.493065
10170	-3805.169	-3948.727	143.5572	0.6492085	0.7530461	0.31595	0.68405	6.786017
10176	-3807.694	-3952.777	145.0836	0.7552438	0.8952708	0.347653	0.652347	5.809861
10182	-3798.314	-3943.418	145.104	0.91763	0.9284967	0.291685	0.708315	5.690305
10188	-3798.875	-3944.699	145.8241	0.8722967	0.7840895	0.379765	0.620235	5.408727
10194	-3796.589	-3942.324	145.7353	0.8632651	0.6799855	0.335962	0.664038	5.534787
10200	-3802.09	-3947.097	145.0076	0.8357823	0.7037139	0.428503	0.571497	5.931372
10206	-3808.551	-3953.634	145.0829	0.7430842	0.7172177	0.428503	0.571497	5.931372
10212	-3811.841	-3956.78	144.9399	0.8364359	0.7568326	0.311048	0.688952	5.931372
10218	-3810.251	-3955.077	144.826	0.8482286	0.8155335	0.434954	0.565046	5.948836
10224	-3807.671	-3952.923	145.2521	0.9514978	0.8924358	0.371336	0.628664	5.611679
10230	-3805.712	-3950.199	144.4876	0.8706202	0.8281776	0.329831	0.670169	6.113145
10236	-3802.477	-3947.834	145.3569	0.8534221	1.150427	0.441586	0.558414	5.467979
10242	-3810.255	-3955.856	145.6017	0.7185043	0.8165015	0.335973	0.664027	5.594555
10248	-3803.725	-3949.388	145.6628	0.7845343	0.7124436	0.441717	0.558283	5.594555
10254	-3805.155	-3950.392	145.2363	0.8053001	1.083489	0.508649	0.491351	5.594555
10260	-3814.25	-3958.239	143.9897	0.8467746	0.9757613	0.481973	0.518027	6.310017
10266	-3803.198	-3948.415	145.2165	0.85098	0.8229736	0.397318	0.602682	5.729053
10272	-3820.833	-3965.558	144.725	0.9537177	0.8077957	0.407383	0.592617	5.951301
10278	-3815.491	-3961.388	145.897	1.005076	0.7372207	0.308809	0.691191	5.326967
10284	-3810.209	-3955.887	145.6779	0.9704164	0.6641913	0.443354	0.556646	5.519062
10290	-3799.474	-3943.248	143.7742	0.8619043	0.9132616	0.284551	0.715449	6.454149
10296	-3798.065	-3943.533	145.4675	0.8775285	0.8145132	0.317256	0.682744	5.582224
10302	-3802.134	-3948.029	145.8952	0.8542364	0.893928	0.317256	0.682744	5.31037
10308	-3800.372	-3946.416	146.0437	0.8949364	0.746771	0.337864	0.662136	5.300212
10314	-3792.861	-3938.753	145.8916	0.9038937	0.8688019	0.303356	0.696644	5.300212
10320	-3793.705	-3937.974	144.2684	0.7893983	0.8984668	0.389682	0.610318	6.233898
10326	-3808.449	-3953.098	144.6489	0.8850439	0.8984668	0.351539	0.648461	5.974577
10332	-3803.15	-3947.879	144.7289	0.8496105	0.9117776	0.328172	0.671828	5.942401
10338	-3800.512	-3944.524	144.0115	0.853064	0.8821322	0.29762	0.70238	6.348539
10344	-3800.365	-3943.314	142.9488	0.8454164	0.9764077	0.374974	0.625026	6.873642
10350	-3802.632	-3948.29	145.6583	0.8783387	0.908253	0.461737	0.538263	5.419144
10356	-3805.68	-3951.505	145.8242	0.8824164	0.7599985	0.293148	0.706852	5.419144
10362	-3805.666	-3950.699	145.0337	0.8091761	0.9915754	0.330502	0.669498	5.752616
10368	-3798.809	-3944.481	145.6722	0.8706425	0.7534744	0.40212	0.59788	5.51372
10374	-3795.383	-3941.631	146.2481	1.007563	0.7534744	0.366696	0.633304	5.120248
10380	-3801.716	-3947.855	146.1391	0.8907291	0.7796433	0.324908	0.675092	5.227613
10386	-3800.849	-3946.537	145.6888	0.9290552	0.6069823	0.388256	0.611744	5.579682
10392	-3797.878	-3944.578	146.7002	1.145235	0.7118731	0.408141	0.591859	4.821538
10398	-3797.71	-3943.156	145.4456	0.9357415	0.6270968	0.406956	0.593044	5.693701
10404	-3788.254	-3933.986	145.7318	0.9099841	0.6745173	0.358345	0.641655	5.514997
10410	-3800.584	-3946.159	145.5745	0.8562022	0.8393443	0.296317	0.703683	5.519412
10416	-3802.141	-3948.177	146.036	0.9931669	0.6898526	0.292084	0.707916	5.290357
10422	-3807.012	-3952.647	145.6347	0.7568201	0.9249717	0.326327	0.673673	5.489202
10428	-3808.547	-3954.306	145.7595	1.016377	1.017544	0.473337	0.526663	5.225056
10434	-3800.42	-3948.08	147.6606	1.017403	0.767452	0.395016	0.604984	4.314974
10440	-3801.292	-3947.157	145.8651	0.9779713	0.9387252	0.405227	0.594773	5.232229
10446	-3800.745	-3946.181	145.4364	1.041191	0.8073094	0.324179	0.675821	5.513991
10452	-3798.39	-3945.805	147.4144	1.070248	0.9370133	0.479068	0.520932	4.3161
10458	-3799.201	-3945.989	146.789	0.960468	0.9560796	0.348984	0.651016	4.718323
10464	-3802.549	-3948.51	145.9606	0.8705729	0.9560796	0.329383	0.670617	5.228797
10470	-3807.733	-3953.714	145.9809	0.9708049	0.8437731	0.416177	0.583823	5.229396
10476	-3807.327	-3952.061	144.7338	0.769014	0.785208	0.455512	0.544488	6.061816
10482	-3807.307	-3951.936	144.6287	0.7698451	0.8759999	0.452539	0.547461	6.061816
10488	-3807.178	-3953.517	146.3387	0.9470658	0.8759999	0.464454	0.535546	5.024357
10494	-3799.787	-3946.063	146.2761	0.9154556	0.7316329	0.352974	0.647026	5.170859
10500	-3798.452	-3943.546	145.0937	0.8585288	1.017934	0.46455	0.53545	5.678273
10506	-3792.647	-3938.888	146.2409	0.9656801	0.6993844	0.398989	0.601011	5.185425
10512	-3794.254	-3940.996	146.7426	0.8919455	0.9717287	0.316575	0.683425	4.773554
10518	-3792.051	-3936.941	144.8901	0.7419316	0.8360995	0.370816	0.629184	5.958888
10524	-3804.391	-3949.966	145.5748	0.9118676	0.6397486	0.304011	0.695989	5.626257
10530	-3809.487	-3953.364	143.8766	0.8242074	1.015298	0.357163	0.642837	6.362168
10536	-3802.96	-3948.216	145.2561	0.8855943	0.938012	0.353885	0.646115	5.618969
10542	-3807.067	-3953.66	146.5933	0.8876069	0.975741	0.323823	0.676177	4.857001
10548	-3806.147	-3953.805	147.6578	1.114788	0.975741	0.373778	0.626222	4.130069
10554	-3808.583	-3954.145	145.5622	0.9946388	0.7203292	0.340839	0.659161	5.528842
10560	-3794.74	-3940.248	145.5075	0.9233087	0.8409632	0.467296	0.532704	5.518341
10566	-3802.128	-3949.342	147.2138	1.015541	0.8155743	0.394426	0.605574	4.535647
10572	-3789.859	-3935.914	146.0554	0.9538352	0.8733985	0.389338	0.610662	5.179208
10578	-3793.094	-3939.017	145.9237	0.9902818	0.8091696	0.375573	0.624427	5.272314
10584	-3791.023	-3937.846	146.8238	0.9687138	1.086623	0.295935	0.704065	4.622198
10590	-3794.289	-3941.079	146.7893	0.9459403	0.8245469	0.38513	0.61487	4.80648
10596	-3794.49	-3940.172	145.6821	1.026473	0.6699917	0.41371	0.58629	5.481603
10602	-3798.306	-3942.928	144.6217	0.9931393	1.047322	0.32972	0.67028	5.84727
10608	-3791.067	-3935.931	144.8638	0.8308619	1.047322	0.461119	0.538881	5.803621
10614	-3803.664	-3948.62	144.9563	0.9241225	0.732134	0.392311	0.607689	5.891322
10620	-3801.766	-3946.701	144.9353	0.9341715	0.7893585	0.305148	0.694852	5.859003
10626	-3794.052	-3941.324	147.2713	1.012331	1.022112	0.380079	0.619921	4.380805
10632	-3811.221	-3956.245	145.0243	0.8093766	0.7441616	0.367541	0.632459	5.908642
10638	-3799.593	-3945.923	146.33	0.8847685	0.7441616	0.381656	0.618344	5.149337
10644	-3807.863	-3952.468	144.6052	0.8244296	0.8357184	0.362166	0.637834	6.069498
10650	-3811.201	-3956.065	144.8643	0.8166436	0.6592132	0.362166	0.637834	6.052241
10656	-3805.381	-3950.053	144.6715	0.8188727	0.8106075	0.358494	0.641506	6.052241
10662	-3803.152	-3947.708	144.5555	0.8831115	0.7674348	0.44054	0.55946	6.108507
10668	-3800.293	-3944.973	144.6805	1.033966	1.116184	0.500507	0.499493	5.757245
10674	-3798.97	-3945.022	146.0517	1.029902	0.9933217	0.334191	0.665809	5.069082
10680	-3797.911	-3943.069	145.1582	0.8439536	0.9952474	0.305664	0.694336	5.663267
10686	-3798.346	-3944.631	146.2845	0.9364045	0.8732949	0.447914	0.552086	5.061999
10692	-3804.677	-3950.333	145.656	0.9491507	0.7658271	0.41274	0.58726	5.471106
10698	-3803.382	-3950.019	146.6364	0.990833	0.8117232	0.471581	0.528419	4.874977
10704	-3802.16	-3949.097	146.9375	0.990833	0.9765449	0.348739	0.651261	4.606353
10710	-3795.841	-3940.63	144.7888	0.8471792	0.8020824	0.348739	0.651261	5.978292
10716	-3804.834	-3949.558	144.7238	0.851213	0.8550494	0.393516	0.606484	5.978292
10722	-3813.518	-3959.906	146.3884	0.8735803	1.005682	0.407176	0.592824	4.962079
10728	-3800.918	-3946.192	145.2746	0.8401509	1.022524	0.358498	0.641502	5.586609
10734	-3797.926	-3943.393	145.467	0.7970596	0.8789104	0.394851	0.605149	5.586609
10740	-3793.22	-3938.116	144.8961	0.7323825	0.8789104	0.307652	0.692348	5.93464
10746	-3800.635	-3945.955	145.3199	0.7487373	0.9377548	0.381837	0.618163	5.659191
10752	-3792.017	-3936.733	144.7157	0.809825	0.8338869	0.349411	0.650589	6.018383
10758	-3798.755	-3944.466	145.7113	0.741301	0.8442758	0.326649	0.673351	5.504276
10764	-3797.752	-3942.727	144.9751	0.8658855	0.74276	0.440319	0.559681	5.90562
10770	-3804.919	-3950.522	145.6034	0.9355799	0.9368739	0.434206	0.565794	5.401126
10776	-3808.986	-3953.567	144.5813	0.9119239	1.084106	0.412633	0.587367	5.894575
10782	-3804.368	-3949.257	144.8887	0.7211621	0.764787	0.400249	0.599751	6.016903
10788	-3811.133	-3955.697	144.5638	0.833764	0.7326638	0.34653	0.65347	6.154269
10794	-3805.986	-3951.282	145.2951	0.8401166	0.965296	0.369403	0.630597	5.606962
10800	-3810.742	-3956.283	145.5413	0.7444149	0.8267857	0.438118	0.561882	5.606962
10806	-3814.754	-3959.241	144.4868	0.7534427	0.8376941	0.353211	0.646789	6.171421
10812	-3811.778	-3956.108	144.3304	0.8131004	0.8992094	0.365092	0.634908	6.186868
10818	-3829.286	-3972.87	143.5841	0.7534504	0.8484931	0.365092	0.634908	6.654276
10824	-3806.827	-3951.845	145.0179	0.8745063	1.047992	0.342289	0.657711	5.695004
10830	-3806.95	-3951.845	144.8954	0.8929444	0.6557886	0.342289	0.657711	5.996198
10836	-3806.558	-3952.349	145.7911	0.8089051	0.8251752	0.380271	0.619729	5.435219
10842	-3808.24	-3955.48	147.2403	1.105069	0.9340196	0.358591	0.641409	4.396544
10848	-3808.592	-3956.006	147.414	0.9663131	0.9340196	0.419155	0.580845	4.376816
10854	-3817.949	-3963.218	145.2689	0.8364904	0.8742889	0.36648	0.63352	5.676509
10860	-3808.828	-3953.078	144.25	0.7900219	0.7879307	0.429161	0.570839	6.311808
10866	-3791.346	-3936.463	145.1168	0.8454509	0.8162724	0.420462	0.579538	5.790918
10872	-3797.108	-3942.322	145.2144	0.8483431	0.733197	0.418025	0.581975	5.790918
10878	-3802.9	-3948.711	145.8105	0.885424	0.733197	0.332314	0.667686	5.443383
10884	-3805.753	-3952.446	146.6922	0.9504936	0.733197	0.375203	0.624797	4.919388
10890	-3817.402	-3964.286	146.8838	0.9756136	0.8128325	0.41451	0.58549	4.744743
10896	-3804.626	-3949.409	144.7827	0.8961168	0.8988278	0.355859	0.644141	5.895288
10902	-3790.76	-3937.308	146.5482	1.011051	0.8749378	0.422765	0.577235	4.872855
10908	-3802.57	-3949.782	147.2123	1.073739	0.6744337	0.317168	0.682832	4.602518
10914	-3803.798	-3948.957	145.1597	0.8740645	0.909472	0.290283	0.709717	5.694745
10920	-3795.9	-3939.979	144.0792	0.7850916	0.9014253	0.399376	0.600624	6.337285
10926	-3812.241	-3956.973	144.7319	0.8976472	0.9112082	0.265259	0.734741	5.914889
10932	-3806.512	-3953.129	146.6175	0.9248062	1.108	0.305145	0.694855	4.751072
10938	-3814.822	-3959.993	145.1702	0.9200332	1.056543	0.412809	0.587191	5.581922
10944	-3812.172	-3957.258	145.0863	0.9478526	0.6052501	0.398554	0.601446	5.900745
10950	-3809.295	-3955.461	146.1654	0.8670015	0.7458785	0.297807	0.702193	5.249049
10956	-3811.204	-3955.503	144.299	0.7449295	0.8573443	0.346769	0.653231	6.26609
10962	-3814.352	-3957.743	143.391	0.8177758	0.9684477	0.334897	0.665103	6.654181
10968	-3806.656	-3950.518	143.8621	0.7753567	0.8472271	0.329423	0.670577	6.492766
10974	-3805.108	-3950.624	145.5161	0.9645049	0.7309903	0.262501	0.737499	5.563304
10980	-3807.181	-3954.261	147.0807	0.958382	0.803638	0.375396	0.624604	4.650207
10986	-3812.416	-3958.356	145.94	0.9282686	0.8401461	0.381379	0.618621	5.277791
10992	-3804.861	-3950.135	145.2746	0.925872	0.9468507	0.336134	0.663866	5.581601
10998	-3808.904	-3955.259	146.3552	0.9027562	0.7627556	0.336134	0.663866	5.11267
11004	-3798.045	-3943.131	145.086	0.9248078	0.8017924	0.383304	0.616696	5.773615
11010	-3795.945	-3942.352	146.4064	1.028185	0.970606	0.368894	0.631106	4.885687
11016	-3800.352	-3946.291	145.9387	0.9340564	0.9409561	0.368894	0.631106	5.214531
11022	-3803.591	-3950.449	146.8576	0.8847358	0.8245036	0.414331	0.585669	4.802515
11028	-3807.974	-3954.499	146.5252	1.037285	0.9916334	0.334717	0.665283	4.802515
11034	-3812.023	-3958.746	146.7227	0.9796471	0.8597222	0.314108	0.685892	4.802515
11040	-3809.819	-3955.348	145.529	1.02212	0.8007533	0.366135	0.633865	5.477779
11046	-3797.028	-3941.719	144.6915	0.8734439	0.9017502	0.412952	0.587048	5.955719
11052	-3804.987	-3951.736	146.7489	0.9934329	0.7702894	0.311852	0.688148	4.83833
11058	-3796.017	-3942.168	146.1506	0.9564841	0.7702894	0.339721	0.660279	5.191135
11064	-3808.99	-3953.11	144.1194	0.8882271	0.7966642	0.351148	0.648852	6.323728
11070	-3814.803	-3958.995	144.1925	0.8437242	0.7683723	0.499349	0.500651	6.326676
11076	-3797.56	-3943.51	145.9497	0.8810899	0.9454452	0.380149	0.619851	5.235116
11082	-3802.237	-3946.823	144.5856	0.913604	0.9415261	0.454275	0.545725	5.968532
11088	-3805.397	-3950.04	144.6428	0.758972	1.034664	0.331238	0.668762	5.970373
11094	-3803.634	-3949.285	145.6505	0.9299352	0.7461262	0.359878	0.640122	5.498043
11100	-3806.87	-3952.021	145.151	0.8457647	0.9407367	0.400065	0.599935	5.696892
11106	-3810.169	-3955.713	145.5436	0.8949821	0.9977036	0.322688	0.677312	5.422069
11112	-3799.521	-3943.365	143.8446	0.8113146	1.031785	0.425242	0.574758	6.377741
11118	-3808.87	-3954.19	145.3207	0.9672819	0.9533506	0.425242	0.574758	5.529789
11124	-3811.092	-3956.82	145.7282	0.910834	0.9906853	0.440371	0.559629	5.315452
11130	-3805.156	-3952.337	147.1818	0.9839199	1.012449	0.524924	0.475076	4.452658
11136	-3797.717	-3943.569	145.8517	1.002227	0.9840705	0.524924	0.475076	5.200398
11142	-3796.295	-3942.843	146.5474	1.001724	0.8835059	0.364404	0.635596	4.873283
11148	-3797.825	-3943.236	145.4108	0.9944946	0.9962918	0.366049	0.633951	5.441186
11154	-3796.97	-3943.054	146.0846	0.8307351	0.924738	0.400398	0.599602	5.20042
11160	-3798.942	-3944.607	145.6654	0.8689584	0.74152	0.314111	0.685889	5.526496
11166	-3796.296	-3941.01	144.7144	0.752497	0.9077831	0.454273	0.545727	6.005666
11172	-3805.952	-3949.898	143.946	0.8149075	1.047077	0.388829	0.611171	6.31269
11178	-3806.22	-3952.484	146.2638	0.8195202	0.8363349	0.348683	0.651317	5.161282
11184	-3815.066	-3962.088	147.0224	1.001363	0.7349729	0.392883	0.607117	4.705504
11190	-3804.413	-3952.017	147.6032	0.9368258	0.7818369	0.418168	0.581832	4.383109
11196	-3798.804	-3944.357	145.5529	0.8810208	0.9334374	0.397816	0.602184	5.460984
11202	-3809.541	-3956.232	146.6913	0.9831621	0.7567435	0.440976	0.559024	4.885367
11208	-3797.5	-3944.135	146.6349	1.048759	0.7493389	0.336428	0.663572	4.885367
11214	-3796.721	-3943.251	146.5301	1.027311	0.9499471	0.397852	0.602148	4.82914
11220	-3799.004	-3944.757	145.7536	1.022736	0.8388031	0.374243	0.625757	5.329407
11226	-3807.752	-3953.585	145.8331	1.001119	0.5937166	0.418337	0.581663	5.4713
11232	-3803.873	-3950.035	146.1626	0.8820548	0.594482	0.418337	0.581663	5.354794
11238	-3799.305	-3946.1	146.7951	0.9389526	0.7410114	0.323856	0.676144	4.863028
11244	-3801.484	-3948.058	146.5747	0.9814477	0.7185992	0.438876	0.561124	4.97781
11250	-3804.278	-3950.974	146.696	1.107374	0.8592525	0.339571	0.660429	4.746379
11256	-3807	-3955.155	148.1547	1.058833	0.8217269	0.468891	0.531109	3.973852
11262	-3804.208	-3951.523	147.3152	1.111743	0.891652	0.375924	0.624076	4.376089
11268	-3804.658	-3951.955	147.2975	1.108467	0.7451229	0.264552	0.735448	4.483961
11274	-3806.597	-3952.855	146.2578	0.860437	0.8537909	0.337041	0.662959	5.130975
11280	-3802.768	-3948.575	145.8068	0.9478251	0.858029	0.316604	0.683396	5.329352
11286	-3804.242	-3950.99	146.7481	0.9560766	0.8191149	0.373895	0.626105	4.827285
11292	-3802.774	-3949.993	147.2191	1.008568	0.8401448	0.39477	0.60523	4.520683
11298	-3791.331	-3937.873	146.5422	0.852992	0.8969263	0.399999	0.600001	4.950823
11304	-3801.631	-3947.338	145.7073	0.8457344	0.962097	0.41476	0.58524	5.378909
11310	-3806.288	-3951.81	145.5219	0.9294771	0.962097	0.259029	0.740971	5.434914
11316	-3795.091	-3940.624	145.5325	0.8244547	0.8266074	0.359097	0.640903	5.567937
11322	-3796.968	-3942.246	145.278	0.8899009	0.9372724	0.424998	0.575002	5.605005
11328	-3804.202	-3949.48	145.278	0.8899009	0.9372724	0.368464	0.631536	5.605005
11334	-3799.727	-3945.158	145.4308	0.8416431	0.8876805	0.368464	0.631536	5.576723
11340	-3802.625	-3949.159	146.5339	1.022655	0.9176559	0.444646	0.555354	4.848523
11346	-3813.573	-3959.054	145.4807	0.9372665	0.9173051	0.435331	0.564669	5.479144
11352	-3823.516	-3970.608	147.0918	1.089415	1.014713	0.467577	0.532423	4.442691
11358	-3819.237	-3965.907	146.6703	0.9698557	0.9813626	0.352579	0.647421	4.764916
11364	-3801.296	-3946.667	145.3704	0.8214671	1.009813	0.463943	0.536057	5.551182
11370	-3807.271	-3953.104	145.8328	0.9970259	0.7611702	0.372122	0.627878	5.350439
11376	-3799.436	-3944.317	144.8818	0.8415207	1.035266	0.309955	0.690045	5.794364
11382	-3806.993	-3952.812	145.8198	0.9170074	0.8233826	0.372653	0.627347	5.360974
11388	-3796.927	-3943.18	146.2536	0.9643427	0.9370212	0.326048	0.673952	5.025513
11394	-3798.676	-3945.193	146.5168	1.004119	0.8041451	0.334329	0.665671	4.939128
11400	-3795.268	-3940.541	145.2732	0.8309506	0.8713771	0.410952	0.589048	5.678955
11406	-3801.56	-3946.877	145.3164	0.90072	0.9599189	0.4262	0.5738	5.565027
11412	-3811.737	-3957.753	146.0169	0.8336363	0.6849172	0.419052	0.580948	5.392514
11418	-3814.065	-3958.071	144.006	0.8317987	0.6969352	0.354054	0.645946	6.483043
11424	-3805.631	-3950.437	144.8058	0.8466668	0.755512	0.390634	0.609366	5.999879
11430	-3798.126	-3943.508	145.3816	0.8466668	0.6921557	0.420606	0.579394	5.729146
11436	-3802.457	-3948.545	146.0885	0.8776768	0.761774	0.417282	0.582718	5.274766
11442	-3805.186	-3950.859	145.673	0.9194301	0.9862551	0.405676	0.594324	5.343606
11448	-3810.583	-3956.878	146.2952	0.9547065	0.8636462	0.405676	0.594324	5.051852
11454	-3817.186	-3962.45	145.2639	0.8078495	1.308367	0.47332	0.52668	5.469814
11460	-3797.568	-3942.759	145.1902	0.8520753	1.0372	0.47332	0.52668	5.61854
11466	-3794.511	-3939.666	145.1552	0.8959259	0.8133119	0.407635	0.592365	5.744134
11472	-3802.743	-3948.88	146.1369	1.032386	1.073497	0.297737	0.702263	4.97699
11478	-3803.371	-3950.552	147.1809	0.9990563	0.8098354	0.375646	0.624354	4.567129
11484	-3802.799	-3949.964	147.1652	0.8276581	0.7285531	0.41042	0.58958	4.72728
11490	-3793.773	-3939.531	145.7579	0.8619489	0.876842	0.387301	0.612699	5.392142
11496	-3797.623	-3943.439	145.8168	0.7822704	0.8958464	0.341672	0.658328	5.392142
11502	-3802.481	-3948.945	146.4638	0.9252243	0.7305485	0.373028	0.626972	5.062165
11508	-3798.181	-3944.502	146.3206	0.9506651	0.7051683	0.332814	0.667186	5.145414
11514	-3798.27	-3944.601	146.3308	0.976655	0.8300989	0.397507	0.602493	5.040965
11520	-3805.934	-3951.202	145.2677	1.129214	0.839644	0.382721	0.617279	5.537818
11526	-3807.809	-3952.596	144.7874	0.9950535	0.6735442	0.297119	0.702881	5.986328
11532	-3807.629	-3954.714	147.0842	1.032291	0.6523058	0.311744	0.688256	4.714252
11538	-3794.25	-3942.299	148.0485	0.9439639	0.8392099	0.364342	0.635658	4.088576
11544	-3793.82	-3940.84	147.0206	0.9433582	0.7219928	0.311024	0.688976	4.748116
11550	-3794.691	-3940.096	145.4052	0.9649465	0.8936917	0.280334	0.719666	5.519427
11556	-3795.948	-3942.474	146.5264	1.01012	0.7372981	0.263562	0.736438	4.975546
11562	-3809.146	-3956.598	147.4521	1.06303	0.6210336	0.333752	0.666248	4.51515
11568	-3810.046	-3957.751	147.7053	1.083692	0.7112785	0.268692	0.731308	4.291923
11574	-3815.554	-3963.75	148.1964	1.103625	0.7112785	0.299337	0.700663	4.001365
11580	-3816.527	-3963.677	147.15	0.9775691	1.03217	0.382438	0.617562	4.46323
11586	-3802.456	-3949.24	146.7841	0.9263068	1.091955	0.330207	0.669793	4.665402
11592	-3788.831	-3934.869	146.0373	0.9084887	0.8482598	0.414757	0.585243	5.229846
11598	-3794.867	-3941.26	146.3928	0.9685064	1.061604	0.378382	0.621618	4.876442
11604	-3798.504	-3945.005	146.5006	0.8742645	0.6236951	0.339945	0.660055	5.149077
11610	-3797.939	-3944.276	146.3371	0.9666818	0.7671285	0.484699	0.515301	5.084349
11616	-3797.651	-3943.08	145.4293	0.9250332	1.001277	0.507452	0.492548	5.466492
11622	-3789.009	-3935.183	146.1744	0.9520376	0.8680657	0.352416	0.647584	5.117592
11628	-3805.193	-3951.243	146.05	0.9265923	0.8758636	0.474085	0.525915	5.195759
11634	-3803.631	-3949.829	146.1979	0.9431935	1.004738	0.452385	0.547615	5.029739
11640	-3818.255	-3963.75	145.4948	0.9615943	0.688287	0.385627	0.614373	5.606814
11646	-3804.195	-3948.524	144.3288	0.9043146	0.912645	0.385627	0.614373	6.130211
11652	-3804.383	-3948.688	144.3047	0.792941	0.7770911	0.371864	0.628136	6.287568
11658	-3824.643	-3969.07	144.4274	0.9013161	0.7846582	0.372096	0.627904	6.156986
11664	-3801.121	-3945.473	144.352	0.8043118	0.7436736	0.375665	0.624335	6.277958
11670	-3800.578	-3945.476	144.8989	0.8692155	0.930923	0.426765	0.573235	5.827709
11676	-3800.287	-3945.999	145.712	0.8955765	0.9180415	0.399623	0.600377	5.374304
11682	-3797.51	-3942.723	145.2129	0.8478067	0.9116699	0.339313	0.660687	5.678675
11688	-3807.637	-3954.213	146.5756	0.9532124	0.705099	0.452918	0.547082	5.002622
11694	-3814.834	-3960.103	145.2693	0.9183819	0.7197996	0.315364	0.684636	5.731783
11700	-3807.953	-3953.477	145.524	0.871844	0.8155102	0.365479	0.634521	5.553663
11706	-3798.115	-3943.346	145.2317	0.7782233	0.649296	0.365479	0.634521	5.880065
11712	-3803.204	-3947.167	143.9625	0.8277561	0.6847016	0.365479	0.634521	6.517517
11718	-3812.001	-3955.822	143.8208	0.7699951	0.663713	0.489202	0.510798	6.640636
11724	-3805.375	-3950.173	144.7977	0.8252536	0.9338139	0.427817	0.572183	5.905376
11730	-3812.263	-3958.927	146.6649	0.9143826	0.8645497	0.219928	0.780072	4.868117
11736	-3812.729	-3958.151	145.4227	0.9447255	0.7563494	0.333445	0.666555	5.608148
11742	-3815.835	-3962.189	146.3536	0.9421119	0.9580075	0.460327	0.539673	4.970187
11748	-3800.523	-3946.815	146.2924	1.003323	0.9580075	0.408894	0.591106	4.970187
11754	-3792.542	-3937.805	145.2639	0.8137688	0.9580075	0.259751	0.740249	5.642659
11760	-3796.626	-3943.257	146.6316	0.9915084	0.7191128	0.373344	0.626656	4.940186
11766	-3796.375	-3944.026	147.6517	1.029332	0.7191128	0.391067	0.608933	4.347328
11772	-3786.1	-3932.153	146.0533	0.9578185	0.8910655	0.322747	0.677253	5.167464
11778	-3797.061	-3942.41	145.3484	0.8227809	0.8910655	0.452463	0.547537	5.630283
11784	-3796.666	-3941.374	144.7086	0.8062935	0.9663933	0.375208	0.624792	5.945921
11790	-3798.114	-3943.163	145.0485	0.7587955	0.8447786	0.346375	0.653625	5.857778
11796	-3789.587	-3934.65	145.0638	0.8603495	0.9517358	0.334776	0.665224	5.730367
11802	-3785.421	-3930.669	145.2475	0.8412373	1.04879	0.321133	0.678867	5.586838
11808	-3810.577	-3955.937	145.3599	0.959824	0.9743397	0.407635	0.592365	5.500503
11814	-3803.157	-3949.495	146.3378	1.036635	1.174489	0.395229	0.604771	4.811207
11820	-3812.468	-3958.559	146.0905	0.8181732	0.6703483	0.371847	0.628153	5.371138
11826	-3808.242	-3954.967	146.7249	0.9046257	0.9076557	0.462567	0.537433	4.813843
11832	-3792.586	-3939.482	146.8963	0.9752913	0.8390482	0.393435	0.606565	4.721015
11838	-3794.942	-3940.45	145.508	0.7864234	0.8093392	0.344646	0.655354	5.613304
11844	-3794.976	-3940.127	145.151	0.7864313	0.891024	0.359586	0.640414	5.758458
11850	-3791.518	-3938.385	146.8666	0.8686385	0.7955835	0.415399	0.584601	4.825396
11856	-3789.539	-3935.737	146.1978	0.8877414	0.7955835	0.31108	0.68892	5.186311
11862	-3800.656	-3947.044	146.3884	0.8442558	0.7955835	0.334066	0.665934	5.104811
11868	-3793.828	-3939.619	145.7916	0.9552113	0.848472	0.377145	0.622855	5.339638
11874	-3803.027	-3948.902	145.8751	0.8630547	0.8560986	0.397933	0.602067	5.339638
11880	-3804.431	-3949.908	145.4771	0.8554527	0.8636911	0.411583	0.588417	5.558293
11886	-3808.015	-3952.493	144.4779	0.8552367	0.9685117	0.306855	0.693145	6.043887
11892	-3802.245	-3947.426	145.1808	0.847186	1.023519	0.372447	0.627553	5.633732
11898	-3806.226	-3950.381	144.1557	0.7582829	1.023519	0.368897	0.631103	6.241995
11904	-3803.037	-3947.137	144.1003	0.7366801	0.8103106	0.386616	0.613384	6.407613
11910	-3807.729	-3952.384	144.655	0.8255747	0.9284819	0.26807	0.73193	5.986201
11916	-3794.789	-3940.27	145.4809	1.005266	0.7581657	0.389133	0.610867	5.541692
11922	-3801.329	-3947.899	146.5701	1.065473	0.8400018	0.492826	0.507174	4.852156
11928	-3819.569	-3966.631	147.0619	0.942818	0.9534785	0.374843	0.625157	4.576793
11934	-3806.958	-3955.595	148.637	1.124589	0.72506	0.32163	0.67837	3.726138
11940	-3806.489	-3951.144	144.6549	0.819661	0.726499	0.475378	0.524622	6.116555
11946	-3801.788	-3947.799	146.0105	0.9189824	0.6444254	0.324251	0.675749	5.379108
11952	-3798.513	-3943.828	145.3153	0.867639	0.9904464	0.398684	0.601316	5.56673
11958	-3796.683	-3942.152	145.469	0.8984535	0.8194715	0.381953	0.618047	5.56673
11964	-3809.9	-3955.969	146.0688	0.908563	0.9485417	0.381953	0.618047	5.152276
11970	-3797.38	-3941.992	144.6119	0.7685929	0.8871479	0.351541	0.648459	6.064961
11976	-3798.113	-3943.272	145.1591	0.9001478	0.933727	0.291533	0.708467	5.666619
11982	-3806.3	-3954.753	148.4531	1.084001	0.719935	0.391807	0.608193	3.859228
11988	-3815.874	-3962.177	146.3024	0.9155499	0.8638796	0.329382	0.670618	5.069454
11994	-3804.98	-3950.444	145.4649	0.9498783	0.7626556	0.291423	0.708577	5.577874
12000	-3796.917	-3941.158	144.2416	0.8205794	0.7374052	0.43899	0.56101	6.333318
12006	-3806.69	-3950.668	143.9776	0.7835233	0.9756213	0.333557	0.666443	6.351022
12012	-3801.736	-3946.431	144.6943	0.997122	0.8567601	0.384995	0.615005	5.913728
12018	-3812.772	-3957.704	144.9325	0.8922816	0.8189851	0.402864	0.597136	5.86439
12024	-3820.099	-3965.235	145.1352	0.946479	0.7117459	0.399415	0.600585	5.795448
12030	-3823.17	-3971.568	148.3981	1.14782	0.6640946	0.295895	0.704105	3.896211
12036	-3814.947	-3962.49	147.5436	1.09622	0.8731421	0.326864	0.673136	4.267248
12042	-3814.332	-3961.299	146.9678	0.8887195	0.6181517	0.297647	0.702353	4.885926
12048	-3801.413	-3948.402	146.9883	1.017275	0.6423028	0.319275	0.680725	4.783923
12054	-3802.305	-3948.669	146.3636	0.9704182	0.9492649	0.44055	0.55945	4.953904
12060	-3812.055	-3958.797	146.7425	1.077554	0.8147746	0.373716	0.626284	4.76543
12066	-3804.545	-3951.751	147.2064	1.039018	0.7903916	0.370698	0.629302	4.543246
12072	-3804.675	-3949.777	145.102	0.9301465	0.9904937	0.362768	0.637232	5.649442
12078	-3800.516	-3946.663	146.1467	0.8661667	1.015206	0.414885	0.585115	5.095109
12084	-3801.772	-3947.764	145.9922	1.058785	0.7816901	0.428999	0.571001	5.214546
12090	-3800.798	-3945.51	144.7121	0.7709048	0.9800989	0.422477	0.577523	5.95567
12096	-3793.577	-3938.301	144.724	0.8808035	0.7444032	0.228107	0.771893	6.033384
12102	-3807.682	-3951.18	143.4983	0.84362	0.8055497	0.373453	0.626547	6.678681
12108	-3796.929	-3941.779	144.8497	0.8981602	0.9484499	0.432897	0.567103	5.828729
12114	-3794.66	-3939.98	145.3195	0.8719309	0.7367656	0.336078	0.663922	5.717978
12120	-3798.675	-3943.849	145.1748	0.8585464	0.7871909	0.336694	0.663306	5.770781
12126	-3804.674	-3949.635	144.9613	0.8585789	0.981404	0.442797	0.557203	5.770781
12132	-3800.854	-3946.008	145.154	0.9304174	0.8779716	0.387025	0.612975	5.68576
12138	-3798.423	-3943.844	145.4209	0.8940642	0.9078791	0.370271	0.629729	5.541338
12144	-3802.942	-3948.116	145.1739	0.8215937	0.9078791	0.435326	0.564674	5.716678
12150	-3787.152	-3932.735	145.5834	0.8892591	0.8137668	0.281662	0.718338	5.51253
12156	-3797.732	-3944.191	146.4597	0.82626	0.7626876	0.468991	0.531009	5.0972
12162	-3794.726	-3941.136	146.4099	0.8760462	0.7626876	0.43357	0.56643	5.0972
12168	-3803.724	-3948.033	144.3093	0.7221331	1.064333	0.308148	0.691852	6.156608
12174	-3798.166	-3943.162	144.9958	0.8441986	0.811561	0.325743	0.674257	5.860791
12180	-3788.318	-3933.467	145.1491	0.9132651	0.9189325	0.417089	0.582911	5.673525
12186	-3804.827	-3951.133	146.3065	0.8879388	0.8547514	0.273842	0.726158	5.088127
12192	-3804.53	-3950.2	145.6706	0.9210828	0.9959538	0.379027	0.620973	5.338654
12198	-3807.217	-3951.879	144.6616	0.9230119	0.900308	0.351317	0.648683	5.945848
12204	-3807.01	-3952.806	145.7959	0.9768976	0.7839949	0.369444	0.630556	5.366674
12210	-3815.459	-3961.504	146.0444	0.8144949	0.8286525	0.359444	0.640556	5.29022
12216	-3806.654	-3952.731	146.0768	0.9359846	0.9892162	0.447037	0.552963	5.10954
12222	-3803.302	-3948.904	145.6019	0.9106153	0.7662414	0.338186	0.661814	5.521758
12228	-3805.72	-3952.582	146.8625	1.058462	0.8521806	0.454357	0.545643	4.685058
12234	-3818.165	-3964.427	146.2616	0.8049305	0.8083398	0.306605	0.693395	5.188502
12240	-3818.054	-3966.187	148.1331	1.093029	0.8883423	0.479302	0.520698	3.92377
12246	-3807.907	-3955.294	147.3875	1.074324	0.8883423	0.410675	0.589325	4.358467
12252	-3806.041	-3953.483	147.4421	1.095081	0.8212657	0.2874	0.7126	4.358467
12258	-3814.302	-3961.878	147.5763	1.00251	0.7494078	0.322382	0.677618	4.38356
12264	-3811.067	-3955.536	144.469	0.8440427	0.8038592	0.367614	0.632386	6.153116
12270	-3803.168	-3949.113	145.9449	0.9699352	0.8273505	0.308548	0.691452	5.260167
12276	-3809.743	-3956.7	146.9575	1.065351	0.7501639	0.409739	0.590261	4.695417
12282	-3811.143	-3955.098	143.9547	0.8946163	0.9145202	0.423005	0.576995	6.337744
12288	-3806.199	-3952.462	146.2624	1.007461	0.8530974	0.408021	0.591979	5.047339
12294	-3795.504	-3943.239	147.7351	1.079579	0.675212	0.329259	0.670741	4.304165
12300	-3805.863	-3952.918	147.0554	0.9684214	0.7757654	0.352002	0.647998	4.677343
12306	-3810.595	-3956.533	145.9378	0.979851	1.12463	0.274615	0.725385	5.090239
12312	-3810.382	-3955.07	144.6878	0.8368621	0.9272586	0.367684	0.632316	5.962823
12318	-3819.883	-3966.252	146.3694	0.7850656	1.089639	0.356738	0.643262	4.976735
12324	-3824.845	-3971.463	146.618	0.9060945	0.6168321	0.38285	0.61715	5.071783
12330	-3816.383	-3964.07	147.6873	1.125104	1.084578	0.391106	0.608894	4.046702
12336	-3815.733	-3962.553	146.8204	1.183619	0.8389742	0.391106	0.608894	4.646912
12342	-3796.333	-3943.994	147.6608	1.023129	0.8739686	0.407394	0.592606	4.241742
12348	-3797.552	-3942.402	144.85	0.9246027	0.9813218	0.323338	0.676662	5.795614
12354	-3820.23	-3967.504	147.2743	1.002949	0.75136	0.288253	0.711747	4.551977
12360	-3803.229	-3949.786	146.5571	1.119777	0.7333414	0.387106	0.612894	4.900221
12366	-3810.934	-3956.451	145.5163	0.8971083	0.8127619	0.347693	0.652307	5.545765
12372	-3808.914	-3955.169	146.2548	0.8690856	0.93331	0.397586	0.602414	5.079903
12378	-3809.531	-3955.53	145.999	1.005552	1.051836	0.32535	0.67465	5.079903
12384	-3804.715	-3948.731	144.0155	0.8385789	0.7442279	0.296919	0.703081	6.441583
12390	-3803.454	-3947.464	144.0093	0.9419605	0.9542542	0.372441	0.627559	6.259676
12396	-3801.844	-3947.03	145.1863	0.8680055	0.8417131	0.425141	0.574859	5.724479
12402	-3800.28	-3945.353	145.073	0.7466743	0.7537008	0.468122	0.531878	5.909837
12408	-3809.531	-3955.792	146.2614	0.9023553	0.9519243	0.42898	0.57102	5.046999
12414	-3809.276	-3952.329	143.0527	0.8425184	1.075926	0.383574	0.616426	6.766411
12420	-3798.466	-3941.555	143.0889	0.6813996	0.8982915	0.331502	0.668498	6.930698
12426	-3810.537	-3956.523	145.9859	0.8925285	0.7595696	0.271599	0.728401	5.324724
12432	-3803.704	-3949.429	145.7245	0.9802206	0.9112167	0.44874	0.55126	5.324724
12438	-3802.931	-3948.52	145.5882	0.981596	0.7661032	0.392622	0.607378	5.490377
12444	-3796.966	-3943.534	146.5684	1.085928	0.7661032	0.369434	0.630566	4.890241
12450	-3795.208	-3940.591	145.3833	0.8445067	0.8207081	0.313448	0.686552	5.642582
12456	-3800.149	-3945.167	145.0178	0.873283	0.8597296	0.358996	0.641004	5.802761
12462	-3801.286	-3947.199	145.9128	0.8963158	0.8203584	0.294925	0.705075	5.323021
12468	-3802.684	-3946.729	144.0458	0.8963158	0.8913056	0.313325	0.686675	6.300981
12474	-3799.232	-3944.635	145.403	0.9442107	1.153237	0.380627	0.619373	5.391215
12480	-3796.359	-3944.161	147.8021	1.020227	0.8835232	0.410444	0.589556	4.15718
12486	-3794.033	-3942.236	148.203	1.086894	0.6975775	0.359027	0.640973	4.017301
12492	-3796.46	-3941.809	145.3494	1.008451	0.7937476	0.393849	0.606151	5.58858
12498	-3801.262	-3949.554	148.292	1.213929	0.9686632	0.348495	0.651505	3.713921
12504	-3889.563	-4035.569	146.0063	0.8740653	0.7795823	0.41628	0.58372	5.310227
12510	-3808.192	-3953.745	145.5526	0.936558	0.9339778	0.3566	0.6434	5.430228
12516	-3801.927	-3947.554	145.6271	0.8797765	0.9172616	0.406625	0.593375	5.430228
12522	-3801.844	-3947.086	145.2419	0.921816	0.9678145	0.360924	0.639076	5.5899
12528	-3794.518	-3939.715	145.1968	0.8325314	0.9678145	0.355366	0.644634	5.663638
12534	-3802.75	-3947.589	144.8395	0.8325314	1.031395	0.372325	0.627675	5.82449
12540	-3800.989	-3945.9	144.9106	0.8057429	0.9867224	0.397033	0.602967	5.82449
12546	-3800.871	-3945.525	144.6542	0.9467248	0.9845897	0.434664	0.565336	5.888773
12552	-3811.746	-3957.912	146.1658	0.8840939	0.7878245	0.344589	0.655411	5.211088
12558	-3802.474	-3948.3	145.8259	0.912359	0.7878245	0.32392	0.67608	5.383187
12564	-3809.45	-3955.409	145.9581	0.8562124	0.7259387	0.349608	0.650392	5.383187
12570	-3806.327	-3951.353	145.0267	0.9517094	0.8338214	0.375724	0.624276	5.771007
12576	-3801.139	-3946.382	145.2425	0.8943299	0.7036403	0.382996	0.617004	5.771007
12582	-3813.206	-3958.579	145.3731	0.7906478	0.8903648	0.444011	0.555989	5.634811
12588	-3817.167	-3962.765	145.5988	0.8967736	0.6222325	0.36987	0.63013	5.634811
12594	-3803.928	-3949.116	145.1879	0.8962402	0.8395544	0.385088	0.614912	5.709478
12600	-3804.357	-3950.455	146.0984	0.8962905	0.817459	0.403449	0.596551	5.222317
12606	-3802.328	-3948.711	146.3825	0.9807398	0.817459	0.460362	0.539638	5.018129
12612	-3808.769	-3954.922	146.1533	0.9359257	1.079861	0.2909	0.7091	5.018129
12618	-3796.137	-3942.111	145.9741	0.9359257	0.762486	0.33621	0.66379	5.305334
12624	-3797.193	-3943.205	146.0122	0.8977567	0.762486	0.401579	0.598421	5.305334
12630	-3795.572	-3941.596	146.024	0.8157085	0.8702305	0.359645	0.640355	5.274907
12636	-3805.404	-3949.558	144.1544	0.878702	1.020716	0.378893	0.621107	6.178691
12642	-3802.503	-3947.018	144.5148	0.8092806	0.7556478	0.396896	0.603104	6.178691
12648	-3822.705	-3970.313	147.6084	0.9895885	0.6690854	0.306322	0.693678	4.431166
12654	-3803.332	-3948.829	145.4969	0.8838708	0.7812102	0.452072	0.547928	5.584225
12660	-3809.149	-3955.462	146.3134	0.9316637	0.8431191	0.396457	0.603543	5.067376
12666	-3808.668	-3954.147	145.4792	0.8961574	0.8847706	0.391452	0.608548	5.521942
12672	-3802.934	-3947.855	144.9208	0.7795047	0.7542588	0.43654	0.56346	5.974623
12678	-3807.226	-3954.245	147.0187	1.037843	0.7542588	0.362357	0.637643	4.673732
12684	-3798.679	-3944.482	145.8037	0.9381133	0.8496637	0.372739	0.627261	5.341636
12690	-3800.947	-3947.199	146.2518	0.9421838	0.8339858	0.433112	0.566888	5.101482
12696	-3801.277	-3947.601	146.3235	0.841918	0.6471651	0.32448	0.67552	5.246822
12702	-3810.55	-3956.812	146.2615	1.016411	0.8146974	0.235688	0.764312	5.067278
12708	-3813.063	-3959.01	145.9474	0.9333042	0.9744191	0.294205	0.705795	5.191009
12714	-3808.987	-3955.79	146.8033	1.035191	0.9744191	0.330145	0.669855	4.657917
12720	-3808.332	-3952.059	143.7268	0.8750961	0.6717348	0.414913	0.585087	6.628774
12726	-3811.855	-3956.089	144.2348	0.6599182	0.6473537	0.394451	0.605549	6.488239
12732	-3795.628	-3940.245	144.6179	0.802129	0.9020452	0.383568	0.616432	6.03459
12738	-3805.052	-3949.465	144.4129	0.8036766	0.6605604	0.401926	0.598074	6.303847
12744	-3807.136	-3951.418	144.2815	0.9350563	0.6605604	0.288368	0.711632	6.303847
12750	-3805.493	-3951.658	146.1644	1.009173	0.8509459	0.387486	0.612514	5.102116
12756	-3801.666	-3948.348	146.6818	0.9655505	0.8509459	0.37958	0.62042	4.838675
12762	-3810.938	-3958.181	147.2429	0.9719701	0.8830106	0.311066	0.688934	4.500905
12768	-3815.562	-3963.065	147.5035	0.9759853	0.8830106	0.399492	0.600508	4.351771
12774	-3809.183	-3954.515	145.3327	0.9159476	0.910896	0.412809	0.587191	5.575983
12780	-3811.395	-3956.748	145.3526	0.853362	0.9513619	0.396068	0.603932	5.575983
12786	-3802.784	-3948.149	145.3653	0.8407383	0.9513619	0.434504	0.565496	5.575983
12792	-3812.752	-3959.568	146.8162	1.107363	0.9397262	0.487101	0.512899	4.630332
12798	-3809.39	-3956.598	147.2079	0.9885915	0.6753873	0.405099	0.594901	4.652013
12804	-3806.627	-3951.944	145.3173	0.8559672	0.8507594	0.278635	0.721365	5.653704
12810	-3809.841	-3956.22	146.3796	0.9290024	0.7681905	0.381678	0.618322	5.080952
12816	-3809.145	-3955.113	145.9682	0.9290024	0.8474016	0.374979	0.625021	5.25728
12822	-3800.576	-3946.614	146.038	0.9664156	1.130095	0.370592	0.629408	5.039331
12828	-3804.062	-3948.378	144.3164	0.9057163	0.7363501	0.455685	0.544315	6.247178
12834	-3800.317	-3945.5	145.1826	0.876428	0.8227668	0.385856	0.614144	5.733819
12840	-3802.456	-3948.767	146.3116	0.8546895	0.8227668	0.436502	0.563498	5.123964
12846	-3802.297	-3947.542	145.2448	0.871758	0.8124066	0.359192	0.640808	5.708907
12852	-3802.98	-3948.265	145.2846	0.8612677	0.7875821	0.395281	0.604719	5.708907
12858	-3801.935	-3947.856	145.9211	0.8612677	0.9847579	0.326239	0.673761	5.239564
12864	-3796.619	-3939.664	143.045	0.758399	0.971391	0.387347	0.612653	6.871418
12870	-3799.897	-3945.569	145.6719	1.006459	0.971391	0.328191	0.671809	5.304515
12876	-3809.498	-3956.637	147.139	1.049146	0.8440493	0.355887	0.644113	4.540379
12882	-3788.711	-3935.859	147.1483	1.039831	0.8440493	0.356721	0.643279	4.540379
12888	-3798.782	-3943.201	144.4183	0.7545252	0.8433184	0.332043	0.667957	6.204581
12894	-3818.442	-3965.612	147.17	0.9681301	0.6411457	0.313715	0.686285	4.71072
12900	-3803.62	-3949.384	145.7642	0.8955206	0.8435339	0.430358	0.569642	5.390742
12906	-3802.06	-3947.686	145.6267	0.986609	0.8435339	0.417201	0.582799	5.416274
12912	-3791.783	-3937.135	145.3519	0.910747	0.9540773	0.379372	0.620628	5.543338
12918	-3804.177	-3948.296	144.1189	0.7764938	0.8949174	0.430889	0.569111	6.324193
12924	-3816.475	-3961.244	144.7688	0.8052723	1.177292	0.309795	0.690205	5.803911
12930	-3831.762	-3975.5	143.7378	0.7161543	0.8447294	0.344226	0.655774	6.593667
12936	-3830.365	-3975.356	144.9908	0.8761301	0.864295	0.413288	0.586712	5.813167
12942	-3816.886	-3961.981	145.0947	0.7810129	0.8945473	0.448827	0.551173	5.790145
12948	-3815.156	-3960.256	145.0998	0.7759443	0.8945473	0.374767	0.625233	5.790145
12954	-3822.495	-3968.99	146.4949	0.908478	0.7801847	0.301467	0.698533	5.020278
12960	-3800.55	-3946.684	146.1348	0.8706551	0.9324473	0.380468	0.619532	5.146042
12966	-3791.071	-3935.389	144.3184	0.8952384	0.9446097	0.380189	0.619811	6.122446
12972	-3796.001	-3940.376	144.3748	0.8860878	0.9000895	0.35766	0.64234	6.122446
12978	-3795.327	-3940.763	145.4352	0.8724264	0.8502416	0.421413	0.578587	5.58028
12984	-3798.928	-3944.522	145.5943	0.8975918	0.6981047	0.336029	0.663971	5.58028
12990	-3799.029	-3943.603	144.574	0.7282899	0.8736522	0.391056	0.608944	6.115675
12996	-3800.83	-3946.222	145.3924	0.9766313	1.147789	0.335663	0.664337	5.381874
13002	-3806.678	-3953.192	146.5146	0.9056006	0.96402	0.370221	0.629779	4.897487
13008	-3803.688	-3950.179	146.491	1.001327	0.8957395	0.384732	0.615268	4.897487
13014	-3817.447	-3960.886	143.4396	0.7221676	0.8957395	0.429313	0.570687	6.721006
13020	-3810.976	-3956.124	145.1473	0.7433554	0.8957395	0.402852	0.597148	5.781229
13026	-3801.852	-3947.488	145.6354	0.7877331	0.9049382	0.472217	0.527783	5.483621
13032	-3808.217	-3953.134	144.9171	0.8162617	0.9049382	0.276529	0.723471	5.861829
13038	-3802.606	-3948.793	146.1871	0.8050629	0.7996951	0.478386	0.521614	5.235253
13044	-3797.429	-3940.908	143.4788	0.8936991	0.9366891	0.400383	0.599617	6.583433
13050	-3807.214	-3951.712	144.498	0.7826264	0.9366891	0.450299	0.549701	6.090482
13056	-3802.476	-3945.892	143.4162	0.6965645	0.752795	0.299686	0.700314	6.836669
13062	-3802.222	-3949.003	146.7819	0.9421284	0.9385795	0.497872	0.502128	4.742717
13068	-3806.319	-3953.629	147.3101	1.081009	0.6586095	0.457887	0.542113	4.555479
13074	-3797.12	-3943.193	146.0725	1.00563	0.9776481	0.31126	0.68874	5.079826
13080	-3808.908	-3956.384	147.4759	1.081138	0.7531884	0.475507	0.524493	4.393194
13086	-3806.129	-3953.437	147.3078	1.157532	0.7531884	0.408267	0.591733	4.44491
13092	-3795.187	-3942.639	147.4522	1.048335	0.6125681	0.406854	0.593146	4.530129
13098	-3785.904	-3930.934	145.0299	0.9264798	0.8987663	0.329516	0.670484	5.743494
13104	-3798.292	-3943.364	145.0721	0.8842761	0.8987663	0.324761	0.675239	5.743494
13110	-3797.944	-3943.087	145.1432	0.9587703	0.8987663	0.410411	0.589589	5.663709
13116	-3795.853	-3941.78	145.9269	0.9566543	0.839545	0.345661	0.654339	5.269704
13122	-3795.356	-3941.261	145.9049	0.923547	0.8890096	0.320397	0.679603	5.269704
13128	-3798.421	-3942.144	143.7231	0.8401309	1.185428	0.369267	0.630733	6.3508
13134	-3793.805	-3941.133	147.3281	1.067678	0.8526824	0.340878	0.659122	4.418035
13140	-3808.062	-3955.324	147.2618	1.074306	0.6408103	0.525741	0.474259	4.600112
13146	-3811	-3955.722	144.7224	0.8578064	0.7967712	0.246361	0.753639	6.012118
13152	-3814.356	-3959.656	145.3002	0.794946	0.7967712	0.331629	0.668371	5.730691
13158	-3820.432	-3967.744	147.3114	1.051288	0.7171821	0.438979	0.561021	4.528107
13164	-3816.586	-3963.493	146.9072	1.058231	1.080935	0.305593	0.694407	4.528107
13170	-3804.43	-3950.903	146.473	1.025447	0.7364904	0.268411	0.731589	4.997306
13176	-3793.689	-3938.765	145.0758	0.8516814	0.69018	0.420582	0.579418	5.895113
13182	-3809.232	-3953.998	144.7656	0.8516814	0.9572756	0.386699	0.613301	5.895113
13188	-3814.026	-3959.161	145.1346	0.8687728	0.8747364	0.37704	0.62296	5.732151
13194	-3801.019	-3945.1	144.0807	0.8267508	1.114846	0.351683	0.648317	6.198287
13200	-3799.232	-3944.481	145.2483	0.9570806	0.7837445	0.313819	0.686181	5.678802
13206	-3804.236	-3949.613	145.3769	0.828465	0.7837445	0.471995	0.528005	5.678802
13212	-3796.648	-3942.869	146.2214	0.9703154	0.9270107	0.331914	0.668086	5.045941
13218	-3796.733	-3943.201	146.468	1.016341	0.9523402	0.380639	0.619361	4.868471
13224	-3805.66	-3951.191	145.5313	0.853691	0.7142343	0.362554	0.637446	5.627502
13230	-3811.651	-3959.702	148.0511	1.197815	0.6390045	0.290771	0.709229	4.085666
13236	-3806.808	-3954.368	147.5606	1.110866	1.060103	0.323014	0.676986	4.14025
13242	-3812.409	-3958.856	146.4472	1.093299	0.8489838	0.409692	0.590308	4.899458
13248	-3810.5	-3957.718	147.218	1.068226	0.8671545	0.368846	0.631154	4.470654
13254	-3815.448	-3962.993	147.546	0.9495056	0.9000297	0.359304	0.640696	4.332256
13260	-3812.228	-3958.567	146.3394	0.9159379	0.9468045	0.310681	0.689319	4.999098
13266	-3812.704	-3959.263	146.5594	0.9945351	0.8142654	0.373165	0.626835	4.914164
13272	-3810.051	-3956.81	146.7593	0.9702149	0.7591618	0.474527	0.525473	4.853032
13278	-3812.381	-3955.975	143.5935	0.8717979	0.8377579	0.396453	0.603547	6.591777
13284	-3816.359	-3962.342	145.9838	1.044468	0.9802251	0.31551	0.68449	5.106014
13290	-3801.773	-3947.436	145.6632	0.9456344	0.9802251	0.348954	0.651046	5.337969
13296	-3809.307	-3955.039	145.7326	0.915539	0.9420561	0.267313	0.732687	5.337969
13302	-3809.471	-3955.743	146.2713	0.9531642	0.9523357	0.406623	0.593377	5.013054
13308	-3798.866	-3944.749	145.8831	0.9073857	0.7417529	0.43193	0.56807	5.38539
13314	-3810.522	-3956.03	145.5072	0.9073857	0.7259132	0.393302	0.606698	5.603099
13320	-3805.699	-3950.687	144.9878	0.77279	1.043813	0.382856	0.617144	5.769409
13326	-3805.725	-3950.633	144.9079	0.8527438	1.043813	0.308631	0.691369	5.769409
13332	-3800.961	-3947.47	146.5084	1.019725	0.9560167	0.349755	0.650245	4.841942
13338	-3813.342	-3959.113	145.7706	0.9364712	0.8262466	0.434742	0.565258	5.375526
13344	-3807.76	-3953.432	145.6724	1.004965	1.077409	0.346161	0.653839	5.247537
13350	-3796.912	-3942.194	145.2822	0.9201255	0.9656358	0.492067	0.507933	5.569886
13356	-3802.473	-3947.689	145.2159	0.9592763	0.9656358	0.28933	0.71067	5.584836
13362	-3802.479	-3948.385	145.9065	1.074348	0.9656358	0.420916	0.579084	5.140538
13368	-3803.746	-3949.577	145.8318	0.9973765	0.8729442	0.460848	0.539152	5.279038
13374	-3800.295	-3945.75	145.4551	0.8780768	0.9805171	0.417657	0.582343	5.489636
13380	-3801.991	-3946.644	144.6539	0.8611762	1.315696	0.398225	0.601775	5.77205
13386	-3804.641	-3949.783	145.1415	0.8611762	1.349581	0.372727	0.627273	5.489538
13392	-3801.9	-3947.388	145.4884	0.8766109	0.9496523	0.32884	0.67116	5.489538
13398	-3802.11	-3948.119	146.0091	0.921518	1.001153	0.42173	0.57827	5.148454
13404	-3802.276	-3948.066	145.7901	0.8379802	1.001153	0.332682	0.667318	5.315695
13410	-3798.581	-3944.319	145.7375	0.8826308	1.00915	0.392306	0.607694	5.315695
13416	-3806.497	-3954.584	148.087	0.929322	0.697601	0.432806	0.567194	4.173085
13422	-3810.511	-3957.602	147.091	0.9470502	0.6361814	0.523507	0.476493	4.770558
13428	-3809.793	-3955.503	145.7102	0.9106282	0.6236794	0.444192	0.555808	5.564956
13434	-3812.344	-3957.604	145.2594	0.8882284	0.8116451	0.491355	0.508645	5.692339
13440	-3797.788	-3944.387	146.5991	1.083245	0.8116451	0.403123	0.596877	4.844315
13446	-3800.987	-3947.612	146.6245	1.057865	0.8116451	0.418713	0.581287	4.844315
13452	-3803.169	-3949.78	146.6104	1.057865	0.823766	0.302174	0.697826	4.844315
13458	-3801.558	-3948.792	147.2343	0.9533262	0.5953696	0.369712	0.630288	4.719502
13464	-3789.667	-3937	147.3331	0.9916761	0.9477686	0.362549	0.637451	4.400027
13470	-3800.555	-3947.968	147.4134	0.9916761	0.8729123	0.358607	0.641393	4.400027
13476	-3808.313	-3955.918	147.6049	1.031835	0.9414947	0.357178	0.642822	4.227308
13482	-3811.831	-3957.788	145.9566	1.016375	0.7624865	0.413972	0.586028	5.270542
13488	-3806.162	-3952.254	146.0918	0.8782802	0.7648316	0.348375	0.651625	5.270542
13494	-3804.236	-3950.329	146.0933	1.033422	0.8075112	0.385445	0.614555	5.155695
13500	-3797.811	-3944.051	146.2396	0.9831149	0.9478642	0.353881	0.646119	5.016565
13506	-3799.25	-3945.521	146.2706	0.9942136	0.9081138	0.255807	0.744193	5.016565
13512	-3791.912	-3938.637	146.7253	0.9043027	0.9741605	0.363969	0.636031	4.774909
13518	-3809.654	-3956.173	146.5194	1.11021	0.9741605	0.319367	0.680633	4.774909
13524	-3807.483	-3956.188	148.7044	1.157094	0.779454	0.325024	0.674976	3.629502
13530	-3820.253	-3969.522	149.269	1.157094	0.8048193	0.301922	0.698078	3.281713
13536	-3806.294	-3954.078	147.7837	1.209149	0.7232886	0.394036	0.605964	4.167631
13542	-3813.195	-3960.656	147.461	1.036451	0.8925517	0.413078	0.586922	4.335724
13548	-3798.832	-3944.165	145.3331	0.8946545	0.8437398	0.283322	0.716678	5.628158
13554	-3794.943	-3940.245	145.3019	0.8946545	0.8715828	0.386369	0.613631	5.628158
13560	-3808.951	-3954.582	145.6313	0.9307105	0.824806	0.430405	0.569595	5.456338
13566	-3806.68	-3951.538	144.8588	0.8702662	0.9216959	0.364512	0.635488	5.854418
13572	-3799.651	-3945.335	145.6838	0.8899606	0.8605613	0.345437	0.654563	5.427519
13578	-3803.74	-3950.05	146.3103	1.059198	1.0724	0.383218	0.616782	4.866133
13584	-3808.545	-3953.614	145.0689	0.8642631	0.736305	0.385578	0.614422	5.85963
13590	-3791.943	-3937.146	145.2036	0.8803794	0.736305	0.396429	0.603571	5.777154
13596	-3791.964	-3938.021	146.0566	0.8897057	0.6866131	0.356906	0.643094	5.338451
13602	-3789.241	-3935.418	146.1767	0.8931538	0.5975218	0.439527	0.560473	5.338451
13608	-3790.248	-3935.732	145.4844	0.9355112	0.6885031	0.321349	0.678651	5.626682
13614	-3787.253	-3932.563	145.3097	0.8482726	0.9093892	0.384516	0.615484	5.626682
13620	-3806.306	-3949.701	143.3954	0.8964384	0.7976624	0.350633	0.649367	6.710739
13626	-3813.093	-3956.691	143.5975	0.7154296	0.7800215	0.269979	0.730021	6.710739
13632	-3803.311	-3947.854	144.5431	0.8333015	0.7819883	0.328404	0.671596	6.132755
13638	-3795.014	-3939.515	144.5011	0.8459142	0.8068115	0.431208	0.568792	6.132755
13644	-3803.818	-3948.417	144.5987	0.9011432	0.6840475	0.370835	0.629165	6.132755
13650	-3806.811	-3951.762	144.9505	0.8529122	1.036485	0.342305	0.657695	5.749862
13656	-3804.575	-3949.901	145.3258	0.8529122	0.874593	0.38603	0.61397	5.636069
13662	-3801.016	-3946.201	145.1854	0.936235	0.9425699	0.356049	0.643951	5.627357
13668	-3818.71	-3963.808	145.0981	0.9559181	0.6534453	0.352586	0.647414	5.852852
13674	-3811.637	-3958.64	147.0022	1.083786	0.6660301	0.428673	0.571327	4.720878
13680	-3813.082	-3960.496	147.4139	1.081151	0.7796435	0.307324	0.692676	4.409977
13686	-3813.821	-3961.21	147.3893	1.107421	0.7782867	0.316418	0.683582	4.409977
13692	-3808.287	-3953.652	145.3651	0.96163	0.7651602	0.422048	0.577952	5.624525
13698	-3808.478	-3953.953	145.4752	0.915703	0.8624315	0.303997	0.696003	5.526998
13704	-3808.279	-3954.115	145.8358	0.8895012	0.9498784	0.482032	0.517968	5.29086
13710	-3813.711	-3957.216	143.5056	0.6815727	0.9715134	0.2974	0.7026	6.664146
13716	-3819.614	-3962.422	142.8076	0.9451411	0.7722827	0.457684	0.542316	7.017865
13722	-3804.945	-3947.862	142.9164	0.7317953	0.8621732	0.370922	0.629078	7.017865
13728	-3804.554	-3949.44	144.8853	0.8295189	0.7640236	0.413	0.587	5.96018
13734	-3823.625	-3968.767	145.1428	0.8059236	0.7640236	0.360494	0.639506	5.832368
13740	-3814.415	-3959.265	144.8506	0.7116328	1.003618	0.446323	0.553677	5.899494
13746	-3811.613	-3956.119	144.5063	0.7116328	0.651234	0.375528	0.624472	6.310042
13752	-3798.356	-3943.434	145.0783	0.9305252	0.7515616	0.272228	0.727772	5.807848
13758	-3786.819	-3931.98	145.161	0.8479104	0.7515616	0.321099	0.678901	5.807848
13764	-3793.255	-3938.332	145.0771	0.7509799	0.8239191	0.438311	0.561689	5.859444
13770	-3791.917	-3936.158	144.2413	0.817891	0.8239191	0.343584	0.656416	6.278457
13776	-3802.855	-3947.508	144.6534	0.7730331	0.6337707	0.394879	0.605121	6.209862
13782	-3804.511	-3950.033	145.5224	0.7804809	0.9073377	0.3084	0.6916	5.548306
13788	-3812.92	-3959.263	146.3427	1.015259	0.7871002	0.409416	0.590584	5.040931
13794	-3808.619	-3953.332	144.7128	0.7980085	0.7798015	0.310454	0.689546	6.061023
13800	-3807.384	-3953.955	146.571	0.9480843	0.7560269	0.433588	0.566412	4.972323
13806	-3802.852	-3949.503	146.651	0.8628792	0.7560269	0.381782	0.618218	4.975215
13812	-3809.616	-3954.809	145.1937	0.8628792	0.8878026	0.262165	0.737835	5.695102
13818	-3813.44	-3958.828	145.3881	0.8262693	0.7518626	0.298534	0.701466	5.695102
13824	-3806.936	-3952.302	145.3664	0.8858324	0.6501064	0.377772	0.622228	5.746931
13830	-3807.855	-3954.653	146.7981	0.8958128	1.003113	0.387337	0.612663	4.722644
13836	-3802.982	-3949.803	146.8208	1.114253	0.8574992	0.490093	0.509907	4.673828
13842	-3798.561	-3943.616	145.0553	0.9734283	0.8004348	0.323644	0.676356	5.764681
13848	-3806.605	-3952.298	145.6924	0.7677419	0.8358808	0.282836	0.717164	5.505401
13854	-3798.072	-3943.603	145.5312	0.9289654	0.8358808	0.374014	0.625986	5.505401
13860	-3801.798	-3947.572	145.774	0.95633	0.6103175	0.40395	0.59605	5.515245
13866	-3812.052	-3956.742	144.6899	0.862935	0.6527591	0.404781	0.595219	6.12681
13872	-3809.921	-3955.392	145.4712	0.9734063	0.9464682	0.406127	0.593873	5.447592
13878	-3805.599	-3951.14	145.5408	0.9038208	0.9464682	0.279786	0.720214	5.447592
13884	-3797.408	-3943.186	145.7778	0.9038208	0.7385074	0.325631	0.674369	5.447592
13890	-3793.675	-3939.658	145.9831	0.7820456	0.6739293	0.401511	0.598489	5.447592
13896	-3803.941	-3948.664	144.723	0.843276	0.6143077	0.399529	0.600471	6.148752
13902	-3800.55	-3947.025	146.475	1.026218	0.7026011	0.287281	0.712719	5.019756
13908	-3808.014	-3952.578	144.5638	0.9073376	0.5387231	0.356546	0.643454	6.262008
13914	-3801.083	-3946.183	145.0996	0.8755931	0.8233665	0.434253	0.565747	5.779335
13920	-3791.648	-3936.953	145.3055	0.8927163	0.7894546	0.456437	0.543563	5.678959
13926	-3805.909	-3952.397	146.4876	0.912531	0.901108	0.409877	0.590123	4.945516
13932	-3792.869	-3938.815	145.9458	0.8802271	0.8519097	0.412016	0.587984	5.293772
13938	-3809.568	-3955.11	145.5414	0.8204649	0.914963	0.436251	0.563749	5.511424
13944	-3798.186	-3943.849	145.6631	0.811964	0.8134239	0.379426	0.620574	5.511424
13950	-3794.975	-3939.561	144.5868	0.8734175	0.7636001	0.410095	0.589905	6.099246
13956	-3805.182	-3948.376	143.194	0.773874	1.017844	0.362164	0.637836	6.757481
13962	-3805.074	-3948.873	143.7986	0.879585	0.736373	0.357819	0.642181	6.542168
13968	-3799.565	-3945.87	146.3053	0.9116594	0.736373	0.441137	0.558863	5.153518
13974	-3794.428	-3939.423	144.9951	0.9487459	0.7767601	0.38352	0.61648	5.826621
13980	-3798.295	-3943.303	145.0084	0.9353548	0.7767601	0.320188	0.679812	5.826621
13986	-3800.39	-3945.737	145.3476	0.7215736	0.8271373	0.472221	0.527779	5.72552
13992	-3800.149	-3946.833	146.6841	0.8701644	1.254658	0.352366	0.647634	4.671979
13998	-3803.931	-3951.076	147.1447	0.9322703	0.7402849	0.263294	0.736706	4.671979
14004	-3797.943	-3943.873	145.9297	0.7982975	0.7677451	0.425785	0.574215	5.402183
14010	-3798.409	-3942.985	144.5761	0.799742	0.8983575	0.445014	0.554986	6.060877
14016	-3794.426	-3939.017	144.5912	0.7845785	0.8983575	0.399975	0.600025	6.060877
14022	-3805.193	-3949.704	144.5112	0.8899017	0.8752179	0.470707	0.529293	6.060877
14028	-3805.18	-3949.651	144.4711	0.9300548	0.8752179	0.211423	0.788577	6.060877
14034	-3807.489	-3954.873	147.3837	1.023595	0.9690002	0.31477	0.68523	4.341054
14040	-3806.275	-3953.03	146.7555	0.9878037	0.9256773	0.448249	0.551751	4.739555
14046	-3815.755	-3963.055	147.3005	0.9878037	0.922862	0.434525	0.565475	4.435352
14052	-3813.243	-3959.925	146.6818	0.9397809	0.9468396	0.306397	0.693603	4.795123
14058	-3808.094	-3954.237	146.1429	1.011514	0.9939505	0.36454	0.63546	5.028323
14064	-3807.207	-3953.355	146.1474	0.9405854	1.061843	0.521253	0.478747	5.028323
14070	-3797.787	-3943.931	146.1437	0.9505075	0.9168557	0.346791	0.653209	5.105991
14076	-3804.056	-3950.805	146.7495	0.949676	0.9168557	0.371735	0.628265	4.76943
14082	-3804.302	-3950.915	146.6137	0.9704936	0.7511454	0.383198	0.616802	4.939497
14088	-3797.538	-3944.235	146.6972	0.8869087	0.7511454	0.386852	0.613148	4.939497
14094	-3808.989	-3953.539	144.5499	0.8620969	0.9437456	0.363648	0.636352	6.01483
14100	-3813.944	-3959.667	145.7224	1.017222	0.7800213	0.355494	0.644506	5.387572
14106	-3815.927	-3960.875	144.9482	0.9173518	1.027231	0.388344	0.611656	5.720768
14112	-3808.413	-3954.105	145.6921	0.9348824	0.9263053	0.324554	0.675446	5.358744
14118	-3822.462	-3967.54	145.0781	0.9348824	1.073898	0.413536	0.586464	5.615277
14124	-3819.057	-3964.383	145.3265	0.8945448	0.9833795	0.319519	0.680481	5.549687
14130	-3816.95	-3963.406	146.4554	0.8810009	0.8861551	0.454304	0.545696	4.989997
14136	-3832.546	-3978.309	145.7633	0.8779115	0.8861551	0.523997	0.476003	5.374772
14142	-3802.934	-3949.269	146.3341	0.8779115	0.8861551	0.390286	0.609714	5.059104
14148	-3808.7	-3953.963	145.2626	0.8779115	0.8861551	0.291991	0.708009	5.650065
14154	-3815.091	-3960.239	145.1486	0.8455207	1.02764	0.34213	0.65787	5.650065
14160	-3804.651	-3949.306	144.6548	0.8455207	0.9120705	0.368097	0.631903	5.984937
14166	-3805.427	-3949.034	143.6073	0.7274841	0.9120705	0.469318	0.530682	6.617948
14172	-3808.672	-3951.958	143.2865	0.8081194	0.9120705	0.530105	0.469895	6.747742
14178	-3822.941	-3966.86	143.9185	0.7218364	0.8278994	0.350241	0.649759	6.503136
14184	-3811.931	-3957.332	145.4015	0.8238987	1.093607	0.375159	0.624841	5.488372
14190	-3814.204	-3960.79	146.5858	1.053268	0.8927359	0.332944	0.667056	4.817479
14196	-3813.126	-3959.482	146.3565	0.9605926	0.8927359	0.348829	0.651171	4.996759
14202	-3816.162	-3963.061	146.8986	0.9185384	0.7738277	0.351714	0.648286	4.794225
14208	-3818.772	-3965.615	146.8424	0.9185384	0.8212789	0.349409	0.650591	4.794225
14214	-3806.9	-3951.996	145.0956	0.9254295	0.9680056	0.431381	0.568619	5.66808
14220	-3800.021	-3946.476	146.455	0.9254295	0.8203295	0.400315	0.599685	5.006707
14226	-3795.718	-3941.841	146.1231	0.8610439	0.7676538	0.471958	0.528042	5.260906
14232	-3810.601	-3957.561	146.9592	0.9899957	0.7974257	0.342904	0.657096	4.704639
14238	-3806.683	-3953.686	147.0032	0.9899957	0.8509375	0.366215	0.633785	4.645399
14244	-3806.772	-3953.491	146.7185	0.9899957	1.132652	0.338942	0.661058	4.645399
14250	-3822.366	-3969.132	146.7664	1.01001	1.18305	0.29938	0.70062	4.582011
14256	-3810.001	-3958.263	148.261	1.01514	0.9563753	0.283151	0.716849	3.853584
14262	-3810.093	-3956.899	146.8062	0.9962595	0.8131807	0.308771	0.691229	4.776305
14268	-3808.367	-3955.502	147.1348	0.9357202	0.8131807	0.339052	0.660948	4.626304
14274	-3798.651	-3944.045	145.3941	0.7484801	0.8356601	0.347708	0.652292	5.679923
14280	-3809.615	-3955.42	145.8048	0.8548926	0.9104714	0.395033	0.604967	5.35005
14286	-3812.656	-3958.531	145.8747	0.8578204	0.8443796	0.465088	0.534912	5.35005
14292	-3799.876	-3945.265	145.3893	0.8053234	0.8145293	0.315683	0.684317	5.664746
14298	-3799.44	-3944.548	145.1085	0.8926033	1.102625	0.413558	0.586442	5.606982
14304	-3802.738	-3947.91	145.1717	0.9239136	1.097564	0.417466	0.582534	5.55768
14310	-3797.802	-3942.471	144.6695	0.9290276	0.9741513	0.410968	0.589032	5.895912
14316	-3803.559	-3950.095	146.5359	1.073502	0.9741513	0.375679	0.624321	4.786197
14322	-3815.022	-3959.198	144.1759	0.6424985	0.6218503	0.407571	0.592429	6.548828
14328	-3803.836	-3947.345	143.5091	0.8393743	0.9359177	0.343521	0.656479	6.596869
14334	-3801.028	-3945.606	144.5776	0.8299842	0.9843211	0.392873	0.607127	5.99451
14340	-3804.23	-3950.629	146.3999	0.8445667	0.9843211	0.438934	0.561066	4.983743
14346	-3801.596	-3950.482	148.886	1.124569	0.9843211	0.306051	0.693949	3.411079
14352	-3824.565	-3969.333	144.768	0.8219852	0.9304467	0.239086	0.760914	5.925329
14358	-3812.916	-3957.885	144.9688	0.8257364	0.7510735	0.357921	0.642079	5.925329
14364	-3809.36	-3955.256	145.8956	0.8732593	0.8031805	0.427427	0.572573	5.356283
14370	-3811.672	-3957.888	146.2161	1.000375	0.9215768	0.390178	0.609822	5.035398
14376	-3815.827	-3961.692	145.8655	1.09075	1.191858	0.2495	0.7505	5.035398
14382	-3807.891	-3951.226	143.3353	0.9556321	1.178316	0.589123	0.410877	6.501806
14388	-3802.934	-3949.498	146.5647	0.9556321	0.8809838	0.397514	0.602486	4.890852
14394	-3797.566	-3943.126	145.5598	0.8893384	0.8809838	0.435044	0.564956	5.48363
14400	-3799.529	-3946.663	147.1338	0.970654	0.6038574	0.323998	0.676002	4.759071
14406	-3800.548	-3946.609	146.0611	0.970654	0.5528155	0.372085	0.627915	5.396374
14412	-3800.78	-3947.254	146.4746	1.016172	0.5528155	0.330079	0.669921	5.142814
14418	-3803.419	-3950.891	147.4717	1.044519	0.5481745	0.369596	0.630404	4.575169
14424	-3812.53	-3959.606	147.0758	1.044519	0.8492821	0.331796	0.668204	4.575169
14430	-3801.069	-3947.43	146.3611	0.9170894	0.8491828	0.333062	0.666938	5.045178
14436	-3805.902	-3951.415	145.5129	0.9315043	0.7897259	0.414421	0.585579	5.543628
14442	-3785.283	-3930.365	145.082	0.8612862	0.742359	0.37669	0.62331	5.849987
14448	-3791.523	-3936.553	145.0302	0.8045281	0.8332506	0.268274	0.731726	5.849987
14454	-3802.309	-3945.948	143.6396	0.857031	0.8354058	0.522253	0.477747	6.576279
14460	-3804.798	-3950.768	145.9703	0.9900679	0.9844757	0.317197	0.682803	5.14125
14466	-3798.224	-3944.184	145.96	0.8738166	0.8329387	0.281853	0.718147	5.301379
14472	-3802.542	-3946.754	144.2124	0.8791455	0.8329387	0.429732	0.570268	6.255208
14478	-3797.293	-3944.969	147.6766	1.031015	0.8884748	0.389935	0.610065	4.219248
14484	-3795.43	-3940.508	145.0775	1.031015	0.8835444	0.442387	0.557613	5.669211
14490	-3791.762	-3935.498	143.7366	0.8106486	0.9221291	0.349848	0.650152	6.497185
14496	-3799.701	-3942.909	143.2078	0.8252937	0.7418006	0.390834	0.609166	6.887033
14502	-3805.82	-3952.663	146.8432	0.943813	0.9031971	0.406843	0.593157	4.728544
14508	-3809.18	-3955.875	146.6953	0.9709807	1.109595	0.402719	0.597281	4.680911
14514	-3804.137	-3950.559	146.4218	0.8250784	0.9998465	0.404022	0.595978	4.973723
14520	-3820.288	-3963.535	143.2461	0.6768507	0.7802501	0.416258	0.583742	6.921027
14526	-3816.571	-3959.452	142.8812	0.6768507	1.130389	0.418541	0.581459	6.921027
14532	-3826.756	-3972.501	145.7445	1.029203	0.9002584	0.3797	0.6203	5.293188
14538	-3806.439	-3952.752	146.3132	1.003494	0.8307518	0.425327	0.574673	5.035418
14544	-3808.796	-3955.475	146.6792	0.8627235	0.6700059	0.285051	0.714949	5.021023
14550	-3799.384	-3944.599	145.2148	0.8468002	0.7245377	0.301884	0.698116	5.797525
14556	-3790.425	-3936.193	145.7679	0.9340197	0.7245377	0.363359	0.636641	5.446081
14562	-3793.456	-3938.964	145.5077	0.8849358	0.8746082	0.407287	0.592713	5.518586
14568	-3805.333	-3948.704	143.3711	0.7608162	1.049885	0.410349	0.589651	6.651989
14574	-3806.28	-3950.954	144.6741	0.8058015	0.903844	0.362006	0.637994	6.000898
14580	-3801.895	-3946.486	144.5915	0.7703935	0.8712058	0.38171	0.61829	6.084679
14586	-3804.166	-3946.815	142.6495	0.7054831	0.8712058	0.406198	0.593802	7.17019
14592	-3810.194	-3954.63	144.436	0.8675244	0.7635883	0.371093	0.628907	6.184575
14598	-3805.832	-3950.286	144.4539	0.8496233	0.7635883	0.465733	0.534267	6.184575
14604	-3802.586	-3946.451	143.865	0.7795484	1.000978	0.370237	0.629763	6.400371
14610	-3802.303	-3946.497	144.1937	0.7223567	1.039532	0.457206	0.542794	6.232338
14616	-3795.966	-3940.743	144.7775	0.8355863	0.931623	0.326157	0.673843	5.91203
14622	-3799.563	-3944.161	144.5979	0.8218799	1.128915	0.278072	0.721928	5.91203
14628	-3798.499	-3941.81	143.3111	0.8118671	0.8573991	0.278927	0.721073	6.764816
14634	-3795.773	-3940.366	144.5924	0.8118671	0.8573991	0.374805	0.625195	6.069946
14640	-3799.452	-3944.099	144.6469	0.8865116	0.8573991	0.407701	0.592299	5.999539
14646	-3809.817	-3955.672	145.855	0.8513726	0.9197505	0.356147	0.643853	5.318812
14652	-3814.653	-3961.104	146.4509	0.8891715	0.6229375	0.333836	0.666164	5.168916
14658	-3820.716	-3965.185	144.469	0.8322626	0.8719049	0.397848	0.602152	6.117259
14664	-3809.655	-3954.417	144.762	0.7257592	0.8137156	0.314794	0.685206	6.051657
14670	-3810.412	-3955.651	145.239	0.8073934	0.807333	0.220682	0.779318	5.750554
14676	-3814.494	-3959.601	145.1074	0.8188407	0.9147599	0.32762	0.67238	5.750554
14682	-3813.044	-3959.093	146.049	0.83588	0.7917577	0.414582	0.585418	5.299711
14688	-3817.375	-3963.303	145.9279	0.7714796	0.7917577	0.444914	0.555086	5.40203
14694	-3800.193	-3945.742	145.5493	0.9084254	0.8693941	0.350566	0.649434	5.485969
14700	-3813.889	-3960.765	146.8755	0.9638423	0.8253185	0.400235	0.599765	4.747827
14706	-3810.111	-3955.095	144.9843	0.908546	0.9273401	0.355755	0.644245	5.761521
14712	-3795.746	-3941.665	145.919	0.9224457	1.089797	0.306647	0.693353	5.150313
14718	-3801.224	-3947.201	145.977	0.9240035	1.027629	0.272424	0.727576	5.150313
14724	-3811.327	-3956.605	145.2782	0.8468886	0.9334641	0.367655	0.632345	5.630691
14730	-3803.826	-3949.155	145.3283	0.8468886	0.8867314	0.449402	0.550598	5.630691
14736	-3805.413	-3950.367	144.9544	0.9217836	0.8867314	0.356063	0.643937	5.794571
14742	-3806.786	-3951.74	144.9544	0.9217836	0.8867314	0.306304	0.693696	5.794571
14748	-3803.784	-3947.661	143.8767	0.6810322	0.9673764	0.317689	0.682311	6.4659
14754	-3800.053	-3943.46	143.4061	0.859435	0.9516746	0.394848	0.605152	6.632813
14760	-3794.146	-3937.581	143.4349	0.7680871	0.9516746	0.324986	0.675014	6.666673
14766	-3800.062	-3945.714	145.6526	0.8994765	0.9516746	0.349128	0.650872	5.385421
14772	-3806.701	-3953.084	146.3833	0.9090096	0.9516746	0.359491	0.640509	4.975741
14778	-3806.2	-3951.723	145.5223	0.8392649	0.8739258	0.43613	0.56387	5.53611
14784	-3811.97	-3955.534	143.5645	0.8440315	0.9751209	0.42382	0.57618	6.542412
14790	-3801.971	-3948.209	146.2385	1.080453	1.023905	0.385825	0.614175	4.920365
14796	-3808.146	-3955.144	146.9979	0.9286609	0.7594392	0.365455	0.634545	4.742859
14802	-3809.256	-3955.8	146.5435	0.968458	0.7481002	0.358585	0.641415	4.981757
14808	-3803.996	-3950.647	146.6505	0.8614609	0.7481002	0.375174	0.624826	4.981757
14814	-3816.738	-3963.089	146.3512	1.012791	1.052557	0.339973	0.660027	4.879746
14820	-3811.416	-3957.995	146.5783	0.9199074	0.9198398	0.380532	0.619468	4.879746
14826	-3815.533	-3961.316	145.7825	0.8662003	0.7179158	0.434851	0.565149	5.480019
14832	-3810.686	-3956.623	145.9375	0.8901737	0.7957583	0.368716	0.631284	5.328644
14838	-3806.738	-3952.681	145.9431	0.9172961	0.7685454	0.368004	0.631996	5.328644
14844	-3799.231	-3945.107	145.8757	0.8437022	0.8911091	0.385077	0.614923	5.328644
14850	-3798.298	-3942.486	144.188	0.8437022	0.8911091	0.325344	0.674656	6.252446
14856	-3811.104	-3958.255	147.1505	0.9517761	0.8911091	0.385426	0.614574	4.559214
14862	-3813.304	-3958.406	145.102	0.9517761	0.7183608	0.331647	0.668353	5.80609
14868	-3807.079	-3952.07	144.9911	0.8560942	0.9196432	0.382163	0.617837	5.790963
14874	-3803.966	-3950.806	146.8394	1.006505	0.7382788	0.322206	0.677794	4.802546
14880	-3811.527	-3958.366	146.8394	1.006505	0.7382788	0.407972	0.592028	4.802546
14886	-3813.612	-3960.259	146.6465	0.9489297	0.7382788	0.329525	0.670475	4.942107
14892	-3818.318	-3962.728	144.4108	0.7883403	0.8851543	0.412123	0.587877	6.164914
14898	-3813.482	-3959.48	145.9983	0.8371585	0.8851543	0.347309	0.652691	5.268172
14904	-3813.568	-3960.138	146.5697	0.9839443	0.8345389	0.324358	0.675642	4.901288
14910	-3793.34	-3939.114	145.7734	0.9213651	0.8229715	0.418168	0.581832	5.384387
14916	-3799.155	-3946.465	147.3103	1.009947	0.8229715	0.393112	0.606888	4.479671
14922	-3802.938	-3949.589	146.6514	0.9750029	0.7387344	0.321464	0.678536	4.924597
14928	-3795.133	-3941.181	146.048	0.8970565	0.8949478	0.468413	0.531587	5.201689
14934	-3800.799	-3946.471	145.6725	0.825053	0.9972116	0.403425	0.596575	5.38986
14940	-3804.201	-3948.746	144.5453	0.8666001	0.8711614	0.397529	0.602471	6.05742
14946	-3806.528	-3953.386	146.8571	1.040713	0.8458285	0.390758	0.609242	4.702055
14952	-3796.788	-3943.791	147.0036	1.049679	0.7165177	0.348983	0.651017	4.702055
14958	-3800.188	-3943.395	143.2067	0.757667	0.8371718	0.397686	0.602314	6.86271
14964	-3807.738	-3950.877	143.1395	0.8249426	0.8371718	0.389364	0.610636	6.86271
14970	-3798.434	-3941.971	143.5375	0.8017776	0.9424767	0.426756	0.573244	6.598161
14976	-3790.942	-3938.043	147.1007	0.9984451	0.6702655	0.461387	0.538613	4.71033
14982	-3803.134	-3950.062	146.9285	1.00387	0.6702655	0.417082	0.582918	4.80351
14988	-3794.978	-3942.718	147.7406	1.003792	0.8614021	0.407842	0.592158	4.215353
14994	-3806.795	-3952.443	145.6473	0.9576071	0.6555561	0.334644	0.665356	5.549364
15000	-3801.32	-3947.386	146.0658	0.8859431	0.8613365	0.358648	0.641352	5.218445
15006	-3794.717	-3940.862	146.1448	0.8555101	0.749915	0.312497	0.687503	5.263962
15012	-3802.936	-3948.897	145.9616	0.9097093	0.8596539	0.407969	0.592031	5.263962
15018	-3798.684	-3944.827	146.1436	0.8644305	0.7437565	0.288986	0.711014	5.263962
15024	-3802.249	-3948.345	146.0959	0.8644305	0.7827394	0.311703	0.688297	5.263962
15030	-3801.686	-3946.44	144.754	0.8205981	0.7789529	0.47047	0.52953	6.02681
15036	-3796.101	-3939.794	143.6926	0.7928091	0.7789529	0.246286	0.753714	6.618213
15042	-3805.907	-3953.044	147.1377	0.8704119	0.7789529	0.374645	0.625355	4.684015
15048	-3793.476	-3939.447	145.9709	0.9786754	0.7145098	0.350326	0.649674	5.316647
15054	-3802.858	-3946.806	143.9477	0.9147907	0.9299672	0.37753	0.62247	6.321699
15060	-3798.461	-3943.617	145.1564	0.7846935	0.9398758	0.326029	0.673971	5.727855
15066	-3807.715	-3953.107	145.3922	0.9178664	0.8748147	0.339051	0.660949	5.563821
15072	-3805.106	-3950.56	145.4543	0.8557729	0.8748147	0.350646	0.649354	5.563821
15078	-3796.19	-3940.6	144.41	0.7741686	0.8027051	0.408727	0.591273	6.223952
15084	-3803.671	-3948.428	144.7569	0.7676806	0.7815293	0.362882	0.637118	6.052375
15090	-3799.545	-3945.391	145.8458	0.8436791	0.7911947	0.375997	0.624003	5.407856
15096	-3810.24	-3954.39	144.1498	0.8187794	0.8395676	0.406974	0.593026	6.317887
15102	-3799.504	-3945.071	145.5673	0.8221636	0.8053121	0.325217	0.674783	5.563735
15108	-3802.119	-3946.639	144.5192	0.833354	0.7459351	0.244071	0.755929	6.169724
15114	-3799.696	-3945.63	145.9336	0.9556713	0.7459351	0.365366	0.634634	5.328
15120	-3806.825	-3952.56	145.7349	0.8306374	1.02209	0.420203	0.579797	5.338725
15126	-3813.521	-3959.127	145.6068	0.9578078	1.0231	0.390984	0.609016	5.338725
15132	-3803.376	-3949.356	145.9798	0.9052304	0.7338115	0.342135	0.657865	5.338725
15138	-3803.471	-3949.34	145.8689	0.9052304	0.7535739	0.442205	0.557795	5.386291
15144	-3801.043	-3946.513	145.4699	0.878226	0.8244198	0.386038	0.613962	5.574204
15150	-3799.802	-3945.176	145.3735	0.8706655	0.7084189	0.380439	0.619561	5.708851
15156	-3796.54	-3941.859	145.3193	0.8532094	0.7655295	0.33702	0.66298	5.708851
15162	-3830.239	-3974.975	144.7356	0.8770194	0.8119833	0.242761	0.757239	5.984671
15168	-3814.424	-3961.068	146.6443	0.8996584	0.7931395	0.409995	0.590005	4.933545
15174	-3810.814	-3956.377	145.5629	1.000286	0.9997611	0.288397	0.711603	5.352245
15180	-3799.219	-3946.703	147.4843	0.9856224	0.7753242	0.421729	0.578271	4.427094
15186	-3794.223	-3939.967	145.744	0.9856224	0.8713668	0.42282	0.57718	5.334959
15192	-3800.944	-3946.91	145.9653	0.8577098	0.7900751	0.377311	0.622689	5.334959
15198	-3795.094	-3940.496	145.4027	0.8985286	0.8787161	0.30337	0.69663	5.566333
15204	-3793.699	-3939.005	145.3059	0.8908266	0.8787161	0.274715	0.725285	5.623709
15210	-3793.044	-3938.844	145.8002	0.8517632	0.8724276	0.38426	0.61574	5.377126
15216	-3786.51	-3931.396	144.8864	0.8477144	0.7354652	0.475895	0.524105	5.968922
15222	-3792.708	-3939.139	146.4319	0.9322628	0.7827547	0.368349	0.631651	5.040344
15228	-3801.717	-3947.341	145.6235	0.9902186	0.7827547	0.351633	0.648367	5.455126
15234	-3804.422	-3949.148	144.7257	0.9076725	0.6748622	0.394163	0.605837	6.066674
15240	-3805.341	-3949.713	144.3721	0.8797418	1.007631	0.403234	0.596766	6.066674
15246	-3806.335	-3951.196	144.8614	0.8365982	0.9354314	0.330253	0.669747	5.863417
15252	-3805.849	-3951.147	145.2985	0.869191	1.04216	0.402513	0.597487	5.547
15258	-3797.673	-3943.019	145.3467	0.869191	0.9933736	0.281871	0.718129	5.547
15264	-3801.317	-3946.831	145.5137	0.8367925	0.7337505	0.345576	0.654424	5.632842
15270	-3807.275	-3953.963	146.6877	0.9028532	0.758742	0.476496	0.523504	4.930749
15276	-3804.96	-3951.743	146.783	1.013909	0.8925246	0.355977	0.644023	4.729483
15282	-3807.992	-3955.48	147.4887	1.013909	1.002498	0.335372	0.664628	4.267998
15288	-3799.599	-3945.807	146.2082	0.8186931	0.8298625	0.425631	0.574369	5.196613
15294	-3799.07	-3943.675	144.6058	0.8575877	0.7808608	0.336902	0.663098	6.086161
15300	-3796.539	-3941.43	144.8908	0.7852105	0.697715	0.401243	0.598757	6.026957
15306	-3804.261	-3951.002	146.7414	1.100669	0.7446425	0.401889	0.598111	4.800262
15312	-3799.589	-3945.449	145.86	0.8788593	0.8905186	0.479294	0.520706	5.318255
15318	-3795.233	-3939.821	144.5881	0.8788593	0.9870895	0.339268	0.660732	5.960558
15324	-3810.504	-3954.965	144.4613	0.7823181	0.8585762	0.279815	0.720185	6.156718
15330	-3801.878	-3946.915	145.0375	0.8004315	0.8585762	0.306799	0.693201	5.832533
15336	-3799.969	-3944.371	144.4021	0.8347251	1.13067	0.433779	0.566221	6.011034
15342	-3805.001	-3949.711	144.7108	0.8749881	0.8763829	0.444511	0.555489	5.959463
15348	-3808.422	-3952.286	143.8635	0.8483999	0.8301141	0.398707	0.601293	6.462986
15354	-3803.716	-3947.958	144.2416	0.7560321	0.9353254	0.359593	0.640407	6.245238
15360	-3806.173	-3951.562	145.389	0.8439481	0.657038	0.412492	0.587508	5.752265
15366	-3807.267	-3952.473	145.2059	0.7894762	0.7611879	0.317977	0.682023	5.808778
15372	-3800.713	-3946.979	146.2656	0.9468894	0.7579192	0.35198	0.64802	5.141137
15378	-3794.346	-3940.197	145.8506	0.8913504	1.062164	0.277507	0.722493	5.219878
15384	-3804.149	-3950.176	146.0268	0.8913504	0.9084629	0.252439	0.747561	5.208467
15390	-3805.516	-3952.141	146.625	1.089984	0.9610517	0.292026	0.707974	4.734706
15396	-3796.495	-3941.166	144.6709	0.9011333	0.8161584	0.401294	0.598706	6.004206
15402	-3798.234	-3942.955	144.7212	0.8511164	0.8158417	0.352672	0.647328	6.004206
15408	-3807.234	-3951.897	144.6634	0.870932	0.7756067	0.422795	0.577205	6.050953
15414	-3811.262	-3957.85	146.588	0.9108681	0.8265499	0.341426	0.658574	4.936916
15420	-3814.973	-3958.846	143.8723	0.8081958	0.8999909	0.447005	0.552995	6.4378
15426	-3806.253	-3953.863	147.6102	0.9032196	0.7579983	0.391935	0.608065	4.414442
15432	-3796.219	-3940.342	144.1234	0.7322864	0.8461306	0.325175	0.674825	6.375134
15438	-3794.52	-3939.033	144.513	0.7265681	0.8100773	0.347381	0.652619	6.189108
15444	-3786.733	-3932.042	145.3093	0.8220415	0.8100773	0.404556	0.595444	5.702276
15450	-3792.218	-3937.432	145.2136	0.9177967	0.8100773	0.356958	0.643042	5.702276
15456	-3791.026	-3936.107	145.0809	0.9206681	0.9267529	0.42792	0.57208	5.702276
15462	-3795.712	-3942.581	146.8685	1.034139	1.180179	0.342944	0.657056	4.51252
15468	-3793.479	-3940.181	146.7019	1.024594	0.885785	0.393704	0.606296	4.772944
15474	-3794.66	-3939.907	145.2473	0.8373911	1.091639	0.346121	0.653879	5.566737
15480	-3804.953	-3949.311	144.3574	0.8842422	0.6818821	0.363533	0.636467	6.274682
15486	-3810.812	-3955.142	144.3303	0.8993108	0.6910599	0.3482	0.6518	6.274682
15492	-3806.167	-3950.669	144.5026	0.9722775	0.6910599	0.380404	0.619596	6.141292
15498	-3811.233	-3957.857	146.624	0.8903051	1.051266	0.501534	0.498466	4.796614
15504	-3811.818	-3955.461	143.6429	0.8005458	0.9519813	0.35258	0.64742	6.536382
15510	-3808.838	-3955.162	146.3235	0.866197	0.9264253	0.53324	0.46676	5.047389
15516	-3814.427	-3961.588	147.1613	0.953678	0.9264253	0.323349	0.676651	4.530756
15522	-3813.152	-3960.238	147.0861	1.069362	0.8887873	0.326893	0.673107	4.530756
15528	-3823.144	-3970.867	147.7231	1.204112	1.115832	0.384626	0.615374	3.964496
15534	-3804.978	-3949.777	144.7989	0.8885035	0.9114884	0.373227	0.626773	5.883145
15540	-3817.3	-3963.128	145.8281	0.8007288	0.8713775	0.411724	0.588276	5.390523
15546	-3810.036	-3952.922	142.8866	0.7593403	0.824069	0.365023	0.634977	7.042376
15552	-3813.399	-3955.994	142.5953	0.8608308	1.001032	0.301234	0.698766	7.042376
15558	-3807.355	-3952.42	145.0644	0.8143986	1.097637	0.348588	0.651412	5.676632
15564	-3807.697	-3954.314	146.6164	0.9763963	0.8160115	0.421152	0.578848	4.89141
15570	-3825.253	-3972.142	146.8898	0.9786903	0.8437264	0.330562	0.669438	4.71976
15576	-3807.753	-3954.426	146.673	0.9786903	0.6933024	0.400983	0.599017	4.942887
15582	-3813.777	-3960.441	146.6638	0.9056707	0.7581138	0.336261	0.663739	4.942887
15588	-3813.371	-3959.25	145.8791	0.8172359	0.8783739	0.362321	0.637679	5.349043
15594	-3811.313	-3958.055	146.7426	0.9450759	0.6614896	0.328255	0.671745	4.946418
15600	-3823.866	-3969.526	145.6598	0.9319241	0.8539648	0.482639	0.517361	5.421697
15606	-3813.816	-3959.697	145.8808	0.895653	1.132035	0.382383	0.617617	5.164692
15612	-3806.043	-3951.533	145.4908	0.7453438	1.141521	0.397357	0.602643	5.458206
15618	-3792.138	-3937.355	145.2174	0.887071	0.7664847	0.36993	0.63007	5.745524
15624	-3804.949	-3951.325	146.3762	0.8629084	0.7664847	0.276129	0.723871	5.120621
15630	-3803.661	-3949.736	146.0745	0.8734131	0.9826207	0.419928	0.580072	5.149173
15636	-3801.945	-3947.369	145.4234	0.7489522	0.7729802	0.321409	0.678591	5.703972
15642	-3794.504	-3939.859	145.3548	0.8245031	0.7673066	0.355092	0.644908	5.703972
15648	-3803.449	-3949.212	145.7637	0.8884675	0.6852007	0.358939	0.641061	5.501476
15654	-3794.763	-3940.764	146.0015	0.8406307	0.6852007	0.3584	0.6416	5.396908
15660	-3791.632	-3937.168	145.536	0.8720459	1.134907	0.389196	0.610804	5.366793
15666	-3796.605	-3942.314	145.709	0.9524457	0.8808611	0.45712	0.54288	5.366793
15672	-3798.379	-3943.681	145.302	0.8148889	0.8808611	0.278256	0.721744	5.6662
15678	-3801.622	-3946.808	145.1859	0.9407203	0.8720736	0.316883	0.683117	5.6662
15684	-3798.573	-3943.915	145.3425	0.8855544	0.8810055	0.441502	0.558498	5.605118
15690	-3792.147	-3937.516	145.3686	0.8595004	0.8810055	0.297385	0.702615	5.605118
15696	-3801.806	-3948.576	146.7705	0.9774417	0.8987996	0.439076	0.560924	4.753019
15702	-3805.62	-3951.85	146.2303	0.9774417	0.8987996	0.429451	0.570549	5.053831
15708	-3796.083	-3943.236	147.1534	0.9774417	0.7255622	0.457062	0.542938	4.652176
15714	-3796.472	-3942.75	146.2778	0.9690028	0.9846143	0.422048	0.577952	4.982263
15720	-3798.033	-3943.115	145.0816	0.8416765	0.9795823	0.369703	0.630297	5.715172
15726	-3792.279	-3937.355	145.0766	0.8769434	0.7561032	0.429566	0.570434	5.835062
15732	-3799.055	-3943.32	144.2649	0.9189221	0.8706783	0.45397	0.54603	6.18195
15738	-3787.839	-3932.241	144.4018	0.8231772	0.8340722	0.340864	0.659136	6.18195
15744	-3803.819	-3949.03	145.211	0.8345435	0.935289	0.356358	0.643642	5.673242
15750	-3806.237	-3952.068	145.8306	0.8806124	0.8138603	0.326949	0.673051	5.381159
15756	-3804.631	-3950.277	145.6464	0.8860856	0.9782209	0.495982	0.504018	5.381159
15762	-3811.207	-3957.474	146.2677	0.8704918	0.7586609	0.309699	0.690301	5.181787
15768	-3807.119	-3951.908	144.789	0.9068137	0.7820033	0.386665	0.613335	5.958684
15774	-3794.632	-3938.655	144.023	0.9565337	0.8842113	0.4366	0.5634	6.284864
15780	-3794.893	-3940.327	145.4347	0.8805782	0.8842113	0.386824	0.613176	5.555301
15786	-3798.197	-3943.711	145.514	0.8480217	0.8289185	0.362137	0.637863	5.563733
15792	-3783.884	-3928.953	145.069	0.8602983	0.7290492	0.422232	0.577768	5.866733
15798	-3798.8	-3944.719	145.9189	0.9022991	0.8247138	0.370764	0.629236	5.313544
15804	-3805.952	-3952.311	146.3582	1.029718	0.8252671	0.395893	0.604107	4.999372
15810	-3804.649	-3952.507	147.8583	1.03489	0.8252671	0.342945	0.657055	4.154152
15816	-3795.327	-3942.804	147.4768	1.065215	0.8252671	0.402045	0.597955	4.353158
15822	-3794.343	-3939.933	145.5898	0.8167256	0.9596552	0.305471	0.694529	5.461008
15828	-3789.305	-3932.826	143.5208	0.8167256	0.8908574	0.354351	0.645649	6.628866
15834	-3796.647	-3940.152	143.505	0.8369311	0.8868555	0.42421	0.57579	6.628866
15840	-3806.354	-3951.557	145.203	0.8381018	0.8868555	0.35893	0.64107	5.704187
15846	-3794.106	-3938.641	144.5348	0.7078326	0.8868555	0.390259	0.609741	6.140209
15852	-3793.495	-3938.029	144.5348	0.7078326	0.8868555	0.314655	0.685345	6.140209
15858	-3794.79	-3940.69	145.8996	0.8214365	0.7414792	0.371107	0.628893	5.423846
15864	-3808	-3953.803	145.8025	0.9020348	0.7547671	0.308879	0.691121	5.423846
15870	-3821.213	-3968.766	147.5538	1.188562	1.209468	0.493195	0.506805	4.02239
15876	-3804.177	-3952.317	148.1402	1.118988	0.8406902	0.345848	0.654152	3.935247
15882	-3806.273	-3951.1	144.8272	0.9684799	0.7869717	0.313456	0.686544	5.900857
15888	-3803.865	-3950.177	146.3129	0.8704147	0.9074877	0.544856	0.455144	5.062191
15894	-3790.236	-3936.533	146.2974	0.9520148	0.8474864	0.360471	0.639529	5.062191
15900	-3799.934	-3943.971	144.0371	0.8579107	0.7676572	0.403784	0.596216	6.403772
15906	-3790.677	-3936.465	145.7882	0.8502504	0.7190282	0.407842	0.592158	5.484864
15912	-3793.103	-3938.59	145.487	0.8992254	0.7258421	0.331425	0.668575	5.618689
15918	-3806.754	-3949.499	142.7456	0.8261283	0.8781434	0.307416	0.692584	7.049491
15924	-3808.571	-3953.795	145.2234	0.9188201	0.6812024	0.295926	0.704074	5.784188
15930	-3801.927	-3947.124	145.1963	0.7964357	0.800738	0.342844	0.657156	5.784188
15936	-3810.132	-3956.774	146.6413	0.9544004	0.7328721	0.2986	0.7014	4.945753
15942	-3809.849	-3956.563	146.7146	0.8839849	0.7305646	0.295342	0.704658	4.945753
15948	-3815.518	-3961.943	146.4244	0.9494678	0.9252635	0.364628	0.635372	4.945753
15954	-3816.703	-3963.751	147.0484	0.9739209	0.5598579	0.242181	0.757819	4.841437
15960	-3806.784	-3952.247	145.4634	0.7704212	0.8189014	0.3662	0.6338	5.640426
15966	-3803.601	-3948.523	144.9229	0.8572447	0.727101	0.335148	0.664852	5.949562
15972	-3804.846	-3950.839	145.9937	0.8483817	0.8050841	0.443383	0.556617	5.314641
15978	-3813.59	-3959.5	145.9098	0.9346003	0.803137	0.35083	0.64917	5.314641
15984	-3796.682	-3941.704	145.0212	0.8678326	0.9059262	0.372174	0.627826	5.776101
15990	-3800.085	-3945.973	145.8881	0.8678326	0.9059262	0.403949	0.596051	5.299636
15996	-3804.257	-3950.461	146.2035	0.8678326	0.8913411	0.315217	0.684783	5.133952
16002	-3809.576	-3955.391	145.8152	0.976191	1.177326	0.353749	0.646251	5.133952
16008	-3810.067	-3954.84	144.7738	0.8158096	0.8736082	0.372003	0.627997	5.959036
16014	-3818.861	-3964.051	145.1897	0.812429	0.8227033	0.373867	0.626133	5.765025
16020	-3809.024	-3955.218	146.1938	0.9135978	0.9023789	0.293588	0.706412	5.107305
16026	-3803.259	-3949.147	145.8875	0.8499977	0.8701783	0.413766	0.586234	5.33135
16032	-3805.074	-3950.854	145.7799	0.8630527	0.9585241	0.397682	0.602318	5.33135
16038	-3796.647	-3942.538	145.8916	0.8274426	0.9299231	0.340333	0.659667	5.305856
16044	-3800.125	-3944.2	144.0742	0.8101461	0.9299231	0.377677	0.622323	6.309832
16050	-3804.952	-3948.808	143.8561	0.8295374	1.13295	0.34547	0.65453	6.309832
16056	-3792.026	-3936.183	144.1565	0.7346918	0.9235447	0.328235	0.671765	6.309832
16062	-3798.427	-3943.203	144.7761	0.7777663	1.003187	0.446831	0.553169	5.904277
16068	-3813.633	-3959.927	146.2936	0.9946864	0.8046485	0.442986	0.557014	5.068016
16074	-3807.655	-3953.665	146.0099	0.8881556	1.191231	0.332001	0.667999	5.068016
16080	-3814.457	-3960.24	145.7839	0.8361021	0.8787989	0.611734	0.388266	5.390904
16086	-3818.161	-3963.658	145.4965	0.7941636	1.21812	0.403532	0.596468	5.390904
16092	-3803.28	-3948.999	145.719	0.8361778	0.9391361	0.30163	0.69837	5.390904
16098	-3810.505	-3956.514	146.0085	0.8342556	0.8543297	0.369039	0.630961	5.283022
16104	-3800.085	-3945.346	145.2613	0.9844194	0.8158932	0.343113	0.656887	5.635822
16110	-3801.574	-3949.217	147.642	1.074179	0.8534384	0.400433	0.599567	4.236408
16116	-3799.941	-3947.053	147.1119	1.040202	0.8534384	0.29554	0.70446	4.554674
16122	-3795.076	-3942.178	147.1021	0.9245759	0.797074	0.415758	0.584242	4.661519
16128	-3791.286	-3936.986	145.6994	0.9245759	0.7633436	0.30079	0.69921	5.462414
16134	-3793.576	-3939.772	146.1965	0.9602604	0.8556254	0.240951	0.759049	5.108516
16140	-3804.594	-3950.849	146.2548	0.9499088	0.8136965	0.328305	0.671695	5.108516
16146	-3800.193	-3943.743	143.5492	0.8526749	0.9927597	0.395764	0.604236	6.536337
16152	-3793.212	-3938.973	145.7606	0.9892817	0.9927597	0.385597	0.614403	5.253074
16158	-3791.275	-3936.967	145.6928	0.8965779	0.7767149	0.316357	0.683643	5.472488
16164	-3793.671	-3938.94	145.2694	0.9857608	0.8610044	0.388392	0.611608	5.602428
16170	-3791.973	-3938.359	146.3865	1.014599	0.6669553	0.304936	0.695064	5.101456
16176	-3791.309	-3937.042	145.7328	1.014599	0.903063	0.386973	0.613027	5.306054
16182	-3801.537	-3949.333	147.7955	1.0527	0.9885728	0.335248	0.664752	4.079593
16188	-3801.746	-3948.846	147.0997	1.133941	0.9216767	0.393001	0.606999	4.46687
16194	-3801.721	-3948.936	147.2148	1.001881	0.9376969	0.401749	0.598251	4.46687
16200	-3793.67	-3941.466	147.7962	1.060524	0.8032373	0.339059	0.660941	4.189434
16206	-3790.681	-3936.734	146.0526	0.921281	0.9318979	0.473744	0.526256	5.163811
16212	-3795.834	-3941.185	145.3513	0.8939329	0.9318979	0.309443	0.690557	5.565601
16218	-3795.78	-3941.134	145.3547	0.8939329	0.9286859	0.342776	0.657224	5.565601
16224	-3800.144	-3944.711	144.567	0.8098805	0.8381146	0.390409	0.609591	6.096791
16230	-3792.106	-3937.148	145.0424	0.9053381	0.7254525	0.326611	0.673389	5.859154
16236	-3795.816	-3942.467	146.6507	0.9038045	1.056561	0.429972	0.570028	4.771316
16242	-3798.212	-3945.057	146.8456	0.9446618	0.8314675	0.405389	0.594611	4.771316
16248	-3792.908	-3938.709	145.8018	0.9446618	0.837856	0.304134	0.695866	5.346436
16254	-3797.733	-3943.599	145.8666	0.896371	0.8235213	0.403334	0.596666	5.346436
16260	-3796.279	-3942.272	145.9925	0.8234567	0.7785988	0.354373	0.645627	5.346436
16266	-3803.879	-3949.13	145.2515	0.8422967	0.8087842	0.245412	0.754588	5.723681
16272	-3805.906	-3950.837	144.9315	0.8562073	1.090663	0.356374	0.643626	5.730148
16278	-3804.319	-3949.846	145.5267	1.003065	1.035164	0.374828	0.625172	5.351402
16284	-3809.698	-3956.572	146.8738	1.003065	0.773511	0.418106	0.581894	4.761069
16290	-3806.303	-3953.566	147.2628	0.9297548	0.8108503	0.330604	0.669396	4.559362
16296	-3798.328	-3944.301	145.9734	0.9297548	0.8968472	0.352608	0.647392	5.223686
16302	-3807.796	-3951.94	144.1441	0.7765705	0.8968472	0.411402	0.588598	6.309365
16308	-3804.306	-3949.758	145.4524	0.8356531	0.7140087	0.405403	0.594597	5.680838
16314	-3810.02	-3955.581	145.5605	0.7719081	0.6800379	0.433241	0.566759	5.680838
16320	-3804.237	-3949.315	145.0778	0.7766643	0.6289238	0.368707	0.631293	5.980402
16326	-3808.835	-3954.629	145.7945	0.8863588	0.5886193	0.347981	0.652019	5.559754
16332	-3806.168	-3951.743	145.575	0.9083173	0.7339501	0.350106	0.649894	5.559754
16338	-3812.555	-3958.111	145.5558	1.000178	0.6777837	0.255923	0.744077	5.559754
16344	-3811.471	-3959.21	147.7392	1.207369	0.9500523	0.380054	0.619946	4.046042
16350	-3815.077	-3960.699	145.6222	1.075027	0.7814297	0.418297	0.581703	5.41003
16356	-3809.23	-3954.991	145.761	0.9880097	0.6078252	0.384062	0.615938	5.506928
16362	-3796.593	-3942.359	145.7663	0.8848761	0.9219555	0.304497	0.695503	5.347973
16368	-3796.472	-3942.902	146.4303	0.9266336	1.011659	0.485398	0.514602	4.905914
16374	-3796.305	-3941.301	144.9956	0.7848002	0.8421797	0.339527	0.660473	5.874083
16380	-3802.533	-3947.908	145.3746	0.8040392	0.5415738	0.394178	0.605822	5.874083
16386	-3804.972	-3950.477	145.5051	1.007063	0.9256965	0.370548	0.629452	5.422425
16392	-3812.95	-3959.7	146.75	1.247295	0.7885306	0.340588	0.659412	4.683652
16398	-3805.783	-3951.181	145.3989	0.9019014	0.9336107	0.374513	0.625487	5.534104
16404	-3805.751	-3951.824	146.0728	1.014656	0.8197484	0.323731	0.676269	5.169539
16410	-3817.965	-3964.31	146.3445	0.8980108	0.9362889	0.384653	0.615347	5.012316
16416	-3805.892	-3952.234	146.3426	1.038822	0.9362889	0.434065	0.565935	4.93509
16422	-3807.8	-3954.522	146.7217	0.8806563	0.9369319	0.437855	0.562145	4.811637
16428	-3809.108	-3955.552	146.4436	0.9774255	0.6956833	0.418061	0.581939	5.069261
16434	-3812.706	-3958.198	145.4921	0.9273293	0.9787798	0.509169	0.490831	5.443147
16440	-3809.965	-3955.98	146.0154	0.9006412	0.7803502	0.408655	0.591345	5.290022
16446	-3807.086	-3953.093	146.0074	0.9150179	0.6995106	0.338647	0.661353	5.342324
16452	-3807.982	-3953.16	145.178	0.8914759	0.8907772	0.379258	0.620742	5.686248
16458	-3797.381	-3942.697	145.3161	0.8041106	0.6759918	0.37923	0.62077	5.799983
16464	-3811.524	-3956.246	144.7224	0.8041106	0.7955309	0.326305	0.673695	6.0422
16470	-3798.288	-3943.091	144.8027	0.8159456	0.7205663	0.41146	0.58854	6.0422
16476	-3805.685	-3950.36	144.6744	0.8159456	0.826467	0.234691	0.765309	6.0422
16482	-3811.473	-3957.801	146.3285	0.8159456	0.7151515	0.371371	0.628629	5.208528
16488	-3801.629	-3946.795	145.1661	0.8815831	0.9231073	0.357542	0.642458	5.679143
16494	-3808.462	-3954.793	146.3307	0.8596505	0.8583775	0.350152	0.649848	5.088166
16500	-3802.596	-3948.987	146.391	0.9457257	0.8730391	0.390401	0.609599	4.997873
16506	-3805.214	-3951.905	146.6902	0.996562	1.00777	0.259011	0.740989	4.724033
16512	-3800.395	-3945.137	144.7424	0.8885797	0.9698067	0.37274	0.62726	5.880608
16518	-3799.189	-3944.101	144.9114	0.8936878	0.9132749	0.345687	0.654313	5.817733
16524	-3802.786	-3947.464	144.6779	0.8817957	1.069333	0.360313	0.639687	5.865932
16530	-3800.714	-3946.481	145.7673	0.9531834	0.8287376	0.332884	0.667116	5.366539
16536	-3788.473	-3934.386	145.9128	0.938575	0.8927531	0.469585	0.530415	5.254797
16542	-3786.891	-3932.679	145.7878	0.938575	0.8297371	0.359204	0.640796	5.36269
16548	-3788.201	-3933.981	145.7804	0.9615658	0.8162553	0.391311	0.608689	5.36269
16554	-3788.738	-3934.332	145.5942	0.8629633	0.8162553	0.369001	0.630999	5.519465
16560	-3788.363	-3933.24	144.8774	0.9764624	0.8162553	0.376671	0.623329	5.850233
16566	-3780.793	-3924.963	144.17	0.9068504	1.054967	0.34989	0.65011	6.136746
16572	-3805.129	-3948.892	143.7631	0.7514355	0.7928217	0.370971	0.629029	6.593473
16578	-3811.828	-3956.935	145.1072	0.8480878	0.7928217	0.331182	0.668818	5.809813
16584	-3798.569	-3943.181	144.6121	0.8557947	0.7928217	0.340204	0.659796	6.075906
16590	-3801.974	-3948.253	146.2795	0.9247148	0.8933667	0.362171	0.637829	5.05904
16596	-3798.99	-3944.769	145.7789	0.895065	0.9556308	0.309837	0.690163	5.315926
16602	-3813.578	-3959.005	145.4271	0.9099351	0.9556308	0.464506	0.535494	5.501534
16608	-3799.581	-3944.892	145.3106	0.9489424	1.032797	0.433369	0.566631	5.501534
16614	-3791.977	-3937.391	145.4135	0.9407461	0.9391328	0.397954	0.602046	5.501534
16620	-3807.894	-3952.98	145.0868	0.8862721	1.129927	0.37439	0.62561	5.608592
16626	-3797.77	-3943.83	146.0598	0.9317825	0.7591292	0.352707	0.647293	5.262543
16632	-3795.738	-3941.288	145.5496	0.8644919	0.8869877	0.505961	0.494039	5.49931
16638	-3801.48	-3947.346	145.8658	0.9234527	0.8108417	0.528305	0.471695	5.340085
16644	-3790.047	-3935.896	145.849	0.9401979	0.8108417	0.336664	0.663336	5.340085
16650	-3789.512	-3934.514	145.0015	0.915045	0.7315496	0.354321	0.645679	5.872001
16656	-3800.675	-3945.598	144.9229	0.9413445	0.7168833	0.260552	0.739448	5.910738
16662	-3803.19	-3948.024	144.8337	0.8943098	0.8293456	0.300644	0.699356	5.910738
16668	-3795.218	-3940.141	144.9229	0.8051108	0.8293456	0.348247	0.651753	5.910738
16674	-3797.503	-3942.16	144.6573	0.8489233	1.039636	0.362533	0.637467	5.910738
16680	-3792.017	-3938.104	146.0871	0.8859293	0.7602211	0.429562	0.570438	5.272055
16686	-3794.827	-3940.771	145.9444	0.8707033	0.8743646	0.393439	0.606561	5.28593
16692	-3793.367	-3939.69	146.3229	0.8763106	0.7712388	0.315081	0.684919	5.13952
16698	-3795.842	-3941.964	146.1216	0.8763106	0.9508896	0.438227	0.561773	5.13952
16704	-3809.534	-3955.6	146.0663	0.9316581	0.9508896	0.383939	0.616061	5.13952
16710	-3807.752	-3953.523	145.7712	0.9658473	1.228207	0.375848	0.624152	5.13952
16716	-3808.105	-3954.331	146.2258	0.9658473	0.8543524	0.449763	0.550237	5.089936
16722	-3804.061	-3950.78	146.7191	1.058547	0.9413494	0.350096	0.649904	4.711134
16728	-3792.501	-3938.896	146.3955	0.8773138	0.9413494	0.384937	0.615063	4.992527
16734	-3806.416	-3952.639	146.2222	1.050669	0.9413494	0.339899	0.660101	4.992527
16740	-3812.919	-3959.53	146.6111	1.019235	1.076852	0.448011	0.551989	4.718179
16746	-3804.265	-3951.95	147.6858	1.042016	0.7898765	0.423775	0.576225	4.271543
16752	-3815.919	-3963.991	148.072	1.092504	0.8217253	0.403041	0.596959	4.001872
16758	-3803.454	-3951.383	147.9295	1.097759	0.9467735	0.430959	0.569041	4.001872
16764	-3805.051	-3951.734	146.683	0.9773709	1.026177	0.39211	0.60789	4.728643
16770	-3811.439	-3957.793	146.3541	0.9773709	0.9818848	0.416969	0.583031	4.93672
16776	-3815.902	-3962.309	146.4067	0.9765985	0.9317441	0.390772	0.609228	4.93672
16782	-3811.352	-3956.609	145.2565	0.9019416	0.8282748	0.458061	0.541939	5.675852
16788	-3817.057	-3961.932	144.8748	0.9360196	0.8282748	0.36413	0.63587	5.866136
16794	-3808.177	-3953.027	144.8501	0.9602362	0.8287659	0.277609	0.722391	5.866136
16800	-3808.373	-3955.126	146.7531	0.9354958	0.8287659	0.36164	0.63836	4.829776
16806	-3804.987	-3952.402	147.4154	1.180883	0.8351417	0.430729	0.569271	4.316079
16812	-3801.351	-3948.673	147.3216	1.084604	1.014021	0.340138	0.659862	4.316079
16818	-3791.261	-3939.209	147.9479	1.076345	0.7343409	0.410418	0.589582	4.141832
16824	-3786.821	-3935.696	148.875	1.119469	0.7816306	0.43108	0.56892	3.550705
16830	-3787.409	-3934.55	147.1404	1.104354	1.000048	0.401667	0.598333	4.415118
16836	-3793.403	-3939.956	146.5534	1.00646	0.8630415	0.469999	0.530001	4.879887
16842	-3802.591	-3945.635	143.0448	0.7533076	0.9494039	0.339518	0.660482	6.886472
16848	-3803.105	-3947.194	144.0884	0.8108408	0.8159494	0.521534	0.478466	6.370281
16854	-3804.777	-3950.947	146.1703	0.8059841	0.6704009	0.479637	0.520363	5.333795
16860	-3812.496	-3957.345	144.8492	0.78741	0.8925285	0.403341	0.596659	5.922077
16866	-3812.356	-3956.01	143.6546	0.7838247	0.8834097	0.343078	0.656922	6.578727
16872	-3813.234	-3958.041	144.8069	0.8506239	0.9418093	0.361663	0.638337	5.881931
16878	-3814.866	-3961.634	146.7676	1.046563	0.9418093	0.357463	0.642537	4.690391
16884	-3814.194	-3962.281	148.0867	1.243607	0.6350987	0.351281	0.648719	4.042367
16890	-3816.093	-3961.632	145.5384	0.8465677	0.9103429	0.342741	0.657259	5.501424
16896	-3806	-3951.463	145.4631	0.9253526	0.9070835	0.428355	0.571645	5.501424
16902	-3812.851	-3958.524	145.6725	0.8943961	0.9070835	0.406086	0.593914	5.403204
16908	-3811.333	-3956.231	144.8975	0.8940617	0.9070835	0.387924	0.612076	5.828739
16914	-3824.389	-3971.355	146.9656	0.9754879	0.824737	0.489547	0.510453	4.691339
16920	-3813.178	-3959.372	146.1941	1.048097	0.7534923	0.424508	0.575492	5.12772
16926	-3802.153	-3947.803	145.6498	0.8824194	0.8012931	0.262873	0.737127	5.487842
16932	-3807.376	-3952.507	145.1311	0.8866783	0.7814955	0.450289	0.549711	5.783052
16938	-3816.593	-3961.609	145.0162	0.8715281	0.8954048	0.346015	0.653985	5.783052
16944	-3802.077	-3947.045	144.9683	0.7949283	0.6986802	0.419266	0.580734	5.978711
16950	-3797.454	-3942.262	144.8085	0.7953632	0.8289843	0.433005	0.566995	5.978711
16956	-3797.138	-3941.777	144.6384	0.8145028	0.6260473	0.276525	0.723475	6.201374
16962	-3802.399	-3947.648	145.2491	0.7726506	0.7793415	0.355067	0.644933	5.782291
16968	-3801.904	-3947.029	145.1249	0.9294949	0.7525315	0.265114	0.734886	5.782291
16974	-3790.661	-3936.668	146.0063	0.9873794	0.7525315	0.397895	0.602105	5.265884
16980	-3807.619	-3953.603	145.9839	1.009711	0.7525315	0.349017	0.650983	5.265884
16986	-3809.319	-3955.716	146.3969	1.05916	1.02716	0.321493	0.678507	4.842162
16992	-3814.137	-3959.263	145.1258	0.8280898	0.848825	0.33786	0.66214	5.775059
16998	-3809.699	-3954.831	145.1325	0.8728351	0.9721537	0.282156	0.717844	5.674354
17004	-3810.366	-3956.213	145.8472	0.8815913	0.9465958	0.349745	0.650255	5.290826
17010	-3801.963	-3949.094	147.1317	1.024138	0.750697	0.374821	0.625179	4.620575
17016	-3806.644	-3954.499	147.8552	0.9968057	0.8679161	0.386423	0.613577	4.150124
17022	-3812.205	-3958.141	145.9362	0.9157255	0.985202	0.37183	0.62817	5.200877
17028	-3814.014	-3958.956	144.9424	0.8076436	0.8763647	0.350011	0.649989	5.869768
17034	-3814.035	-3961.296	147.2606	1.131401	0.827915	0.406219	0.593781	4.436073
17040	-3810.031	-3956.014	145.9826	1.064052	0.827915	0.379794	0.620206	5.186939
17046	-3801.046	-3948.89	147.8439	1.067343	0.8515457	0.312443	0.687557	4.126879
17052	-3795.836	-3942.04	146.2034	0.940199	0.9637052	0.406189	0.593811	5.051406
17058	-3802.792	-3948.925	146.1335	0.9654404	1.007924	0.42405	0.57595	5.051406
17064	-3802.757	-3947.994	145.2377	0.8713092	0.8265186	0.364091	0.635909	5.704052
17070	-3811.254	-3956.965	145.7107	0.8713092	1.005222	0.44528	0.55472	5.338854
17076	-3802.373	-3948.404	146.031	0.794065	1.012983	0.416288	0.583712	5.200363
17082	-3812.68	-3958.634	145.9546	0.8704378	1.012983	0.352639	0.647361	5.200363
17088	-3801.337	-3947.406	146.0687	0.8832859	0.8907441	0.26878	0.73122	5.200363
17094	-3800.199	-3946.872	146.6732	0.8832859	0.8258427	0.313936	0.686064	4.905261
17100	-3810.897	-3956.881	145.9842	0.912185	0.9574275	0.312943	0.687057	5.192
17106	-3805.152	-3949.689	144.537	0.898755	0.6880333	0.30514	0.69486	6.164753
17112	-3817.867	-3962.581	144.7146	0.7912276	0.8371493	0.361127	0.638873	6.027092
17118	-3814.994	-3959.383	144.3882	0.9105797	0.7228693	0.430462	0.569538	6.214722
17124	-3814.741	-3958.544	143.8036	0.9143327	0.9083392	0.303261	0.696739	6.412656
17130	-3816.123	-3961.308	145.1851	0.8978958	0.7063929	0.348453	0.651547	5.79853
17136	-3805.831	-3949.698	143.8669	0.7068487	0.8958995	0.387557	0.612443	6.498075
17142	-3816.625	-3960.049	143.4242	0.7221127	1.304819	0.288086	0.711914	6.521938
17148	-3804.313	-3948.243	143.9301	0.8357113	0.9526605	0.337789	0.662211	6.361301
17154	-3797.171	-3942.09	144.9192	0.882341	0.9526605	0.445536	0.554464	5.796951
17160	-3801.825	-3946.698	144.8726	0.882341	0.9984465	0.313131	0.686869	5.796951
17166	-3812.962	-3957.764	144.8018	0.8969964	1.055762	0.495776	0.504224	5.796951
17172	-3813.399	-3959.601	146.2017	0.9937482	0.8106558	0.26107	0.73893	5.115588
17178	-3818.217	-3965.391	147.1744	1.128856	0.946986	0.339235	0.660765	4.412613
17184	-3822.434	-3968.474	146.0398	0.9156543	0.7190087	0.313588	0.686412	5.310229
17190	-3827.301	-3973.333	146.0315	0.8781697	0.7554997	0.30081	0.69919	5.310229
17196	-3816.02	-3961.872	145.8523	0.8289024	0.8903122	0.416522	0.583478	5.350172
17202	-3819.305	-3963.915	144.6102	0.889253	1.003662	0.297299	0.702701	5.933755
17208	-3806.968	-3951.153	144.1853	0.8618075	0.8232897	0.304948	0.695052	6.285416
17214	-3817.399	-3961.974	144.5749	0.7890385	0.8232897	0.435108	0.564892	6.113071
17220	-3824.3	-3969.461	145.1611	0.8241138	0.8232897	0.34169	0.65831	5.773891
17226	-3817.366	-3962.885	145.5188	0.9396259	0.8232897	0.348138	0.651862	5.514281
17232	-3807.114	-3953.194	146.0802	0.8469405	0.8200412	0.336467	0.663533	5.258004
17238	-3811.604	-3957.14	145.5365	0.7561905	0.8200412	0.400478	0.599522	5.60742
17244	-3796.408	-3942.052	145.6444	0.8532339	0.8200412	0.361079	0.638921	5.49478
17250	-3798.306	-3942.855	144.5487	0.7132021	0.791833	0.360933	0.639067	6.18868
17256	-3798.997	-3943.189	144.1919	0.7984731	0.7185543	0.367282	0.632718	6.385215
17262	-3800.821	-3944.809	143.9883	0.8832956	0.7047127	0.189707	0.810293	6.459292
17268	-3798.16	-3942.692	144.5314	0.842705	0.6692446	0.389054	0.610946	6.211906
17274	-3810.827	-3954.891	144.0634	0.8913384	0.8234557	0.406706	0.593294	6.335469
17280	-3814.34	-3959.136	144.7954	0.8538441	0.7648501	0.414684	0.585316	5.99542
17286	-3818.759	-3963.816	145.0565	0.8538441	0.9129225	0.347144	0.652856	5.760316
17292	-3805.323	-3950.663	145.34	0.9339264	0.7800591	0.329389	0.670611	5.643632
17298	-3814.974	-3961.255	146.2804	0.8929605	0.9344783	0.372599	0.627401	5.051736
17304	-3806.471	-3951.348	144.8765	0.9175896	0.9202585	0.310161	0.689839	5.819683
17310	-3808.094	-3953.844	145.75	1.033218	0.793462	0.376532	0.623468	5.354693
17316	-3814.826	-3960.476	145.6495	0.9987172	0.9132447	0.472496	0.527504	5.354693
17322	-3807.343	-3953.859	146.5161	0.989995	0.9459317	0.353485	0.646515	4.860055
17328	-3815.61	-3962.274	146.664	1.025216	0.8919209	0.29664	0.70336	4.790026
17334	-3799.573	-3944.992	145.4192	0.8744624	0.9399065	0.424002	0.575998	5.534366
17340	-3803.423	-3947.809	144.3864	0.7473848	0.5940675	0.342541	0.657459	6.399648
17346	-3815.651	-3960.994	145.343	0.9356375	0.8668408	0.55459	0.44541	5.585967
17352	-3811.566	-3957.113	145.5469	0.8156507	0.7938057	0.445952	0.554048	5.585967
17358	-3818.228	-3963.332	145.1038	0.7101208	0.8676588	0.377263	0.622737	5.840097
17364	-3813.899	-3961.245	147.3461	0.9898635	0.8362234	0.26696	0.73304	4.462228
17370	-3820.126	-3965.553	145.4277	0.8323006	1.046535	0.401084	0.598916	5.493917
17376	-3815.698	-3961.495	145.797	0.9030138	0.7193253	0.260012	0.739988	5.450773
17382	-3808.55	-3955.198	146.6482	1.004915	0.7193253	0.394068	0.605932	4.923332
17388	-3814.755	-3961.186	146.4307	0.9916415	0.9175737	0.42939	0.57061	4.923332
17394	-3815.097	-3960.494	145.3975	0.727359	0.7148022	0.264814	0.735186	5.769702
17400	-3801.306	-3947.805	146.4986	0.9234146	0.8138509	0.345235	0.654765	4.9878
17406	-3793.81	-3940.473	146.6631	0.9628918	0.6521258	0.387005	0.612995	4.9878
17412	-3805.458	-3951.46	146.0015	0.9769785	0.8168585	0.382735	0.617265	5.231689
17418	-3807.625	-3953.572	145.947	1.031441	0.8168585	0.452522	0.547478	5.231689
17424	-3796.961	-3943.95	146.9892	1.041422	0.7621021	0.325394	0.674606	4.682827
17430	-3810.307	-3954.997	144.6895	0.7668857	0.952223	0.358344	0.641656	5.985811
17436	-3795.841	-3942.505	146.664	0.9081812	0.9396495	0.397602	0.602398	4.826846
17442	-3801.202	-3947.893	146.6907	0.8756478	1.03572	0.340935	0.659065	4.775967
17448	-3792.366	-3937.983	145.6172	0.902437	1.035552	0.40334	0.59666	5.356792
17454	-3798.118	-3944.081	145.9623	0.9244173	1.054818	0.274268	0.725732	5.143612
17460	-3803.096	-3948.957	145.8618	1.037005	1.042389	0.313885	0.686115	5.143612
17466	-3802.059	-3948.262	146.2031	0.9328452	1.042389	0.416672	0.583328	5.012053
17472	-3799.536	-3944.576	145.0399	0.9016991	0.7349204	0.335133	0.664867	5.855976
17478	-3804.203	-3949.237	145.0334	0.908183	0.7349204	0.405596	0.594404	5.855976
17484	-3801.814	-3946.686	144.8717	0.9014276	0.8782968	0.401224	0.598776	5.855976
17490	-3807.049	-3951.952	144.9025	0.8833377	0.8668129	0.313701	0.686299	5.855976
17496	-3808.483	-3953.431	144.9483	0.8987719	0.8130391	0.335694	0.664306	5.855976
17502	-3810.193	-3956.159	145.9653	0.9096271	0.7205481	0.427597	0.572403	5.353535
17508	-3823.494	-3969.68	146.1856	0.8410893	0.6083743	0.407848	0.592152	5.353535
17514	-3806.977	-3954.239	147.2626	0.9633813	0.9407562	0.360811	0.639189	4.459868
17520	-3796.244	-3943.465	147.2206	1.043234	0.9050286	0.436352	0.563648	4.459868
17526	-3795.283	-3941.522	146.2388	0.8833042	0.9435545	0.439101	0.560899	5.07491
17532	-3803.824	-3951.025	147.2018	0.920941	0.7673304	0.274958	0.725042	4.627657
17538	-3799.38	-3945.846	146.4666	0.9984979	0.7290292	0.40961	0.59039	5.021047
17544	-3802.546	-3949.946	147.3995	0.9984979	0.7363116	0.418903	0.581097	4.494609
17550	-3804.762	-3953.078	148.3153	1.105112	0.7363116	0.407354	0.592646	3.914302
17556	-3811.786	-3960.795	149.0091	1.237142	0.7363116	0.297874	0.702126	3.43623
17562	-3797.564	-3945.43	147.8663	0.9985	0.7353093	0.364104	0.635896	4.231712
17568	-3798.662	-3943.865	145.2026	0.8096044	0.7307044	0.3814	0.6186	5.820257
17574	-3790.82	-3935.947	145.1269	0.7505895	0.8434066	0.32976	0.67024	5.820257
17580	-3799.829	-3944.558	144.7292	0.9533348	0.8985521	0.352803	0.647197	5.893421
17586	-3808.463	-3953.345	144.8823	1.031744	0.7028249	0.316591	0.683409	5.893421
17592	-3801.57	-3944.45	142.8795	0.7931305	0.7246444	0.420372	0.579628	7.092732
17598	-3812.893	-3960.822	147.9286	1.04593	0.6030163	0.365974	0.634026	4.270496
17604	-3818.791	-3963.79	144.999	0.7791934	0.8508268	0.32918	0.67082	5.86995
17610	-3812.337	-3957.282	144.9451	0.8331286	0.8508268	0.325972	0.674028	5.86995
17616	-3807.63	-3953.951	146.3215	1.041726	0.7857474	0.448753	0.551247	5.038903
17622	-3803.822	-3950.029	146.207	0.9466048	0.7857474	0.387673	0.612327	5.155091
17628	-3816.127	-3962.275	146.1481	0.9340932	0.6458311	0.275503	0.724497	5.293836
17634	-3809.035	-3954.902	145.8678	0.9356294	0.6604233	0.326025	0.673975	5.436495
17640	-3821.029	-3968.227	147.1981	0.9956366	0.963465	0.363438	0.636562	4.464739
17646	-3805.018	-3950.853	145.8352	0.9956366	0.9852341	0.357097	0.642903	5.212529
17652	-3812.911	-3958.937	146.0257	0.9678867	0.7656558	0.291087	0.708913	5.257006
17658	-3806.046	-3951.834	145.788	0.9434742	1.004016	0.362642	0.637358	5.257006
17664	-3804.023	-3949.392	145.369	1.004215	0.992655	0.436547	0.563453	5.460842
17670	-3800.494	-3946.67	146.1756	0.9900842	0.992655	0.289312	0.710688	5.022838
17676	-3807.064	-3954.285	147.2207	1.008417	0.7911979	0.363795	0.636205	4.551866
17682	-3810.576	-3955.996	145.4203	0.8726878	0.7921441	0.330546	0.669454	5.625248
17688	-3799.13	-3943.753	144.6232	0.8541078	0.9668191	0.339758	0.660242	5.966176
17694	-3812.489	-3959.329	146.8399	0.9671885	0.7656929	0.42683	0.57317	4.805324
17700	-3800.297	-3947.198	146.9009	0.9621787	0.6735067	0.339501	0.660499	4.839711
17706	-3795.505	-3942.095	146.5894	1.049016	0.8572513	0.405901	0.594099	4.839711
17712	-3803.016	-3950.081	147.0655	1.049016	0.8708315	0.33947	0.66053	4.564862
17718	-3816.214	-3963.54	147.3258	1.049016	0.658304	0.351344	0.648656	4.564862
17724	-3808.608	-3955.765	147.1568	1.049016	0.8699289	0.366798	0.633202	4.514143
17730	-3807.402	-3954.831	147.4294	1.101161	0.911614	0.303541	0.696459	4.305385
17736	-3815.164	-3961.108	145.9436	0.9534367	0.7488084	0.492213	0.507787	5.321751
17742	-3804.558	-3950.595	146.037	0.9027685	0.7320268	0.409619	0.590381	5.30974
17748	-3799.948	-3945.381	145.4331	0.7421375	0.9539779	0.332896	0.667104	5.591408
17754	-3805.036	-3950.738	145.7018	0.7870328	0.6850145	0.364803	0.635197	5.591408
17760	-3803.019	-3948.519	145.5003	0.8958937	0.7577092	0.367791	0.632209	5.591408
17766	-3807.373	-3952.674	145.3013	0.8958937	0.9329368	0.340044	0.659956	5.591408
17772	-3811.833	-3957.226	145.3924	0.8642378	0.8777453	0.504348	0.495652	5.591408
17778	-3795.05	-3939.802	144.7526	0.7040692	0.8777453	0.354641	0.645359	6.029056
17784	-3793.836	-3939.015	145.1793	0.8630071	0.8702325	0.355769	0.644231	5.713524
17790	-3794.348	-3940.627	146.2793	0.8630071	0.905885	0.292718	0.707282	5.085876
17796	-3792.314	-3938.883	146.5689	0.8601222	0.6670731	0.459835	0.540165	5.085876
17802	-3795.357	-3941.304	145.9465	0.8777554	0.6417126	0.366015	0.633985	5.439166
17808	-3805.682	-3951.562	145.88	0.8737141	0.858113	0.345359	0.654641	5.329829
17814	-3806.107	-3952.538	146.4307	0.9316087	0.7503677	0.313012	0.686988	5.063277
17820	-3808.576	-3954.881	146.3055	0.9762167	0.7503677	0.379545	0.620455	5.107969
17826	-3812.074	-3957.561	145.4866	0.9308909	0.7233658	0.399796	0.600204	5.603294
17832	-3823.155	-3969.066	145.9104	0.8518721	0.5365335	0.379627	0.620373	5.558616
17838	-3806.963	-3952.317	145.354	0.9595811	0.8211526	0.380054	0.619946	5.595236
17844	-3814.196	-3959.791	145.5956	0.9620077	0.7289637	0.291311	0.708689	5.522417
17850	-3837.545	-3984.111	146.566	0.8655538	0.62028	0.46657	0.53343	5.120333
17856	-3833.803	-3976.397	142.5935	0.9025233	0.9111939	0.393306	0.606694	7.07092
17862	-3806.887	-3952.742	145.8544	0.9272295	0.8077644	0.276266	0.723734	5.346236
17868	-3816.42	-3963.72	147.2993	0.9272295	0.7843473	0.376906	0.623094	4.557928
17874	-3808.773	-3955.467	146.6935	0.9668755	0.7843473	0.255299	0.744701	4.874583
17880	-3812.256	-3958.825	146.569	0.9881911	0.894555	0.39998	0.60002	4.862064
17886	-3821.909	-3969.306	147.3969	0.9648188	0.894555	0.312337	0.687663	4.411099
17892	-3811.579	-3958.733	147.1537	0.9577105	0.8100412	0.338125	0.661875	4.605431
17898	-3813.184	-3960.268	147.0841	1.036729	0.8020719	0.509371	0.490629	4.605431
17904	-3805.837	-3953.039	147.2023	0.8542175	0.629636	0.334226	0.665774	4.765308
17910	-3808.692	-3953.456	144.7636	0.8722102	0.868048	0.356785	0.643215	5.937207
17916	-3810.042	-3954.819	144.7777	0.8581216	0.868048	0.273538	0.726462	5.937207
17922	-3799.947	-3945.358	145.4111	0.905784	1.033367	0.334429	0.665571	5.46967
17928	-3813.426	-3958.876	145.4495	0.8673962	1.033367	0.352402	0.647598	5.46967
17934	-3802.101	-3947.82	145.7195	1.054802	0.7297228	0.312731	0.687269	5.402619
17940	-3795.097	-3940.838	145.7408	0.844823	0.7960238	0.399715	0.600285	5.461876
17946	-3796.987	-3941.122	144.1352	0.8634952	0.6609977	0.452989	0.547011	6.421774
17952	-3800.728	-3946.088	145.3602	0.8411509	0.7529671	0.323083	0.676917	5.701505
17958	-3808.356	-3953.64	145.2836	0.9807868	0.7031471	0.349571	0.650429	5.701505
17964	-3802.999	-3948.891	145.891	0.9478155	0.801866	0.511507	0.488493	5.318519
17970	-3801.089	-3946.413	145.3245	0.9083347	0.6729441	0.381178	0.618822	5.740585
17976	-3811.832	-3957.946	146.1141	0.8373652	0.8386469	0.366509	0.633491	5.232739
17982	-3796.599	-3942.17	145.5711	0.8860122	1.120771	0.288752	0.711248	5.346831
17988	-3793.935	-3938.342	144.4067	0.8860122	1.105982	0.37058	0.62942	5.992902
17994	-3790.991	-3936.783	145.7919	0.8860122	0.8498003	0.385158	0.614842	5.376765
18000	-3802.97	-3948.482	145.512	0.8793747	0.8280218	0.331416	0.668584	5.548163
18006	-3798.306	-3943.147	144.8414	0.8782652	0.9562379	0.429862	0.570138	5.83973
18012	-3798.006	-3943.42	145.4133	0.8889852	0.900349	0.384337	0.615663	5.552794
18018	-3798.676	-3944.283	145.6074	0.8916218	0.900349	0.434676	0.565324	5.444548
18024	-3801.347	-3947.13	145.7829	0.8823742	0.7561156	0.354049	0.645951	5.444548
18030	-3797.494	-3944.487	146.9938	0.940098	0.951746	0.326459	0.673541	4.617514
18036	-3801.455	-3947.589	146.1333	0.9180522	0.8587054	0.461284	0.538716	5.164977
18042	-3817.408	-3966.067	148.6589	1.178777	0.9881197	0.512299	0.487701	3.509928
18048	-3808.324	-3956.738	148.414	1.178777	0.7033455	0.335392	0.664608	3.839474
18054	-3811.612	-3958.996	147.3843	1.160982	0.8452312	0.365595	0.634405	4.338373
18060	-3823.179	-3971.401	148.2226	1.066476	0.7089645	0.44257	0.55743	4.009346
18066	-3812.53	-3959.221	146.6905	1.145004	0.9727065	0.263849	0.736151	4.660558
18072	-3810.923	-3959.088	148.165	1.035872	0.7014235	0.346678	0.653322	4.065211
18078	-3807.974	-3955.224	147.2497	1.035872	0.8586359	0.373207	0.626793	4.476376
18084	-3813.145	-3957.425	144.2796	0.8278164	0.9082112	0.335487	0.664513	6.201187
18090	-3805.662	-3951.971	146.3095	0.855668	0.8378978	0.425193	0.574807	5.114943
18096	-3806.113	-3952.504	146.391	0.9123878	0.7236634	0.361424	0.638576	5.11448
18102	-3820.984	-3966.085	145.1014	0.9310272	0.6601495	0.382159	0.617841	5.859665
18108	-3806.492	-3952.053	145.5613	0.8912649	0.9153886	0.342065	0.657935	5.461273
18114	-3803.512	-3948.435	144.9228	0.7804852	0.6931769	0.380797	0.619203	6.015321
18120	-3816.58	-3960.725	144.1444	0.7853396	0.6677198	0.466537	0.533463	6.454207
18126	-3806.569	-3953.67	147.1007	0.9168352	0.714496	0.387467	0.612533	4.723516
18132	-3802.545	-3949.966	147.4205	1.084828	0.9229268	0.39755	0.60245	4.312822
18138	-3799.455	-3946.416	146.9604	1.084828	0.7236269	0.42322	0.57678	4.701527
18144	-3804.632	-3952.023	147.3908	0.9666156	0.7964873	0.332532	0.667468	4.476179
18150	-3812.997	-3960.292	147.2953	1.044322	1.019853	0.278004	0.721996	4.350475
18156	-3816.797	-3964.535	147.7373	1.044322	0.8364499	0.335932	0.664068	4.210217
18162	-3814.164	-3961.148	146.9844	0.9603016	0.9793243	0.419841	0.580159	4.59562
18168	-3807.069	-3953.823	146.7547	0.9603016	0.969959	0.285711	0.714289	4.729586
18174	-3804.343	-3951.835	147.4921	1.041481	1.010547	0.388801	0.611199	4.245921
18180	-3804.996	-3950.582	145.5858	0.8206056	0.6899046	0.379747	0.620253	5.633118
18186	-3794.062	-3939.981	145.9193	0.9134792	0.8194403	0.343933	0.656067	5.310547
18192	-3796.02	-3942.035	146.0147	0.9224085	0.7330223	0.30281	0.69719	5.310547
18198	-3802.88	-3947.661	144.7812	0.7909077	0.6899362	0.397609	0.602391	6.089123
18204	-3806.558	-3953.188	146.6294	1.027383	0.7376722	0.286638	0.713362	4.908389
18210	-3813.204	-3959.707	146.5027	0.9340853	1.022007	0.388889	0.611111	4.855748
18216	-3809.933	-3956.767	146.8334	1.087172	0.6587745	0.383286	0.616714	4.818744
18222	-3805.676	-3951.796	146.1206	0.9621874	0.7094567	0.380503	0.619497	5.246644
18228	-3795.643	-3941.473	145.8299	0.8750523	0.7515441	0.361933	0.638067	5.425778
18234	-3799.652	-3946.025	146.3732	0.9691212	0.7808092	0.395521	0.604479	5.053776
18240	-3806.29	-3950.706	144.4163	0.8162069	0.8651212	0.341425	0.658575	6.158778
18246	-3806.955	-3950.278	143.3229	0.8334845	0.9339885	0.373385	0.626615	6.70183
18252	-3814.384	-3959.643	145.2588	0.8425216	0.8291703	0.386116	0.613884	5.706588
18258	-3806.292	-3951.553	145.2617	0.8425216	0.7962819	0.366371	0.633629	5.726036
18264	-3795.578	-3939.188	143.6102	0.8009898	0.9405428	0.50016	0.49984	6.560313
18270	-3795.863	-3941.171	145.3074	0.9576179	0.9405428	0.322893	0.677107	5.549762
18276	-3796.685	-3942.118	145.4335	0.8315251	0.9405428	0.287645	0.712355	5.549762
18282	-3802.636	-3945.283	142.6468	0.7692957	0.8863548	0.402677	0.597323	7.128377
18288	-3810.896	-3956.362	145.4666	0.7355634	0.7734299	0.266109	0.733891	5.687343
18294	-3806.195	-3950.119	143.9237	0.8728108	1.064317	0.342675	0.657325	6.284332
18300	-3805.934	-3951.43	145.4958	0.9401638	0.735798	0.339879	0.660121	5.584534
18306	-3809.106	-3952.635	143.5287	0.8251935	1.012774	0.359283	0.640717	6.551504
18312	-3804.387	-3948.328	143.9405	0.7593106	1.012774	0.344869	0.655131	6.364047
18318	-3811.405	-3955.795	144.3898	0.9572339	1.008266	0.447548	0.552452	6.014409
18324	-3804.331	-3948.951	144.6198	0.8413797	0.8982648	0.301111	0.698889	6.014409
18330	-3802.253	-3946.392	144.139	0.722777	0.6715083	0.347701	0.652299	6.488303
18336	-3798.314	-3942.908	144.5946	0.8057896	0.8414015	0.25733	0.74267	6.081936
18342	-3799.21	-3943.934	144.724	0.8629076	0.8414015	0.455337	0.544663	5.980243
18348	-3808.476	-3953.13	144.654	0.9072335	0.8414015	0.298	0.702	5.994256
18354	-3812.867	-3957.686	144.8186	0.7941762	0.840815	0.47741	0.52259	5.966505
18360	-3807.658	-3953.771	146.1127	0.8867001	0.8897306	0.329316	0.670684	5.174757
18366	-3800.953	-3946.976	146.0231	0.9358434	0.9273446	0.289014	0.710986	5.174757
18372	-3812.074	-3955.827	143.7521	0.8321359	0.8484096	0.481767	0.518233	6.520854
18378	-3801.444	-3946.066	144.6214	0.753907	0.8696243	0.333407	0.666593	6.078309
18384	-3801.389	-3946.011	144.6223	0.7467082	0.6581106	0.362732	0.637268	6.222858
18390	-3808.539	-3955.355	146.8157	0.8278865	0.6635043	0.422766	0.577234	4.969436
18396	-3797.568	-3943.205	145.6371	0.9379757	0.7316544	0.350422	0.649578	5.510903
18402	-3801.04	-3946.717	145.6766	0.9453911	0.7347819	0.394702	0.605298	5.482952
18408	-3793.834	-3939.619	145.7851	0.9657791	0.9885062	0.315009	0.684991	5.254903
18414	-3797.105	-3940.253	143.1486	0.764569	0.9885062	0.410891	0.589109	6.802813
18420	-3812.692	-3957.072	144.3801	0.8611708	1.028632	0.381731	0.618269	6.061144
18426	-3813.38	-3958.527	145.1469	1.047557	1.101151	0.388403	0.611597	5.501487
18432	-3814.51	-3960.425	145.9155	0.8911208	1.084225	0.325373	0.674627	5.172509
18438	-3810.341	-3956.461	146.1205	0.8911208	0.6942512	0.334341	0.665659	5.296857
18444	-3801.05	-3947.343	146.2939	0.8965544	1.001873	0.45863	0.54137	5.003934
18450	-3800.554	-3946.853	146.2986	0.8839819	0.7853714	0.389074	0.610926	5.139313
18456	-3805.082	-3951.13	146.0485	0.8371677	0.6678816	0.320005	0.679995	5.385674
18462	-3807.755	-3953.634	145.8789	0.8230244	0.6199249	0.374434	0.625566	5.523287
18468	-3808.205	-3951.197	142.9914	0.7555517	0.6754889	0.386407	0.613593	7.087179
18474	-3809.871	-3956.032	146.1602	0.8071803	0.7092418	0.452662	0.547338	5.310544
18480	-3806.709	-3953.523	146.8134	0.947952	0.7092418	0.369206	0.630794	4.870263
18486	-3804.45	-3951.527	147.0768	0.9007314	0.7092418	0.342351	0.657649	4.749637
18492	-3819.427	-3964.505	145.078	0.8597961	0.7272345	0.381458	0.618542	5.86333
18498	-3819.402	-3965.794	146.3912	0.8474042	0.6609009	0.399961	0.600039	5.195961
18504	-3812.532	-3959.077	146.545	0.9817103	0.8611793	0.381401	0.618599	4.899533
18510	-3813.045	-3956.721	143.676	0.848077	0.759318	0.292231	0.707769	6.610166
18516	-3816.905	-3960.768	143.8634	0.8788919	0.9575946	0.410118	0.589882	6.371297
18522	-3808.809	-3954.651	145.8413	0.8849388	0.8108143	0.408349	0.591651	5.374846
18528	-3802.945	-3949.583	146.6385	0.9400513	0.5881435	0.323464	0.676536	5.064631
18534	-3806.958	-3952.861	145.9025	0.8237592	0.676662	0.407354	0.592646	5.466977
18540	-3802.632	-3948.477	145.8443	0.8819357	0.676662	0.368594	0.631406	5.466977
18546	-3808.113	-3952.812	144.6989	0.9125929	0.8849708	0.38875	0.61125	5.940268
18552	-3802.682	-3948.919	146.2365	1.011124	0.8849708	0.478189	0.521811	5.040027
18558	-3810.622	-3958.571	147.9489	1.011124	0.7413277	0.394979	0.605021	4.173377
18564	-3814.86	-3961.939	147.0788	0.9286287	0.8315835	0.323425	0.676575	4.64973
18570	-3812.165	-3958.464	146.2981	0.9246028	0.8811073	0.304176	0.695824	5.0562
18576	-3803.876	-3950.51	146.6339	0.9246028	0.7254611	0.358951	0.641049	4.971636
18582	-3806.373	-3952.876	146.5033	0.9246028	0.980211	0.38873	0.61127	4.883965
18588	-3805.606	-3952.37	146.764	0.9410819	0.8349175	0.438222	0.561778	4.816665
18594	-3792.319	-3938.357	146.0381	1.0209	0.9569332	0.409929	0.590071	5.102223
18600	-3793.052	-3939.285	146.2328	1.00765	0.7929464	0.350068	0.649932	5.102223
18606	-3800.169	-3946.557	146.3874	1.000946	0.7071175	0.478919	0.521081	5.079174
18612	-3797.527	-3943.907	146.3802	0.9681328	0.7385387	0.32807	0.67193	5.079174
18618	-3795.022	-3940.464	145.4423	0.9353334	0.8584548	0.381114	0.618886	5.5367
18624	-3790.827	-3935.402	144.5748	0.8341942	0.8542004	0.365515	0.634485	6.069359
18630	-3790.682	-3935.836	145.1537	0.7922094	0.7484488	0.302523	0.697477	5.844416
18636	-3793.617	-3940.527	146.9106	0.994491	0.8957234	0.340695	0.659305	4.66698
18642	-3798.546	-3943.52	144.974	1.00287	0.7094211	0.373171	0.626829	5.854417
18648	-3803.403	-3947.882	144.4785	0.7081127	1.019593	0.293294	0.706706	6.095716
18654	-3811.475	-3955.917	144.4417	0.9890925	0.79347	0.341374	0.658626	6.095716
18660	-3798.365	-3944.59	146.2254	1.019902	0.7138594	0.274946	0.725054	5.153587
18666	-3803.755	-3949.969	146.2146	0.8704165	0.8270554	0.246488	0.753512	5.16621
18672	-3794.879	-3941.107	146.228	0.9117536	0.7805463	0.302466	0.697534	5.16621
18678	-3798.235	-3944.471	146.2362	0.9086201	0.7763474	0.394009	0.605991	5.16621
18684	-3804.31	-3951.316	147.0062	0.941713	0.8194984	0.331774	0.668226	4.690898
18690	-3793.841	-3940.37	146.5289	1.041916	0.7183167	0.379599	0.620401	4.969856
18696	-3788.99	-3934.328	145.3382	0.9497162	0.7603136	0.386999	0.613001	5.649084
18702	-3790.838	-3935.95	145.1117	0.8033425	0.7603136	0.337298	0.662702	5.853261
18708	-3792.721	-3937.267	144.5462	0.8232942	0.6557419	0.464467	0.535533	6.224348
18714	-3798.124	-3942.738	144.6136	0.8789327	0.5698985	0.3449	0.6551	6.224348
18720	-3796.182	-3941.552	145.3695	0.9263347	0.9387775	0.447073	0.552927	5.533859
18726	-3793.746	-3939.297	145.551	0.8745561	0.8209021	0.354467	0.645533	5.533859
18732	-3803.751	-3949.132	145.3803	0.9386429	0.746009	0.362351	0.637649	5.641733
18738	-3803.211	-3948.707	145.4967	0.862203	0.7143974	0.401717	0.598283	5.641733
18744	-3812.277	-3957.528	145.2512	0.8090231	0.7450441	0.387024	0.612976	5.78415
18750	-3809.79	-3954.758	144.9677	0.916297	0.8969795	0.270907	0.729093	5.78415
18756	-3803.182	-3950.034	146.8521	0.8618383	0.8969795	0.443046	0.556954	4.773108
18762	-3792.484	-3939.223	146.7391	0.9749016	0.8969795	0.310275	0.689725	4.773108
18768	-3799.472	-3946.114	146.6413	0.9749016	0.8969795	0.407838	0.592162	4.827666
18774	-3808.394	-3954.457	146.0623	0.9520187	1.143901	0.28922	0.71078	5.026856
18780	-3793.859	-3940.068	146.2087	0.9520187	0.990314	0.37859	0.62141	5.026856
18786	-3811.61	-3957.745	146.1353	1.011778	1.004015	0.396512	0.603488	5.026856
18792	-3798.513	-3945.833	147.3201	0.9780572	0.7042653	0.340929	0.659071	4.573675
18798	-3811.855	-3957.878	146.0227	0.934739	0.7042653	0.396503	0.603497	5.319551
18804	-3816.046	-3961.035	144.9884	0.8408118	0.9154696	0.394302	0.605698	5.803242
18810	-3802.792	-3948.616	145.8235	0.8479772	0.7582907	0.502075	0.497925	5.439677
18816	-3799.809	-3945.364	145.5552	0.9870755	0.6778569	0.362054	0.637946	5.567267
18822	-3804.927	-3950.286	145.3599	0.9146411	0.9016624	0.43655	0.56345	5.567267
18828	-3792.909	-3938.313	145.4036	0.8531999	0.9181249	0.371401	0.628599	5.567267
18834	-3796.112	-3940.973	144.8611	0.7763599	0.8593777	0.32276	0.67724	5.941561
18840	-3792.598	-3937.322	144.7235	0.8704778	0.8989171	0.409854	0.590146	5.941561
18846	-3800.654	-3945.789	145.1347	0.7869345	0.817343	0.429192	0.570808	5.812446
18852	-3810.291	-3955.229	144.9378	0.9600599	0.990315	0.44093	0.55907	5.723167
18858	-3817.313	-3962.414	145.1013	0.8523689	0.9685004	0.277151	0.722849	5.704725
18864	-3812.216	-3957.74	145.5241	0.8231552	0.7822894	0.284385	0.715615	5.601873
18870	-3802.214	-3947.102	144.8882	0.9161537	0.7352899	0.455307	0.544693	5.930688
18876	-3809.153	-3954.227	145.0731	0.8452336	0.6485359	0.369645	0.630355	5.930688
18882	-3798.663	-3943.877	145.2144	0.8801388	0.8669753	0.3771	0.6229	5.686865
18888	-3808.066	-3954.175	146.1085	1.08257	0.8232184	0.48585	0.51415	5.109922
18894	-3808.129	-3953.037	144.9074	0.9704414	0.8027325	0.358221	0.641779	5.845785
18900	-3800.91	-3946.13	145.2195	0.8331853	0.9582694	0.453206	0.546794	5.6562
18906	-3796.674	-3942.133	145.4594	0.8331853	0.7460255	0.333675	0.666325	5.6562
18912	-3804.71	-3951.851	147.1409	0.9544251	0.7332676	0.421761	0.578239	4.666629
18918	-3804.446	-3951.048	146.6024	0.9544251	0.7137839	0.323719	0.676281	4.980853
18924	-3804.814	-3951.129	146.3152	0.8989449	0.7137839	0.315681	0.684319	5.170929
18930	-3800.978	-3947.359	146.3816	0.8619277	0.7217017	0.430026	0.569974	5.149052
18936	-3793.893	-3940.799	146.9062	1.024886	0.7217017	0.329702	0.670298	4.766694
18942	-3794.161	-3940.335	146.1736	1.024886	0.7446355	0.335088	0.664912	5.157984
18948	-3801.798	-3947.451	145.653	0.9448673	0.9152894	0.411563	0.588437	5.381264
18954	-3802.924	-3947.009	144.085	0.8920005	0.7658652	0.382413	0.617587	6.360458
18960	-3816.891	-3961.417	144.526	0.742321	0.8152976	0.399454	0.600546	6.170176
18966	-3811.79	-3955.774	143.9835	0.6745892	0.8966068	0.39283	0.60717	6.451922
18972	-3804.053	-3948.158	144.1057	0.8231185	0.7703761	0.383149	0.616851	6.383623
18978	-3805.47	-3949.448	143.9777	0.8564681	0.8806422	0.341748	0.658252	6.365911
18984	-3813.75	-3958.643	144.8932	0.8751974	0.8951679	0.321807	0.678193	5.848488
18990	-3810.166	-3955.254	145.0884	0.7948062	0.794004	0.317365	0.682635	5.848488
18996	-3817.85	-3960.503	142.6528	0.7476578	0.8621658	0.326557	0.673443	7.151147
19002	-3807.77	-3953.381	145.6108	1.067951	0.737644	0.379148	0.620852	5.449746
19008	-3818.758	-3964.559	145.8011	0.8669918	0.7461907	0.502955	0.497045	5.449746
19014	-3814.699	-3960.169	145.4695	0.8186447	1.122007	0.289335	0.710665	5.439353
19020	-3812.176	-3957.329	145.1536	0.7990316	0.8204756	0.290237	0.709763	5.793536
19026	-3809.438	-3955.376	145.9382	0.8354436	0.8999653	0.361454	0.638546	5.293373
19032	-3814.842	-3959.29	144.4479	0.8323179	0.904429	0.349569	0.650431	6.10935
19038	-3802.715	-3948.848	146.133	0.8207601	0.904429	0.309002	0.690998	5.191163
19044	-3794.401	-3939.83	145.4288	0.7798148	0.6817322	0.302264	0.697736	5.747414
19050	-3794.796	-3939.351	144.5557	0.8324594	0.6817322	0.41501	0.58499	6.195161
19056	-3791.423	-3936.228	144.8054	0.8760132	0.8031164	0.384023	0.615977	5.952829
19062	-3793.657	-3938.143	144.4861	0.8769707	1.109348	0.389821	0.610179	5.952829
19068	-3813.388	-3957.024	143.6361	0.8080809	0.9581335	0.380091	0.619909	6.532531
19074	-3808.342	-3952.706	144.3643	0.7412315	0.8040366	0.311948	0.688052	6.265837
19080	-3814.172	-3959.886	145.7141	0.8108258	0.940091	0.336069	0.663931	5.407017
19086	-3797.853	-3944.274	146.4213	0.9538768	0.781537	0.382235	0.617765	5.035034
19092	-3799.93	-3945.814	145.8838	1.005074	0.781537	0.48678	0.51322	5.304258
19098	-3794.26	-3940.882	146.6222	0.9560283	0.7841463	0.413412	0.586588	4.920469
19104	-3805.944	-3952.352	146.4078	0.8203287	0.6235556	0.35785	0.64215	5.230364
19110	-3811.36	-3956.096	144.7369	0.8789937	1.07382	0.350773	0.649227	5.832848
19116	-3811.989	-3957.082	145.0934	0.7355266	0.866068	0.350679	0.649321	5.832848
19122	-3813.034	-3957.772	144.7377	0.7045882	0.7262352	0.344334	0.655666	6.134303
19128	-3810.949	-3956.753	145.8044	0.8012527	0.7911355	0.421229	0.578771	5.454057
19134	-3812.105	-3956.465	144.3602	0.9492875	0.7928172	0.455297	0.544703	6.162133
19140	-3794.632	-3939.947	145.3144	0.8971203	0.7928172	0.375853	0.624147	5.669482
19146	-3798.114	-3944.476	146.3618	1.047917	0.8167125	0.413642	0.586358	4.992778
19152	-3800.167	-3945.319	145.1515	0.9095458	0.875319	0.259898	0.740102	5.700154
19158	-3796.604	-3941.696	145.0924	0.9628543	0.7655309	0.400957	0.599043	5.773107
19164	-3794.233	-3940.036	145.8031	0.9477943	0.9386542	0.41902	0.58098	5.283217
19170	-3798.445	-3944.137	145.6926	0.9852196	0.8497622	0.458355	0.541645	5.376858
19176	-3791.302	-3938.042	146.7408	0.9665875	0.7360516	0.327767	0.672233	4.88135
19182	-3788.351	-3934.053	145.7018	0.9120227	0.8467807	0.369151	0.630849	5.413987
19188	-3799.676	-3946.359	146.6832	0.954382	0.9936873	0.358196	0.641804	4.759428
19194	-3805.815	-3952.154	146.3396	0.9273274	0.7760815	0.407804	0.592196	5.098725
19200	-3814.786	-3961.721	146.9356	1.031504	0.8462075	0.37836	0.62164	4.662994
19206	-3802.518	-3949.343	146.8255	0.9419777	1.059557	0.366498	0.633502	4.650585
19212	-3813.718	-3960.061	146.3433	1.02337	0.7616589	0.309986	0.690014	5.05314
19218	-3819.271	-3965.494	146.2229	1.02337	0.8648608	0.352162	0.647838	5.05314
19224	-3806.099	-3951.491	145.3918	0.8341384	0.7603133	0.343601	0.656399	5.683066
19230	-3809.947	-3954.953	145.0061	0.873501	0.9757586	0.373475	0.626525	5.741261
19236	-3805.859	-3951.051	145.1921	0.873501	1.174285	0.372744	0.627256	5.535885
19242	-3810.903	-3955.721	144.818	0.762873	0.9251802	0.403695	0.596305	5.933317
19248	-3819.467	-3964.704	145.2366	0.7468187	1.030508	0.375451	0.624549	5.654396
19254	-3812.318	-3957.795	145.4764	0.7874587	1.059568	0.353691	0.646309	5.484921
19260	-3809.124	-3954.86	145.7356	0.9031891	0.8746943	0.467416	0.532584	5.38303
19266	-3812.657	-3958.869	146.2112	0.8549546	0.8746943	0.339465	0.660535	5.146934
19272	-3811.094	-3956.968	145.8747	0.9355758	0.9201291	0.328631	0.671369	5.261222
19278	-3808.746	-3955.476	146.7299	0.7904544	1.109458	0.378607	0.621393	4.762564
19284	-3807.76	-3954.363	146.6023	0.9763587	0.8299203	0.300724	0.699276	4.89034
19290	-3809.833	-3955.989	146.1562	0.8635963	0.9102753	0.418174	0.581826	5.151113
19296	-3796.395	-3941.881	145.4862	0.8674053	0.6876198	0.303716	0.696284	5.663687
19302	-3805.252	-3952.278	147.0259	0.886555	0.6876198	0.359895	0.640105	4.801748
19308	-3810.821	-3955.846	145.0257	0.781152	0.7598313	0.410479	0.589521	5.912735
19314	-3802.247	-3946.685	144.4371	0.7853511	0.6947603	0.334909	0.665091	6.275912
19320	-3810.252	-3954.454	144.202	0.752062	0.988093	0.361372	0.638628	6.239343
19326	-3812.698	-3957.285	144.5873	0.8204061	0.6087636	0.433671	0.566329	6.239343
19332	-3803.323	-3947.632	144.3091	0.8009326	0.842352	0.354428	0.645572	6.239343
19338	-3803.248	-3949.022	145.774	0.7792098	0.8620878	0.501772	0.498228	5.43791
19344	-3807.627	-3954.509	146.8824	0.9667738	0.9050217	0.41028	0.58972	4.692661
19350	-3802.324	-3949.331	147.0068	1.041404	0.6698161	0.348957	0.651043	4.739153
19356	-3803.323	-3949.208	145.885	0.7194726	0.8121478	0.314038	0.685962	5.441062
19362	-3805.849	-3950.667	144.8178	0.8286779	0.8483221	0.40404	0.59596	5.943423
19368	-3800.93	-3947.133	146.2028	0.9492556	0.8483221	0.393893	0.606107	5.115677
19374	-3798.126	-3944.739	146.6125	0.9728002	0.7724272	0.326912	0.673088	4.924362
19380	-3802.727	-3949.468	146.7404	0.9951144	0.8295025	0.443946	0.556054	4.80312
19386	-3808.292	-3954.176	145.8837	0.9361638	0.8730164	0.354314	0.645686	5.284151
19392	-3814.852	-3961.35	146.4983	0.9844842	0.8730164	0.424999	0.575001	4.916638
19398	-3806.814	-3953.185	146.371	1.012794	0.8730164	0.394839	0.605161	4.971724
19404	-3806.547	-3952.013	145.4652	0.972861	0.8324308	0.387606	0.612394	5.519695
19410	-3813.278	-3958.233	144.9549	0.9131637	0.7955182	0.304249	0.695751	5.855794
19416	-3811.457	-3957.103	145.6451	0.9677423	0.7668737	0.350132	0.649868	5.466133
19422	-3806.245	-3951.996	145.7515	0.8732525	0.7932615	0.353239	0.646761	5.442128
19428	-3803.422	-3948.636	145.2144	0.8876613	0.6835392	0.375645	0.624355	5.80443
19434	-3805.938	-3952.611	146.6732	1.040757	0.6835392	0.278638	0.721362	4.915371
19440	-3808.337	-3955.038	146.7008	0.9965255	0.8957321	0.38489	0.61511	4.783141
19446	-3797.313	-3942.09	144.7773	0.8665382	0.8941957	0.33028	0.66972	5.917102
19452	-3807.514	-3952.906	145.3912	0.7956702	0.6968326	0.289831	0.710169	5.748439
19458	-3793.919	-3939.136	145.217	0.7982685	0.7646178	0.373657	0.626343	5.795589
19464	-3795.533	-3940.957	145.4236	0.9059646	0.7646178	0.408584	0.591416	5.623353
19470	-3815.691	-3961.674	145.9836	0.9471875	0.9481408	0.437028	0.562972	5.178269
19476	-3816.428	-3962.351	145.9233	1.006207	1.007729	0.432195	0.567805	5.145406
19482	-3806.394	-3950.413	144.019	0.7986858	0.9109014	0.355906	0.644094	6.357028
19488	-3812.222	-3956.505	144.2833	0.7372875	0.7357493	0.322258	0.677742	6.357028
19494	-3802.445	-3947.484	145.0393	0.9293126	0.8666124	0.358271	0.641729	5.756104
19500	-3813.907	-3959.455	145.548	0.9293126	0.8808606	0.396564	0.603436	5.468213
19506	-3812.494	-3956.868	144.3736	0.7951585	0.9510956	0.299123	0.700877	6.143208
19512	-3809.727	-3954.575	144.8479	0.8466652	0.8513501	0.412728	0.587272	5.9153
19518	-3818.895	-3964.232	145.3374	0.8051962	0.8513501	0.433908	0.566092	5.67014
19524	-3809.097	-3954.536	145.4392	0.9841651	0.8513501	0.433105	0.566895	5.515948
19530	-3815.723	-3960.14	144.4165	0.9484752	0.876148	0.400084	0.599916	6.080035
19536	-3797.014	-3941.66	144.6462	0.7187525	0.876148	0.391883	0.608117	6.080035
19542	-3798.617	-3942.999	144.3817	0.8539808	0.9991871	0.412495	0.587505	6.080035
19548	-3806.699	-3953.039	146.3405	0.8688562	0.9991871	0.292808	0.707192	4.994922
19554	-3803.192	-3948.35	145.1577	0.7776006	0.9991871	0.398767	0.601233	5.697763
19560	-3804.469	-3949.86	145.3906	0.978573	0.8592162	0.39047	0.60953	5.540924
19566	-3801.113	-3946.737	145.624	0.8991349	0.9591836	0.336083	0.663917	5.397055
19572	-3795.091	-3941.706	146.6142	0.9242311	0.7204064	0.411174	0.588826	4.986366
19578	-3816.105	-3962.536	146.431	0.9659285	0.8378561	0.372379	0.627621	4.986366
19584	-3799.551	-3945.846	146.2955	0.9905104	0.7207395	0.452629	0.547371	5.12621
19590	-3821.999	-3967.368	145.3695	0.9648265	0.9201126	0.447874	0.552126	5.523516
19596	-3819.352	-3965.716	146.3648	0.9637899	1.035476	0.346592	0.653408	4.908683
19602	-3808.924	-3953.021	144.0968	1.057153	0.9957848	0.297988	0.702012	6.126434
19608	-3805.731	-3951.102	145.3719	0.9680628	0.9957848	0.343646	0.656354	5.477444
19614	-3810.017	-3955.361	145.3438	0.8885954	0.9957848	0.3604	0.6396	5.536569
19620	-3810.773	-3955.391	144.6179	0.793223	1.010576	0.347459	0.652541	5.978198
19626	-3805.363	-3950.09	144.7271	0.7714591	0.7990955	0.324036	0.675964	6.055172
19632	-3800.289	-3947.347	147.0577	0.8841662	0.901572	0.383005	0.616995	4.642835
19638	-3805.405	-3953.01	147.6048	1.097184	0.8309779	0.355952	0.644048	4.258932
19644	-3805.584	-3953.685	148.1018	1.138651	0.7584949	0.431726	0.568274	4.001535
19650	-3811.931	-3958.695	146.7641	1.116788	0.9196837	0.452964	0.547036	4.666138
19656	-3810.243	-3956.541	146.2979	0.9564697	1.032337	0.382403	0.617597	4.951696
19662	-3813.706	-3961.018	147.3122	0.893259	0.6829029	0.318238	0.681762	4.641383
19668	-3805.603	-3952.813	147.2097	1.053175	0.6405486	0.389867	0.610133	4.641383
19674	-3818.329	-3963.232	144.9038	0.942584	0.9942617	0.538725	0.461275	5.749168
19680	-3820.643	-3965.313	144.6698	0.9455709	1.142651	0.371542	0.628458	5.798308
19686	-3813.649	-3958.587	144.9381	0.791321	1.142651	0.479147	0.520853	5.735859
19692	-3803.941	-3949.272	145.3319	0.9109463	1.100901	0.287248	0.712752	5.475015
19698	-3816.552	-3961.914	145.3626	0.9342898	0.9369721	0.372085	0.627915	5.534325
19704	-3803.788	-3948.687	144.8987	0.7905046	1.185193	0.435418	0.564582	5.73712
19710	-3798.956	-3943.919	144.9628	0.9002582	1.078325	0.366627	0.633373	5.695186
19716	-3798.452	-3943.697	145.2447	0.8598841	0.8445151	0.523246	0.476754	5.695186
19722	-3802.615	-3946.09	143.4749	0.7867931	0.9208469	0.467235	0.532765	6.652434
19728	-3803.446	-3948.785	145.3398	0.9189023	0.9234921	0.33473	0.66527	5.563132
19734	-3804.313	-3949.065	144.7517	0.8466901	0.9234921	0.341203	0.658797	5.924776
19740	-3797.013	-3944.244	147.231	1.013615	0.8585986	0.411534	0.588466	4.49943
19746	-3798.585	-3946.064	147.4785	1.060689	0.6237954	0.418725	0.581275	4.49943
19752	-3828.284	-3974.759	146.4749	1.023414	0.6991001	0.36254	0.63746	5.023909
19758	-3816.493	-3962.69	146.1964	1.099401	0.7471627	0.381697	0.618303	5.102328
19764	-3805.44	-3951.531	146.0908	1.024705	0.8040972	0.354823	0.645177	5.164115
19770	-3809.549	-3957.886	148.337	1.039233	0.6513547	0.335228	0.664772	4.003254
19776	-3815.796	-3963.746	147.9495	1.033391	0.7376186	0.365192	0.634808	4.16302
19782	-3820.815	-3966.422	145.6072	0.8374565	0.6977936	0.287595	0.712405	5.606412
19788	-3813.171	-3958.492	145.3204	0.8560711	0.9266837	0.289434	0.710566	5.606412
19794	-3805.267	-3951.379	146.1113	0.9043389	0.6562104	0.445163	0.554837	5.322678
19800	-3808.44	-3956.004	147.5639	1.191276	0.6562104	0.341054	0.658946	4.352289
19806	-3798.728	-3947.157	148.4288	1.194596	0.6562104	0.404196	0.595804	3.857877
19812	-3795.043	-3943.725	148.6821	1.234583	0.6562104	0.432154	0.567846	3.688818
19818	-3792.705	-3939.894	147.1892	1.106626	0.6666202	0.320134	0.679866	4.602922
19824	-3802.696	-3949.299	146.6033	0.8297849	1.146417	0.4715	0.5285	4.792454
19830	-3801.027	-3947.604	146.5775	1.021689	0.9731908	0.411206	0.588794	4.792454
19836	-3792.543	-3939.809	147.2666	0.9707534	0.674086	0.331763	0.668237	4.630061
19842	-3799.277	-3943.757	144.4799	0.7657948	0.8140321	0.345519	0.654481	6.183268
19848	-3796.945	-3941.731	144.7862	0.9236634	0.8140321	0.453524	0.546476	5.930341
19854	-3795.298	-3939.096	143.7975	0.7692321	0.8678283	0.404871	0.595129	6.51856
19860	-3795.105	-3940.048	144.9431	0.7913415	0.6981107	0.433452	0.566548	5.994801
19866	-3799.262	-3944.073	144.8114	0.7913415	0.8046458	0.25231	0.74769	5.994801
19872	-3814.45	-3959.088	144.6376	0.8229028	0.9324743	0.382031	0.617969	5.994801
19878	-3799.7	-3944.78	145.0801	0.7834277	0.7081925	0.388981	0.611019	5.917239
19884	-3803.746	-3948.686	144.9401	0.8493368	0.7081925	0.336537	0.663463	5.957692
19890	-3827.697	-3973.433	145.7357	0.9012985	0.8271748	0.349416	0.650584	5.413574
19896	-3818.236	-3961.917	143.6815	0.9012985	0.8593455	0.419743	0.580257	6.514971
19902	-3808.91	-3954.946	146.0357	0.9854522	0.929605	0.293716	0.706284	5.139021
19908	-3805.691	-3952.014	146.3234	0.9925365	0.6799013	0.452538	0.547462	5.139021
19914	-3804.059	-3950.658	146.5993	1.012827	1.140665	0.523891	0.476109	4.695312
19920	-3800.379	-3947.179	146.7997	0.9766513	0.969923	0.398729	0.601271	4.695312
19926	-3805.119	-3953.225	148.1061	1.208768	1.071989	0.443352	0.556648	3.765422
19932	-3799.718	-3945.244	145.5259	1.075106	1.090016	0.392195	0.607805	5.283196
19938	-3798.782	-3944.788	146.0057	0.8612613	0.971642	0.440639	0.559361	5.200194
19944	-3813.473	-3959.899	146.4263	0.9175148	0.7135883	0.306716	0.693284	5.099245
19950	-3807.571	-3952.802	145.2309	0.9203489	0.7826978	0.408462	0.591538	5.709126
19956	-3803.549	-3948.639	145.0903	0.7783521	0.8849638	0.296978	0.703022	5.799709
19962	-3810.054	-3954.967	144.9133	0.8275678	0.8849638	0.38455	0.61545	5.869607
19968	-3805.768	-3950.637	144.8685	0.8452154	0.7457777	0.352909	0.647091	5.973017
19974	-3803.082	-3948.272	145.1895	0.8452154	0.8450135	0.402403	0.597597	5.73318
19980	-3804.793	-3950.646	145.8529	0.8862156	0.9119726	0.41225	0.58775	5.305315
19986	-3804.443	-3950.127	145.6841	0.9149977	1.049844	0.36809	0.63191	5.305315
19992	-3804.018	-3949.438	145.4195	0.8826088	0.8195596	0.377819	0.622181	5.602541
19998	-3802.99	-3948.253	145.2634	0.9104191	0.9358609	0.358737	0.641263	5.602541
20004	-3813.844	-3961.085	147.2411	1.032997	0.9477063	0.357563	0.642437	4.428675
20010	-3804.778	-3951.576	146.7975	0.9921176	0.9071023	0.508545	0.491455	4.724722
20016	-3804.818	-3951.943	147.1251	1.040033	0.6044041	0.378274	0.621726	4.724722
20022	-3814.563	-3961.716	147.1531	1.006938	0.7385724	0.331449	0.668551	4.626673
20028	-3818.823	-3964.248	145.4242	0.8191212	0.7902251	0.432008	0.567992	5.65373
20034	-3797.367	-3943.434	146.0665	0.951376	0.7926343	0.327311	0.672689	5.225676
20040	-3807.727	-3952.472	144.7446	0.897143	0.8964217	0.259918	0.740082	5.916927
20046	-3813.737	-3958.087	144.35	0.7909472	0.9267997	0.361245	0.638755	6.172195
20052	-3801.595	-3947.994	146.3992	0.9684256	0.8806989	0.455911	0.544089	4.976008
20058	-3809.788	-3954.721	144.9331	0.9361492	0.969417	0.349109	0.650891	5.750473
20064	-3804.76	-3949.901	145.1415	0.9286664	0.7873886	0.330216	0.669784	5.750473
20070	-3798.149	-3943.141	144.9921	0.9340267	0.9149703	0.359163	0.640837	5.750473
20076	-3804.123	-3949.44	145.3175	0.8376696	0.6701636	0.314842	0.685158	5.78517
20082	-3814.818	-3960.205	145.3867	0.9250157	0.560632	0.322807	0.677193	5.78517
20088	-3798.286	-3943.909	145.6223	0.8827437	0.7057203	0.401375	0.598625	5.567619
20094	-3793.832	-3939.558	145.7259	0.8453782	0.6558513	0.325113	0.674887	5.567619
20100	-3803.462	-3949.337	145.8752	0.8543175	0.799403	0.460303	0.539697	5.380424
20106	-3803.227	-3948.076	144.8494	0.8234724	0.8489322	0.278958	0.721042	5.928639
20112	-3807.96	-3951.687	143.7271	0.7666305	1.120814	0.358955	0.641045	6.419985
20118	-3803.411	-3949.894	146.4824	0.9929297	1.120814	0.36581	0.63419	4.781911
20124	-3809.044	-3956.644	147.6003	0.9929297	0.6859932	0.357357	0.642643	4.421114
20130	-3810.695	-3956.939	146.2448	0.9433746	0.7411306	0.396183	0.603817	5.166133
20136	-3802.95	-3949.186	146.2356	0.9290435	1.024114	0.380279	0.619721	5.006055
20142	-3810.582	-3957.359	146.7764	0.8977006	1.041726	0.386902	0.613098	4.712482
20148	-3802.526	-3949.285	146.7591	1.029255	1.199388	0.420728	0.579272	4.567269
20154	-3799.13	-3945.088	145.9578	0.9556336	0.8247773	0.409377	0.590623	5.262587
20160	-3798.925	-3944.915	145.9902	0.8851287	0.8582535	0.383098	0.616902	5.262587
20166	-3802.997	-3948.828	145.831	0.8792153	1.015316	0.400192	0.599808	5.262587
20172	-3805.28	-3949.9	144.6201	0.8222916	0.7356828	0.327624	0.672376	6.127794
20178	-3804.568	-3949.642	145.0741	0.8378871	0.7356828	0.404153	0.595847	5.871662
20184	-3803.283	-3947.502	144.2194	0.6913657	0.8899278	0.316501	0.683499	6.318814
20190	-3810.021	-3954.442	144.4207	0.8449996	1.063148	0.415916	0.584084	6.029612
20196	-3813.785	-3959.43	145.6454	0.8291473	0.8274489	0.42428	0.57572	5.502792
20202	-3803.708	-3948.943	145.2344	0.8601618	0.6796426	0.317352	0.682648	5.811396
20208	-3801.236	-3946.123	144.8869	0.8610116	0.7248979	0.396208	0.603792	5.968693
20214	-3805.781	-3950.081	144.3001	0.7793313	0.8635917	0.264029	0.735971	6.242957
20220	-3796.134	-3941.2	145.0662	0.8584989	0.8403074	0.370854	0.629146	5.796333
20226	-3801.351	-3947.189	145.8377	0.8582871	0.8403074	0.452435	0.547565	5.372737
20232	-3799.082	-3945.816	146.7339	1.033329	0.9798488	0.383502	0.616498	4.69472
20238	-3798.256	-3943.826	145.5701	0.8172259	0.6324579	0.466041	0.533959	5.686282
20244	-3796.707	-3942.92	146.2134	0.8890101	0.894201	0.404167	0.595833	5.114986
20250	-3793.04	-3938.295	145.2551	0.9926387	0.8721294	0.418404	0.581596	5.599687
20256	-3799.253	-3945.001	145.7479	0.9601051	0.6130867	0.381596	0.618404	5.525317
20262	-3804.241	-3951.322	147.0803	0.9814255	0.6157932	0.440408	0.559592	4.77339
20268	-3796.527	-3940.645	144.1179	0.7693104	0.8550185	0.287156	0.712844	6.352594
20274	-3796.358	-3940.566	144.2086	0.7693104	0.78771	0.37798	0.62202	6.345656
20280	-3801.252	-3945.31	144.0583	0.8512388	0.9192595	0.315187	0.684813	6.3023
20286	-3810.608	-3955.54	144.9318	0.9689379	0.9024095	0.265499	0.734501	5.771762
20292	-3799.613	-3945.754	146.1409	0.947576	0.8213739	0.333074	0.666926	5.167972
20298	-3797.505	-3944.586	147.081	0.9543547	1.008502	0.503694	0.496306	4.528244
20304	-3792.592	-3937.792	145.1994	0.8949024	0.8164084	0.40821	0.59179	5.718557
20310	-3795.309	-3941.266	145.9574	0.9906811	0.8265931	0.307803	0.692197	5.242273
20316	-3793.193	-3939.258	146.0654	0.9143052	0.7994568	0.347114	0.652886	5.242273
20322	-3798.036	-3944.74	146.7043	0.8919904	0.8148044	0.382279	0.617721	4.890253
20328	-3812.819	-3958.551	145.7319	0.9527479	0.6800302	0.346142	0.653858	5.487399
20334	-3808.216	-3953.08	144.8632	0.8214771	0.9914908	0.402357	0.597643	5.839196
20340	-3801.438	-3946.486	145.0476	0.8214771	0.7542719	0.334709	0.665291	5.882451
20346	-3794.613	-3941.185	146.572	0.9229863	0.6686651	0.325901	0.674099	5.048127
20352	-3801.947	-3947.798	145.8513	0.8981008	0.6686651	0.470737	0.529263	5.460102
20358	-3798.388	-3944.687	146.2988	0.9089356	0.8503848	0.276939	0.723061	5.083479
20364	-3795.719	-3940.813	145.0949	0.924302	0.8503848	0.292043	0.707957	5.738332
20370	-3802.052	-3948.761	146.7089	0.924302	0.8503848	0.439372	0.560628	4.846951
20376	-3802.583	-3949.243	146.6608	0.9208939	0.8022805	0.392207	0.607793	4.90653
20382	-3800.238	-3947.143	146.905	0.8695645	0.6450321	0.403233	0.596767	4.910591
20388	-3805.126	-3949.416	144.2901	0.8513447	0.7421336	0.405685	0.594315	6.28703
20394	-3804.315	-3948.695	144.3804	0.7990815	1.129439	0.333628	0.666372	6.042881
20400	-3814.144	-3959.506	145.3617	0.8663946	1.129439	0.456039	0.543961	5.468639
20406	-3807.16	-3952.552	145.3921	0.9713286	1.129439	0.360331	0.639669	5.394136
20412	-3802.961	-3948.768	145.8068	0.9538854	0.8586883	0.317907	0.682093	5.325626
20418	-3811.064	-3956.801	145.7372	0.9523015	0.8455299	0.340205	0.659795	5.373079
20424	-3819.229	-3962.018	142.7881	0.9123669	1.097157	0.405552	0.594448	6.860728
20430	-3806.714	-3950.853	144.1397	0.8413836	1.028915	0.440504	0.559496	6.202604
20436	-3802.567	-3946.721	144.1543	0.8267746	1.028915	0.277575	0.722425	6.202604
20442	-3807.018	-3954.294	147.2755	1.095125	0.9930513	0.430296	0.569704	4.348025
20448	-3796.028	-3942.138	146.1094	1.091478	0.9156093	0.373294	0.626706	5.047565
20454	-3799.952	-3947.63	147.6783	1.051859	0.9156093	0.350389	0.649611	4.189851
20460	-3811.064	-3957.558	146.4938	1.051859	0.7919883	0.4237	0.5763	4.933356
20466	-3805.594	-3951.098	145.5045	0.9460741	0.9484386	0.265239	0.734761	5.443176
20472	-3810.64	-3956.195	145.5552	0.9562611	0.891274	0.399592	0.600408	5.443176
20478	-3799.973	-3945.569	145.5957	0.8740556	0.9300973	0.279604	0.720396	5.443176
20484	-3798.506	-3944.775	146.2694	0.9106823	0.8497173	0.421131	0.578869	5.099237
20490	-3806.216	-3952.009	145.7938	0.9556322	0.8497173	0.331778	0.668222	5.337416
20496	-3812.988	-3959.463	146.4745	1.00994	0.8497173	0.38198	0.61802	4.930199
20502	-3803.447	-3950.766	147.3191	0.9183005	0.8569459	0.411287	0.588713	4.504545
20508	-3799.267	-3944.154	144.8872	0.8140317	0.902594	0.427937	0.572063	5.880818
20514	-3805.677	-3951.229	145.5515	0.9145411	0.8414857	0.306987	0.693013	5.49863
20520	-3804.795	-3951.136	146.3412	0.8942588	0.6526129	0.346666	0.653334	5.203937
20526	-3806.268	-3952.405	146.1373	0.8892958	0.8186439	0.43155	0.56845	5.203937
20532	-3803.862	-3950.061	146.1998	0.8329692	0.9077287	0.489647	0.510353	5.145465
20538	-3801.587	-3946.68	145.093	0.738763	0.8911338	0.34801	0.65199	5.816216
20544	-3793.57	-3937.823	144.2535	0.8092304	0.8195838	0.404945	0.595055	6.279237
20550	-3799.527	-3944.737	145.2106	0.8155291	0.6514182	0.319749	0.680251	5.86964
20556	-3802.817	-3948.446	145.6286	0.8734604	0.8787081	0.372501	0.627499	5.455929
20562	-3807.986	-3954.552	146.5662	0.9331036	0.8872828	0.42926	0.57074	4.898714
20568	-3818.928	-3965.5	146.5722	1.026488	0.9576627	0.309589	0.690411	4.801621
20574	-3810.569	-3956.522	145.9535	0.9151198	0.5931681	0.345401	0.654599	5.452815
20580	-3800.865	-3948.109	147.2434	1.052177	0.6541961	0.413448	0.586552	4.612492
20586	-3796.346	-3941.95	145.6032	0.9387201	0.9212548	0.422591	0.577409	5.408623
20592	-3808.595	-3953.429	144.8335	0.8966499	0.6203861	0.42554	0.57446	6.054762
20598	-3809.333	-3956.526	147.1926	1.043291	0.6617984	0.303949	0.696051	4.64017
20604	-3817.946	-3964.839	146.893	0.9854208	1.053203	0.407138	0.592862	4.591816
20610	-3798.514	-3943.967	145.4529	0.8903635	0.8699209	0.335182	0.664818	5.548569
20616	-3804.799	-3950.253	145.4533	0.8903635	0.8696118	0.357486	0.642514	5.548569
20622	-3805.143	-3949.694	144.5511	0.7438294	0.8089271	0.302271	0.697729	6.15976
20628	-3804.877	-3952.325	147.4476	1.006829	0.6516422	0.332662	0.667338	4.525273
20634	-3805.515	-3952.936	147.4212	1.068731	0.6197501	0.325158	0.674842	4.53033
20640	-3811.622	-3957.95	146.3274	0.9787721	0.6095996	0.296033	0.703967	5.198206
20646	-3811.053	-3956.831	145.7786	0.9579989	0.8910855	0.343658	0.656342	5.319141
20652	-3810.003	-3955.768	145.7654	0.9712233	0.7671994	0.502143	0.497857	5.397786
20658	-3806.977	-3953.983	147.0061	1.0734	0.8898634	0.476947	0.523053	4.572754
20664	-3803.732	-3950.751	147.0182	0.9372089	0.8400028	0.271268	0.728732	4.673515
20670	-3809.223	-3955.88	146.6566	1.065308	1.064476	0.322605	0.677395	4.673515
20676	-3793.376	-3940.482	147.106	1.030983	0.9428095	0.395961	0.604039	4.508742
20682	-3795.142	-3941.88	146.7386	1.001071	0.996343	0.365667	0.634333	4.700847
20688	-3794.18	-3941.562	147.3814	1.058664	0.7761591	0.387798	0.612202	4.443309
20694	-3806.444	-3953.284	146.8398	0.9746774	0.7761591	0.276597	0.723403	4.79411
20700	-3811.667	-3957.961	146.294	0.8852916	0.7416415	0.289459	0.710541	5.170674
20706	-3811.244	-3957.504	146.2607	0.9186725	0.7416415	0.422733	0.577267	5.170674
20712	-3801.32	-3947.617	146.2972	0.9186725	0.63162	0.355789	0.644211	5.230884
20718	-3801.182	-3945.685	144.5025	0.68628	0.5823096	0.4104	0.5896	6.379234
20724	-3806.354	-3950.462	144.1078	0.7879548	0.8048421	0.38933	0.61067	6.379234
20730	-3818.221	-3963.824	145.6023	0.8442939	0.8048421	0.326047	0.673953	5.532647
20736	-3813.124	-3958.768	145.6441	0.8024549	0.8048421	0.375634	0.624366	5.532647
20742	-3816.813	-3961.252	144.4392	0.7843398	0.9117506	0.476569	0.523431	6.135969
20748	-3811.91	-3957.1	145.1903	0.8249936	0.6491466	0.368938	0.631062	5.87725
20754	-3800.504	-3945.48	144.9759	0.8805709	0.9201822	0.329473	0.670527	5.785591
20760	-3808.931	-3954.938	146.0064	0.9274588	0.9201822	0.352607	0.647393	5.192829
20766	-3814.935	-3960.406	145.471	0.8913274	1.06429	0.362851	0.637149	5.428204
20772	-3807.408	-3952.129	144.7212	0.9040336	0.6940232	0.422618	0.577382	6.057302
20778	-3803.837	-3949.129	145.2914	0.7948135	0.8164209	0.379295	0.620705	5.722943
20784	-3805.682	-3952.179	146.4963	0.9435658	0.8552749	0.278554	0.721446	4.951517
20790	-3814.002	-3959.963	145.9602	1.011825	0.91686	0.396002	0.603998	5.173688
20796	-3809.954	-3957.051	147.0969	1.016649	1.166117	0.429225	0.570775	4.400784
20802	-3798.954	-3944.68	145.7258	0.9133891	0.9179079	0.39687	0.60313	5.356949
20808	-3799.922	-3945.715	145.7924	0.8296324	0.8605774	0.357264	0.642736	5.400903
20814	-3800.967	-3946.685	145.7174	0.9480912	0.7888095	0.405826	0.594174	5.422594
20820	-3803.028	-3948.223	145.1952	0.7864141	0.8496521	0.473811	0.526189	5.759386
20826	-3819.481	-3964.848	145.3668	0.8710679	0.6165356	0.378948	0.621052	5.780482
20832	-3788.374	-3933.518	145.1446	0.8752625	0.6935303	0.396198	0.603802	5.842206
20838	-3792.47	-3937.446	144.9761	0.8803913	0.7620772	0.387097	0.612903	5.884098
20844	-3783.903	-3928.421	144.5179	0.7683568	0.8350076	0.354076	0.645924	6.148052
20850	-3795.29	-3939.366	144.0757	0.7683568	0.9527027	0.358131	0.641869	6.318803
20856	-3797.457	-3941.906	144.4487	0.8480549	0.8220659	0.279178	0.720822	6.15043
20862	-3803.826	-3948.456	144.6303	0.8935587	0.6422369	0.402857	0.597143	6.15043
20868	-3799.106	-3943.813	144.7063	0.8176557	0.6422369	0.415093	0.584907	6.15043
20874	-3807.957	-3952.368	144.4106	0.9395973	0.7767754	0.411372	0.588628	6.15043
20880	-3806.705	-3954.468	147.7621	1.1194	0.8309221	0.401679	0.598321	4.157108
20886	-3813.101	-3960.528	147.4272	1.113508	1.169682	0.346912	0.653088	4.157108
20892	-3822.806	-3966.394	143.5877	0.8861607	1.079015	0.446755	0.553245	6.45184
20898	-3804.345	-3950.857	146.5128	1.044079	0.8770497	0.37643	0.62357	4.872902
20904	-3805.04	-3949.24	144.2006	0.884977	0.8622925	0.405741	0.594259	6.240436
20910	-3799.006	-3946.253	147.2467	1.087694	0.6917518	0.350024	0.649976	4.562502
20916	-3799.364	-3943.361	143.9971	0.770292	0.7403296	0.321184	0.678816	6.491164
20922	-3803.591	-3949.266	145.6751	1.029593	0.7727943	0.408443	0.591557	5.411644
20928	-3801.086	-3946.062	144.9755	0.8680356	0.7839176	0.363326	0.636674	5.876715
20934	-3798.787	-3942.665	143.878	0.8172139	1.000063	0.374841	0.625159	6.373431
20940	-3797.961	-3941.694	143.7323	0.8357023	1.000063	0.329972	0.670028	6.44238
20946	-3805.513	-3949.659	144.1455	0.7296396	0.7262765	0.345175	0.654825	6.44238
20952	-3805.964	-3950.067	144.1027	0.7995729	0.7050813	0.365463	0.634537	6.44238
20958	-3795.139	-3939.275	144.1356	0.7995729	0.6799868	0.459403	0.540597	6.44238
20964	-3807.913	-3952.693	144.7806	0.8165127	0.9368178	0.361235	0.638765	5.917754
20970	-3798.054	-3942.947	144.8929	0.8483516	0.8068656	0.369278	0.630722	5.917754
20976	-3804.952	-3950.419	145.467	0.7975766	1.077772	0.433458	0.566542	5.474995
20982	-3799.655	-3946.513	146.8579	1.042471	0.9298487	0.325667	0.674333	4.649158
20988	-3801.78	-3948.377	146.5968	0.9565792	0.8535589	0.377264	0.622736	4.889452
20994	-3814.752	-3961.045	146.2927	0.9679612	0.8535589	0.422425	0.577575	5.052166
21000	-3810.185	-3956.295	146.1104	0.9999954	0.9950477	0.363288	0.636712	5.052166
21006	-3802.777	-3949.478	146.7005	0.9999954	0.9623179	0.344648	0.655352	4.742054
21012	-3804.819	-3951.46	146.641	1.018596	1.002752	0.346453	0.653547	4.742054
21018	-3810.149	-3954	143.8507	0.8123151	1.142696	0.328854	0.671146	6.317297
21024	-3801.052	-3945.915	144.8636	0.9227083	0.7980325	0.446153	0.553847	5.898821
21030	-3803.916	-3949.666	145.7501	0.8034318	0.7980325	0.350049	0.649951	5.4782
21036	-3798.835	-3944.465	145.6297	0.9238866	0.7980325	0.277463	0.722537	5.4782
21042	-3793.187	-3939.777	146.5903	0.9626459	0.8190467	0.361553	0.638447	4.91164
21048	-3791.921	-3938.639	146.7176	0.9509199	0.7963218	0.369233	0.630767	4.862059
21054	-3797.349	-3943.338	145.9896	0.9818337	0.8121449	0.294269	0.705731	5.238599
21060	-3805.137	-3950.62	145.483	0.862521	0.8121449	0.343671	0.656329	5.583447
21066	-3794.854	-3939.982	145.1281	0.8640232	0.8121449	0.326881	0.673119	5.777185
21072	-3796.73	-3943.456	146.7261	0.9149447	0.6057773	0.338418	0.661582	5.015667
21078	-3797.111	-3943.88	146.7682	0.9167126	0.7126375	0.387274	0.612726	4.910404
21084	-3801.841	-3950.35	148.5096	1.137903	0.7126375	0.318096	0.681904	3.801093
21090	-3801.499	-3949.353	147.8538	1.137903	0.7885093	0.424028	0.575972	4.122633
21096	-3812.5	-3960.646	148.1463	1.128421	0.8681067	0.356059	0.643941	3.908683
21102	-3804.17	-3951.497	147.3271	1.050813	0.8681067	0.448399	0.551601	4.418351
21108	-3804.643	-3952.244	147.6006	1.047734	0.6487303	0.344026	0.655974	4.418351
21114	-3811.547	-3959.002	147.455	1.050764	0.9023928	0.379367	0.620633	4.324986
21120	-3813.401	-3960.031	146.6306	1.052542	1.072225	0.303945	0.696055	4.691081
21126	-3808.766	-3954.9	146.1341	1.005458	1.023638	0.411638	0.588362	5.020233
21132	-3795.958	-3942.832	146.8734	0.9403607	0.8927014	0.406971	0.593029	4.719966
21138	-3804.426	-3950.865	146.4392	0.9751493	0.8927014	0.371225	0.628775	4.942692
21144	-3805.869	-3951.153	145.2833	0.9346688	0.8927014	0.350072	0.649928	5.603645
21150	-3811.376	-3959.252	147.8763	0.9674315	1.124255	0.370585	0.629415	4.007811
21156	-3805.799	-3950.388	144.589	0.7740686	0.903933	0.374082	0.625918	6.064525
21162	-3798.501	-3943.544	145.0429	0.7803029	0.873148	0.392067	0.607933	5.831703
21168	-3796.028	-3940.685	144.6571	0.7803482	0.8237236	0.373814	0.626186	6.072796
21174	-3810.376	-3956.369	145.9931	0.7803482	0.7005893	0.508524	0.491476	5.423625
21180	-3802.442	-3947.404	144.9624	0.7787226	0.7921381	0.339389	0.660611	5.927337
21186	-3811.378	-3956.856	145.478	0.9021719	0.6605082	0.459266	0.540734	5.669038
21192	-3811.056	-3955.775	144.719	0.9254028	0.8812911	0.396936	0.603064	5.924523
21198	-3799.426	-3944.091	144.6649	0.9794445	0.8812911	0.378342	0.621658	5.924523
21204	-3803.513	-3949.444	145.9308	0.9528531	0.624169	0.250892	0.749108	5.420007
21210	-3796.217	-3941.891	145.6744	0.8908479	0.8805131	0.306257	0.693743	5.420007
21216	-3805.459	-3951.219	145.7601	0.8051757	0.8805131	0.320447	0.679553	5.420007
21222	-3795.094	-3941.661	146.5665	1.001765	0.8805131	0.356705	0.643295	4.864456
21228	-3799.925	-3946.556	146.6314	0.9368103	0.8805131	0.374461	0.625539	4.864456
21234	-3810.943	-3956.133	145.1896	0.7704763	0.944733	0.3926	0.6074	5.714704
21240	-3807.38	-3953.157	145.777	0.8645799	0.7073074	0.388892	0.611108	5.491419
21246	-3806.067	-3951.545	145.4783	0.8942683	0.6213635	0.420408	0.579592	5.702944
21252	-3814.398	-3961.151	146.7538	0.9060705	0.8794857	0.363003	0.636997	4.813966
21258	-3806.417	-3953.089	146.672	1.063744	0.8882953	0.442471	0.557529	4.766215
21264	-3799.199	-3945.665	146.4662	0.9238346	0.6824165	0.37511	0.62489	5.096113
21270	-3790.029	-3936.295	146.2662	0.9238346	0.8459059	0.382022	0.617978	5.096113
21276	-3808.12	-3954.373	146.2529	0.9371383	0.8459059	0.450681	0.549319	5.096113
21282	-3801.344	-3947.495	146.1502	0.9868826	0.7640793	0.377795	0.622205	5.178711
21288	-3805.426	-3950.641	145.2143	0.764126	0.7640793	0.35385	0.64615	5.816078
21294	-3804.37	-3949.206	144.8353	0.8604165	0.7640793	0.365919	0.634081	5.97057
21300	-3804.401	-3949.278	144.8776	0.8048221	0.775037	0.309799	0.690201	5.97057
21306	-3807.801	-3954.255	146.4547	0.9971298	0.784665	0.345955	0.654045	4.990386
21312	-3806.183	-3952.591	146.4084	1.043414	0.784665	0.4618	0.5382	4.990386
21318	-3808.422	-3955.393	146.971	0.939539	0.784665	0.399303	0.600697	4.734772
21324	-3802.727	-3949.978	147.2508	0.9307049	1.000564	0.467428	0.532572	4.450467
21330	-3815.687	-3963.099	147.4118	0.9503641	1.159291	0.254043	0.745957	4.263687
21336	-3803.316	-3950.481	147.1649	0.9503397	0.7300982	0.363357	0.636643	4.657702
21342	-3797.802	-3944.627	146.8245	0.9627803	0.6401187	0.452995	0.547005	4.90732
21348	-3807.459	-3954.284	146.8251	1.013495	0.7019239	0.38645	0.61355	4.832523
21354	-3803.173	-3949.803	146.6303	1.025999	0.5991977	0.340351	0.659649	5.012475
21360	-3796.012	-3940.846	144.834	0.8748501	0.9748163	0.335506	0.664494	5.835238
21366	-3799.345	-3944.608	145.2632	0.8748501	1.151044	0.326129	0.673871	5.507426
21372	-3797.478	-3942.519	145.0417	0.8490642	0.5857659	0.353168	0.646832	5.994561
21378	-3798.998	-3943.084	144.0859	0.6907746	0.7220801	0.431284	0.568716	6.49861
21384	-3801.56	-3946.724	145.1636	0.8263487	0.74684	0.44876	0.55124	5.82138
21390	-3796.553	-3942.087	145.5341	0.9143609	0.9916001	0.402458	0.597542	5.420003
21396	-3796.088	-3941.717	145.6289	0.9188946	0.6927749	0.404221	0.595779	5.55341
21402	-3799.686	-3945.166	145.4796	0.9362878	1.126699	0.320107	0.679893	5.366574
21408	-3794.461	-3941.044	146.5824	0.9325613	0.7994511	0.391416	0.608584	4.945505
21414	-3808.173	-3954.987	146.8138	0.8652633	0.6573542	0.414096	0.585904	4.954368
21420	-3802.825	-3948.884	146.0588	0.8059806	0.6573542	0.385273	0.614727	5.405005
21426	-3812.685	-3958.115	145.4301	0.7821195	0.6573542	0.318333	0.681667	5.763375
21432	-3817.795	-3964.192	146.3976	0.7821195	0.7710295	0.356477	0.643523	5.150436
21438	-3809.149	-3954.315	145.1652	0.8082243	0.7580456	0.342599	0.657401	5.822863
21444	-3810.484	-3956.303	145.8186	1.045472	0.9396622	0.33044	0.66956	5.220062
21450	-3810.233	-3956.496	146.2622	0.9903842	0.9396622	0.325951	0.674049	5.004741
21456	-3790.862	-3937.417	146.5549	0.9420246	0.7270469	0.271928	0.728072	5.004741
21462	-3790.777	-3937.087	146.3097	0.9538608	0.7522717	0.393254	0.606746	5.116724
21468	-3794.701	-3940.968	146.2678	0.9538608	0.729068	0.457858	0.542142	5.155956
21474	-3813.83	-3960.055	146.2254	1.059661	0.6801892	0.361679	0.638321	5.155956
21480	-3801.199	-3947.194	145.9954	0.9754381	0.6810056	0.42778	0.57222	5.328986
21486	-3814.883	-3961.607	146.7239	0.9754381	0.8968492	0.322479	0.677521	4.781376
21492	-3806.103	-3952.862	146.7589	1.079963	0.7748661	0.368195	0.631805	4.781376
21498	-3795.154	-3941.843	146.6892	1.079963	0.9537965	0.354115	0.645885	4.708581
21504	-3800.442	-3943.512	143.0704	0.9203398	0.8325389	0.326285	0.673715	6.851348
21510	-3804.543	-3951.588	147.0451	0.9266689	0.8325389	0.309922	0.690078	4.669115
21516	-3799.473	-3945.607	146.1339	0.9266689	0.6957446	0.465859	0.534141	5.268763
21522	-3795.485	-3939.206	143.7211	0.9470988	1.002588	0.421308	0.578692	6.386683
21528	-3794.292	-3938.178	143.8854	0.9779449	0.820882	0.419704	0.580296	6.386683
21534	-3811.231	-3956.119	144.8877	0.9301716	0.820882	0.364282	0.635718	5.866967
21540	-3818.847	-3966.182	147.3349	0.9594807	0.7787405	0.310872	0.689128	4.523561
21546	-3826.224	-3973.606	147.3813	0.9985825	0.7100758	0.580787	0.419213	4.523561
21552	-3810.412	-3957.242	146.83	0.9697003	0.7100758	0.436344	0.563656	4.848284
21558	-3803.327	-3948.386	145.0585	0.9237347	0.9144608	0.339779	0.660221	5.720054
21564	-3798.595	-3943.859	145.2632	0.8178702	0.8254105	0.377704	0.622296	5.720054
21570	-3799.627	-3944.815	145.1883	0.8686138	0.846563	0.378162	0.621838	5.720054
21576	-3805.202	-3950.399	145.1972	0.8718218	0.764337	0.262129	0.737871	5.766358
21582	-3810.504	-3956.477	145.9723	0.8718218	0.8341195	0.272618	0.727382	5.294931
21588	-3803.367	-3948.731	145.3647	0.7953711	1.041895	0.322606	0.677394	5.551309
21594	-3791.247	-3936.358	145.111	0.7593664	1.019397	0.421702	0.578298	5.722382
21600	-3802.401	-3948.38	145.9785	0.9033945	0.9891155	0.42357	0.57643	5.182074
21606	-3810.373	-3956.411	146.0386	0.9750353	0.8648267	0.436147	0.563853	5.182074
21612	-3803.747	-3948.26	144.5121	0.746634	0.8877407	0.344994	0.655006	6.13091
21618	-3799.513	-3944.233	144.7201	0.8844569	0.9854307	0.396237	0.603763	5.886367
21624	-3800.242	-3945.084	144.8423	0.8506255	0.9008155	0.341605	0.658395	5.886367
21630	-3808.529	-3953.876	145.3473	0.8133036	0.8443626	0.421785	0.578215	5.664579
21636	-3802.707	-3947.653	144.9459	0.8310091	0.7219056	0.367146	0.632854	5.954953
21642	-3809.469	-3953.326	143.8576	0.8310091	0.8320534	0.428988	0.571012	6.4744
21648	-3805.309	-3950.686	145.377	0.7819158	0.8320534	0.435555	0.564445	5.67324
21654	-3805.359	-3951.686	146.3264	0.8284951	0.8089993	0.433364	0.566636	5.139121
21660	-3808.676	-3955.084	146.4082	1.095834	0.7885604	0.295127	0.704873	4.95881
21666	-3796.27	-3942.535	146.265	1.095834	0.9155215	0.404303	0.595697	4.95881
21672	-3791.455	-3938.015	146.5604	1.028676	0.8591647	0.425715	0.574285	4.866035
21678	-3787.071	-3932.852	145.781	0.9713302	0.808719	0.362526	0.637474	5.361806
21684	-3792.466	-3939.156	146.6897	0.9180574	0.808719	0.38286	0.61714	4.887805
21690	-3796.456	-3942.987	146.5312	1.01675	0.8610199	0.412175	0.587825	4.887805
21696	-3807.466	-3952.509	145.0431	0.9290013	1.064276	0.277102	0.722898	5.642734
21702	-3810.823	-3958.047	147.2242	1.16431	0.9850238	0.433395	0.566605	4.342481
21708	-3798.125	-3944.888	146.7626	1.126067	1.015109	0.412665	0.587335	4.606891
21714	-3802.244	-3948.548	146.3037	0.9936323	0.7327839	0.442557	0.557443	5.111474
21720	-3811.617	-3957.72	146.1036	0.8849694	0.9472189	0.276749	0.723251	5.146796
21726	-3816.919	-3962.043	145.1246	0.792855	0.8367818	0.413324	0.586676	5.802499
21732	-3794.195	-3940.781	146.5851	0.8344632	0.7788898	0.340487	0.659513	5.01218
21738	-3808.776	-3955.768	146.9923	1.013799	0.6833762	0.352424	0.647576	4.75257
21744	-3808.636	-3954.599	145.9635	0.8515242	0.6833762	0.420074	0.579926	5.413186
21750	-3814.476	-3959.356	144.8793	0.9982671	0.9160188	0.483516	0.516484	5.776446
21756	-3809.059	-3953.962	144.9032	0.8835014	0.9160188	0.384235	0.615765	5.826194
21762	-3813.781	-3958.505	144.7234	0.9120079	1.02115	0.40224	0.59776	5.84998
21768	-3815.687	-3960.456	144.7685	0.8573542	1.030942	0.340518	0.659482	5.84998
21774	-3802.238	-3947.423	145.1853	0.7989235	0.7168326	0.391905	0.608095	5.845207
21780	-3805.879	-3950.656	144.7775	0.8078453	0.8749195	0.444127	0.555873	5.96057
21786	-3802.884	-3948.475	145.5915	0.9378132	0.8784534	0.424486	0.575514	5.441061
21792	-3808.158	-3953.814	145.6557	0.864546	1.085482	0.472032	0.527968	5.330108
21798	-3810.274	-3956.222	145.9487	0.8663794	1.080492	0.270248	0.729752	5.16976
21804	-3811.27	-3956.212	144.9415	0.9228318	1.080492	0.324456	0.675544	5.693362
21810	-3796.054	-3941.294	145.2397	0.8798026	1.075144	0.296948	0.703052	5.556113
21816	-3808.292	-3954.798	146.5059	1.014272	1.075144	0.311097	0.688903	4.780629
21822	-3804.94	-3951.547	146.6065	1.010605	0.9763694	0.457605	0.542395	4.780629
21828	-3810.146	-3957.351	147.2052	1.010605	0.9763694	0.387784	0.612216	4.444886
21834	-3798.904	-3945.499	146.5942	0.8654193	0.6735178	0.330967	0.669033	5.064126
21840	-3809.811	-3956.176	146.3648	0.912942	0.8197568	0.383265	0.616735	5.064126
21846	-3806.2	-3952.405	146.2047	0.912942	0.5693142	0.388556	0.611444	5.335151
21852	-3814.924	-3961.432	146.5082	0.826905	0.6279859	0.390313	0.609687	5.167715
21858	-3814.922	-3961.49	146.5681	0.8853076	0.8265333	0.384803	0.615197	4.96217
21864	-3809.421	-3955.154	145.7324	0.7671009	0.7219885	0.448232	0.551768	5.559202
21870	-3809.977	-3956.578	146.6017	0.8652795	1.051662	0.303349	0.696651	4.82283
21876	-3810.578	-3955.979	145.4002	1.051924	1.156467	0.385672	0.614328	5.331727
21882	-3802.171	-3948.731	146.5607	0.9891667	0.9922899	0.264779	0.735221	4.809196
21888	-3810.046	-3957.57	147.5237	1.024186	0.7698741	0.47954	0.52046	4.386804
21894	-3797.65	-3944.162	146.5115	1.024186	0.7332082	0.370486	0.629514	4.978908
21900	-3799.265	-3945.545	146.2798	0.9283874	0.9707902	0.450752	0.549248	5.011523
21906	-3799.145	-3944.639	145.4942	0.9400574	0.926221	0.431598	0.568402	5.46498
21912	-3793.951	-3938.631	144.6798	0.8615891	0.7052084	0.440069	0.559931	6.095011
21918	-3790.117	-3936.367	146.2502	0.9721257	1.070685	0.456964	0.543036	4.948955
21924	-3792.789	-3938.307	145.5176	0.9171201	0.9838953	0.257005	0.742995	5.431876
21930	-3793.959	-3939.67	145.7106	0.9171201	0.8064929	0.419737	0.580263	5.431876
21936	-3807.02	-3951.442	144.4219	0.9171201	0.8090602	0.304647	0.695353	6.135679
21942	-3795.441	-3940.102	144.6605	0.8647343	0.8090602	0.373181	0.626819	6.034219
21948	-3803.076	-3947.574	144.4982	0.7992962	1.021622	0.412994	0.587006	6.034219
21954	-3793.78	-3938.972	145.1918	0.862672	1.021622	0.325294	0.674706	5.620201
21960	-3807.596	-3952.984	145.3884	0.9229907	1.194066	0.458734	0.541266	5.391021
21966	-3806.687	-3952.567	145.8797	0.9843212	0.8116976	0.412544	0.587456	5.298269
21972	-3803.902	-3949.784	145.8827	0.8280851	0.9509635	0.399266	0.600734	5.298269
21978	-3811.591	-3957.954	146.3626	0.9447282	0.6781183	0.361129	0.638871	5.145127
21984	-3816.532	-3962.461	145.9295	0.9447282	0.9770032	0.340007	0.659993	5.19312
21990	-3810.893	-3956.659	145.7661	0.859713	0.9770032	0.268973	0.731027	5.330407
21996	-3808.056	-3953.818	145.7611	0.8717943	0.9700505	0.296725	0.703275	5.330407
22002	-3805.89	-3951.594	145.7042	0.9286523	0.9700505	0.422567	0.577433	5.330407
22008	-3814.927	-3960.157	145.2296	0.8829937	0.7978524	0.402863	0.597137	5.720445
22014	-3836.528	-3980.251	143.7231	0.8299266	1.094813	0.396123	0.603877	6.400888
22020	-3819.093	-3965.318	146.2251	0.8850669	0.8078802	0.336626	0.663374	5.164615
22026	-3818.814	-3965.248	146.4339	1.035192	0.9559289	0.342675	0.657325	4.874866
22032	-3810.471	-3954.799	144.3275	0.9488255	0.9250116	0.352495	0.647505	6.099535
22038	-3807.147	-3951.775	144.628	0.9324037	0.6843577	0.333686	0.666314	6.099535
22044	-3802.539	-3948.664	146.1257	1.023739	0.8938019	0.377496	0.622504	5.089137
22050	-3815.426	-3960.623	145.1971	0.9860427	1.045097	0.376427	0.623573	5.536942
22056	-3813.857	-3960.022	146.1648	1.083641	1.045097	0.396093	0.603907	4.948063
22062	-3812.427	-3956.474	144.0462	0.9165556	0.9181645	0.496436	0.503564	6.274057
22068	-3809.731	-3953.874	144.1435	0.9030172	0.9181645	0.385701	0.614299	6.228515
22074	-3805.741	-3949.926	144.1849	0.8615884	0.9181645	0.404503	0.595497	6.228515
22080	-3809.19	-3953.365	144.1751	0.8714637	0.9181645	0.271608	0.728392	6.228515
22086	-3796.765	-3941.639	144.8738	0.8054645	0.9181645	0.444293	0.555707	5.883667
22092	-3800.403	-3945.313	144.9098	0.8561887	0.8446808	0.390448	0.609552	5.880424
22098	-3795.323	-3940.79	145.4671	0.8649899	0.8697186	0.338706	0.661294	5.554849
22104	-3803.122	-3949.836	146.714	0.9564554	0.9268323	0.2928	0.7072	4.779567
22110	-3808.759	-3954.268	145.5092	0.9958652	0.9268323	0.479278	0.520722	5.425652
22116	-3786.119	-3932.167	146.048	0.8770839	0.9226406	0.355353	0.644647	5.196246
22122	-3801.625	-3947.33	145.7052	0.8770839	0.9425664	0.345594	0.654406	5.373975
22128	-3800.8	-3945.321	144.5202	0.7824204	0.9664495	0.450177	0.549823	6.061632
22134	-3804.623	-3949.927	145.3041	0.8593597	0.9664495	0.271177	0.728823	5.590801
22140	-3802.423	-3947.232	144.8093	0.8193246	0.766448	0.472102	0.527898	6.00561
22146	-3801.848	-3947.596	145.7474	0.995542	0.8741246	0.408351	0.591649	5.325952
22152	-3793.241	-3939.066	145.8249	0.9180145	0.8741246	0.374091	0.625909	5.325952
22158	-3798.987	-3941.412	142.4248	0.732563	0.788345	0.364463	0.635537	7.3275
22164	-3814.177	-3958.859	144.6822	0.9093471	0.808462	0.349599	0.650401	5.998463
22170	-3806.661	-3950.84	144.1793	0.8450077	0.7544339	0.367625	0.632375	6.342378
22176	-3811.611	-3956.902	145.2906	0.7424213	0.8429501	0.353381	0.646619	5.735422
22182	-3793.452	-3939.006	145.5539	0.9236499	0.7689116	0.425052	0.574948	5.539182
22188	-3800.006	-3945.559	145.5531	0.8917126	0.7962489	0.301143	0.698857	5.539182
22194	-3811.304	-3957.035	145.7308	0.9515674	0.6133885	0.357299	0.642701	5.539182
22200	-3810.835	-3956.108	145.2736	0.8026171	0.795871	0.27577	0.72423	5.741632
22206	-3827.55	-3972.605	145.0554	0.9961646	0.9851958	0.370728	0.629272	5.641742
22212	-3812.731	-3959.624	146.8936	0.9883027	1.008689	0.382665	0.617335	4.61426
22218	-3808.713	-3956.585	147.8719	1.031155	0.7679199	0.412879	0.587121	4.187163
22224	-3801.838	-3947.376	145.5373	0.7040063	0.834454	0.425475	0.574525	5.626504
22230	-3808.122	-3953.24	145.1185	0.7407051	0.7040543	0.392734	0.607266	5.922533
22236	-3809.254	-3953.136	143.8818	0.8671123	0.8014491	0.379736	0.620264	6.461027
22242	-3802.385	-3946.364	143.9793	0.7904277	0.7839021	0.26644	0.73356	6.461027
22248	-3802.874	-3946.554	143.68	0.7769691	0.8339041	0.301338	0.698662	6.598673
22254	-3814.449	-3958.067	143.6185	0.9061289	0.7763366	0.282567	0.717433	6.598673
22260	-3809.994	-3954.971	144.9772	0.8187571	0.7763366	0.396093	0.603907	5.907686
22266	-3808.42	-3951.889	143.4685	0.6872366	0.903657	0.415202	0.584798	6.719646
22272	-3804.721	-3950.1	145.3795	0.8862964	0.9338079	0.397754	0.602246	5.553194
22278	-3800.104	-3945.51	145.4058	0.8600481	0.9338079	0.311836	0.688164	5.553194
22284	-3791.015	-3935.354	144.3395	0.8783861	0.8613154	0.441767	0.558233	6.169051
22290	-3813.028	-3960.612	147.5841	1.031594	0.7883828	0.482487	0.517513	4.335956
22296	-3791.494	-3937.156	145.662	1.031594	0.7159735	0.363549	0.636451	5.456698
22302	-3799.636	-3945.188	145.5516	0.9201864	0.9051371	0.374132	0.625868	5.456698
22308	-3807.054	-3952.917	145.8634	0.8739752	0.6823701	0.436801	0.563199	5.456698
22314	-3811.282	-3955.999	144.7163	0.8474761	0.7831351	0.450915	0.549085	6.029963
22320	-3809.425	-3952.858	143.433	0.7282373	0.9305235	0.416802	0.583198	6.701154
22326	-3816.593	-3963.27	146.6774	0.9023422	0.9305235	0.331817	0.668183	4.828024
22332	-3818.291	-3964.3	146.0092	0.9124159	0.778509	0.354564	0.645436	5.288158
22338	-3807.246	-3952.143	144.8966	0.8980815	0.8265792	0.351734	0.648266	5.876024
22344	-3818.143	-3963.049	144.906	0.7291392	0.8265792	0.407257	0.592743	5.963158
22350	-3821.992	-3966.994	145.0023	0.7291392	0.7460492	0.336239	0.663761	5.963158
22356	-3817.223	-3964.42	147.1971	0.9043698	0.8901128	0.425943	0.574057	4.560273
22362	-3798.535	-3946.48	147.9448	1.028462	0.7010689	0.320881	0.679119	4.194971
22368	-3800.704	-3948.537	147.8331	1.135121	0.6856028	0.294114	0.705886	4.209359
22374	-3817.801	-3966.837	149.0355	1.152009	0.6963535	0.27336	0.72664	3.500442
22380	-3822.636	-3969.185	146.5488	1.006922	0.8776646	0.419165	0.580835	4.873175
22386	-3819.429	-3965.004	145.5745	0.904497	0.8776646	0.462889	0.537111	5.469245
22392	-3803.694	-3949.155	145.4611	0.9089821	0.9205984	0.362986	0.637014	5.503594
22398	-3801.489	-3947.673	146.1837	0.9594375	0.7899191	0.373525	0.626475	5.158145
22404	-3800.383	-3946.662	146.279	0.8640694	0.7899191	0.423383	0.576617	5.158145
22410	-3794.601	-3940.125	145.5247	0.9067757	0.7297559	0.397455	0.602545	5.591131
22416	-3788.914	-3934.752	145.8382	0.9581979	0.899479	0.357507	0.642493	5.281088
22422	-3800.99	-3946.6	145.6108	1.00801	0.6578489	0.36997	0.63003	5.540017
22428	-3804.388	-3949.586	145.1975	0.9698753	1.055704	0.409248	0.590752	5.540017
22434	-3800.711	-3946.815	146.1038	0.9905981	0.8244479	0.370772	0.629228	5.162721
22440	-3802.329	-3949.688	147.3589	1.090118	0.8979886	0.360877	0.639123	4.359755
22446	-3798.83	-3946.114	147.2842	1.001005	1.058961	0.420039	0.579961	4.359755
22452	-3799.289	-3944.784	145.4948	0.7026143	0.7702969	0.399451	0.600549	5.692064
22458	-3797.951	-3944.046	146.0944	1.041264	0.8570977	0.380541	0.619459	5.119257
22464	-3804.058	-3949.46	145.4022	0.8636159	0.7752124	0.31751	0.68249	5.651293
22470	-3807.222	-3952.554	145.3316	0.8303455	0.8647028	0.409674	0.590326	5.651293
22476	-3808.139	-3955.317	147.1786	0.9830519	0.7074537	0.294041	0.705959	4.647907
22482	-3796.958	-3943.178	146.2199	0.9003427	0.7074537	0.367016	0.632984	5.227381
22488	-3803.852	-3950.255	146.4031	0.9754995	0.7074537	0.365498	0.634502	5.084341
22494	-3813.862	-3960.377	146.5143	0.8642971	0.7074537	0.46633	0.53367	5.084341
22500	-3820.444	-3967.196	146.752	0.961375	0.7119137	0.323129	0.676871	4.895088
22506	-3811.948	-3957.548	145.6006	0.8929036	0.8456527	0.372384	0.627616	5.480941
22512	-3807.771	-3953.773	146.0022	0.8802331	0.8456527	0.379414	0.620586	5.266492
22518	-3816.125	-3962.096	145.9715	0.8802331	0.8730713	0.42826	0.57174	5.266492
22524	-3796.934	-3942.629	145.6951	0.8127147	0.9213375	0.541314	0.458686	5.427352
22530	-3797.728	-3943.543	145.8151	0.8576204	0.7756124	0.34142	0.65858	5.427352
22536	-3794.369	-3940.942	146.5731	0.8582561	1.04757	0.418575	0.581425	4.844878
22542	-3805.212	-3953.082	147.8707	0.9758314	0.9591638	0.346184	0.653816	4.097633
22548	-3803.486	-3949.527	146.0408	0.8513275	0.838613	0.400438	0.599562	5.265568
22554	-3801.007	-3947.208	146.201	0.9266981	0.7731183	0.433966	0.566034	5.177856
22560	-3799.253	-3945.245	145.9925	0.7472642	0.7731183	0.370172	0.629828	5.392066
22566	-3803.638	-3949.796	146.1586	0.899008	0.7731183	0.43024	0.56976	5.21661
22572	-3804.7	-3950.873	146.1723	0.8962998	0.7731183	0.401596	0.598404	5.210557
22578	-3807.029	-3953.017	145.9882	0.9997127	0.8582837	0.409348	0.590652	5.200356
22584	-3807.177	-3953.041	145.8646	0.8843376	0.9047325	0.455098	0.544902	5.304164
22590	-3809.093	-3953.938	144.8441	0.877677	0.7414082	0.393481	0.606519	5.971587
22596	-3803.408	-3949.457	146.0494	0.9506084	0.946109	0.368603	0.631397	5.141093
22602	-3805.996	-3951.482	145.4851	0.9360657	0.946109	0.345571	0.654429	5.460664
22608	-3812.164	-3956.983	144.8182	0.8345456	0.8528632	0.354342	0.645658	5.937211
22614	-3818.908	-3965.03	146.1215	0.9832221	0.7902683	0.42589	0.57411	5.179148
22620	-3811.611	-3957.585	145.973	0.9804468	0.9250398	0.453818	0.546182	5.179148
22626	-3810.98	-3956.601	145.6208	0.8912605	1.113014	0.303839	0.696161	5.320502
22632	-3794.288	-3939.957	145.669	0.8531733	0.7986332	0.378453	0.621547	5.495094
22638	-3818.319	-3964.638	146.3183	0.8190567	0.7986332	0.32505	0.67495	5.155587
22644	-3806.339	-3952.629	146.2905	0.88453	0.7672638	0.32313	0.67687	5.155587
22650	-3800.318	-3947.167	146.8492	0.9159145	0.6851495	0.454816	0.545184	4.885679
22656	-3809.875	-3957.219	147.3445	1.014055	0.7858399	0.422692	0.577308	4.482677
22662	-3816.432	-3962.198	145.7657	0.720303	0.8353924	0.256535	0.743465	5.491486
22668	-3815.49	-3960.734	145.2445	0.7943951	1.300363	0.363217	0.636783	5.491486
22674	-3800.81	-3947.838	147.0283	1.081291	0.8540294	0.310869	0.689131	4.578154
22680	-3796.894	-3942.943	146.049	1.123466	0.8540294	0.358626	0.641374	5.100788
22686	-3799.342	-3944.533	145.1914	0.9720559	0.8540294	0.404503	0.595497	5.657044
22692	-3795.477	-3940.212	144.7342	0.7634271	0.8558656	0.315604	0.684396	6.020013
22698	-3803.983	-3948.619	144.6361	0.9065198	1.072723	0.362072	0.637928	5.873475
22704	-3808.074	-3953.853	145.7784	0.9796467	0.8854289	0.35766	0.64234	5.310739
22710	-3800.946	-3947.551	146.6052	0.9748388	0.8854289	0.385063	0.614937	4.854883
22716	-3795.168	-3940.448	145.2797	0.9092106	0.8236408	0.44867	0.55133	5.662057
22722	-3815.191	-3960.058	144.8674	0.9963413	0.9459501	0.36672	0.63328	5.766754
22728	-3811.85	-3957.953	146.103	0.8014073	0.7394557	0.361238	0.638762	5.324134
22734	-3803.746	-3949.384	145.6381	0.9258596	1.140368	0.360331	0.639669	5.278005
22740	-3799.737	-3946.428	146.6914	0.9322421	0.7418731	0.393718	0.606282	4.923911
22746	-3798.589	-3943.866	145.2775	0.9146543	0.8924763	0.401148	0.598852	5.617959
22752	-3800.496	-3945.836	145.3401	0.9189926	0.8325033	0.349326	0.650674	5.617959
22758	-3810.315	-3955.711	145.3963	0.8464457	0.8468862	0.34808	0.65192	5.617959
22764	-3818.162	-3964.918	146.7561	0.9662315	0.8155824	0.367957	0.632043	4.819485
22770	-3818.448	-3963.867	145.4187	0.9267266	0.6078196	0.351834	0.648166	5.728434
22776	-3814.979	-3960.021	145.0418	0.9377717	0.9026845	0.262038	0.737962	5.728434
22782	-3809.321	-3952.523	143.2027	0.9156547	0.887169	0.301959	0.698041	6.749523
22788	-3811.102	-3955.098	143.9961	0.7699061	0.887169	0.308719	0.691281	6.399025
22794	-3806.729	-3951.8	145.0712	0.9951468	0.9884174	0.355076	0.644924	5.631829
22800	-3813.773	-3957.712	143.9384	0.7800255	0.7846252	0.489393	0.510607	6.48836
22806	-3795.346	-3940.288	144.942	0.8366128	0.7509629	0.357859	0.642141	5.934112
22812	-3818.145	-3965.107	146.9619	1.052169	1.007962	0.374219	0.625781	4.540512
22818	-3808.199	-3954.75	146.5512	0.9813785	0.8983647	0.33878	0.66122	4.873453
22824	-3808.175	-3954.263	146.0873	0.8944151	0.7920675	0.473585	0.526415	5.246039
22830	-3804.944	-3953.207	148.2633	1.290708	0.8449532	0.345316	0.654684	3.763067
22836	-3809.494	-3957.742	148.2484	1.21247	0.9300564	0.371072	0.628928	3.763067
22842	-3812.583	-3957.553	144.9702	0.7864404	0.8748022	0.412737	0.587263	5.8671
22848	-3803.432	-3949.29	145.8586	1.063115	0.7155736	0.347302	0.652698	5.331228
22854	-3805.44	-3953.973	148.5329	1.31099	0.948052	0.36714	0.63286	3.530195
22860	-3804.413	-3950.512	146.0988	0.8815817	0.8182543	0.420594	0.579406	5.229757
22866	-3801.475	-3947.657	146.1811	0.9440618	0.8732748	0.357769	0.642231	5.115079
22872	-3803.537	-3948.937	145.4002	0.8094254	0.9363024	0.361986	0.638014	5.582642
22878	-3797.958	-3943.27	145.313	0.8966514	0.9363024	0.444347	0.555653	5.582642
22884	-3810.668	-3955.192	144.5238	0.8088684	0.7086797	0.444182	0.555818	6.206172
22890	-3804.957	-3949.13	144.1731	0.8215515	0.9420383	0.378912	0.621088	6.243034
22896	-3801.612	-3948.436	146.8245	1.044462	1.05445	0.361382	0.638618	4.596444
22902	-3810.6	-3957.425	146.8245	1.044462	1.05445	0.349058	0.650942	4.596444
22908	-3802.387	-3949.939	147.5518	1.044462	0.8365326	0.407756	0.592244	4.315157
22914	-3804.685	-3950.623	145.9375	0.9017202	0.9471927	0.311463	0.688537	5.229445
22920	-3813.575	-3961.412	147.8366	1.017652	0.7907444	0.236155	0.763845	4.199262
22926	-3798.212	-3944.186	145.9737	0.9913711	0.8948191	0.357549	0.642451	5.190648
22932	-3793.123	-3938.217	145.094	0.8305489	0.7787322	0.428054	0.571946	5.835822
22938	-3802.506	-3948.839	146.3325	0.9556372	0.8299296	0.367507	0.632493	5.051793
22944	-3803.249	-3949.649	146.3995	1.024563	0.7176718	0.453404	0.546596	5.051793
22950	-3793.033	-3939.734	146.7018	1.070127	0.8637994	0.379221	0.620779	4.761143
22956	-3814.47	-3958.97	144.4998	1.024241	0.7177658	0.415065	0.584935	6.095694
22962	-3795.914	-3942.32	146.4064	0.9184785	0.6470825	0.365049	0.634951	5.158674
22968	-3809.452	-3955.765	146.3125	1.077688	1.063759	0.329005	0.670995	4.859154
22974	-3792.349	-3938.986	146.6371	0.9935211	0.8193187	0.321287	0.678713	4.868208
22980	-3799.404	-3946.093	146.6882	0.9652308	0.7998196	0.362789	0.637211	4.868208
22986	-3800.49	-3947.356	146.8661	0.9843766	0.7454063	0.416865	0.583135	4.795064
22992	-3801.257	-3948.141	146.8843	1.069784	0.7454023	0.50265	0.49735	4.737151
22998	-3799.577	-3943.931	144.3535	0.8328547	0.9989707	0.353499	0.646501	6.107032
23004	-3794.003	-3938.284	144.2812	0.8328547	1.010666	0.399852	0.600148	6.140072
23010	-3790.751	-3936.443	145.6923	0.8458469	0.8405495	0.47931	0.52069	5.459537
23016	-3795.964	-3941.742	145.7776	0.9563504	0.681056	0.392407	0.607593	5.459537
23022	-3817.192	-3962.739	145.5475	0.9198986	0.8301255	0.314065	0.685935	5.505014
23028	-3809.248	-3955.557	146.3092	0.9511922	0.8269616	0.446582	0.553418	5.069089
23034	-3814.591	-3961.608	147.0172	0.9914373	0.7746395	0.385774	0.614226	4.686604
23040	-3792.983	-3940.058	147.0744	0.989439	0.7299339	0.38699	0.61301	4.686604
23046	-3808.273	-3954.322	146.0487	1.022024	0.7299339	0.41541	0.58459	5.238852
23052	-3800.324	-3943.98	143.6561	0.8054365	0.8513748	0.371449	0.628551	6.585458
23058	-3802.347	-3945.801	143.4536	0.8646205	0.9805064	0.313729	0.686271	6.588341
23064	-3803.688	-3947.18	143.4922	0.8170505	0.9893477	0.37038	0.62962	6.588341
23070	-3804.757	-3951.93	147.1734	0.953382	0.7294694	0.378039	0.621961	4.65171
23076	-3812.329	-3958.551	146.2216	0.9393193	0.7294694	0.350984	0.649016	5.189295
23082	-3802.072	-3948.383	146.311	0.8323708	0.7434681	0.350806	0.649194	5.189295
23088	-3804.461	-3948.99	144.5291	0.803037	0.8369779	0.40246	0.59754	6.121864
23094	-3808.321	-3954.479	146.1586	0.9481611	0.7398524	0.316464	0.683536	5.212059
23100	-3806.255	-3951.097	144.8423	0.9082881	0.8449614	0.362646	0.637354	5.888642
23106	-3803.018	-3948.992	145.9743	0.9132341	0.8449614	0.314858	0.685142	5.264132
23112	-3797.069	-3941.465	144.3954	0.8557982	0.8377154	0.322366	0.677634	6.16542
23118	-3797.46	-3942.499	145.0394	0.7756006	0.8377154	0.365724	0.634276	5.857937
23124	-3801.904	-3946.916	145.0125	0.8025514	0.8377154	0.36234	0.63766	5.857937
23130	-3817.759	-3962.974	145.2147	0.8053568	0.7051199	0.45083	0.54917	5.833866
23136	-3813.051	-3957.862	144.8113	0.8053568	1.071063	0.377149	0.622851	5.833866
23142	-3799.248	-3943.717	144.469	0.8421464	0.8648866	0.357331	0.642669	6.116134
23148	-3805.367	-3951.478	146.1119	0.9359046	0.966631	0.282824	0.717176	5.102891
23154	-3819.803	-3963.081	143.2781	0.8934267	0.8081701	0.356929	0.643071	6.769065
23160	-3819.957	-3964.106	144.1497	0.746491	0.7379027	0.28629	0.71371	6.423
23166	-3812.472	-3957.686	145.2139	0.8506705	0.8053991	0.303877	0.696123	5.741891
23172	-3806.377	-3951.345	144.9682	0.9268006	0.9595668	0.351299	0.648701	5.741891
23178	-3806.848	-3952.111	145.2633	0.8737267	0.7453976	0.360582	0.639418	5.741891
23184	-3813.74	-3961.219	147.4791	1.010914	0.9616951	0.543221	0.456779	4.298528
23190	-3795.39	-3941.75	146.3598	0.9165608	0.9616951	0.344453	0.655547	4.978814
23196	-3798.223	-3946.528	148.3053	1.151288	0.8381085	0.339721	0.660279	3.823617
23202	-3798.468	-3946.761	148.2927	1.151288	0.8381085	0.335729	0.664271	3.830886
23208	-3813.336	-3962.197	148.8608	1.282982	0.8381085	0.434276	0.565724	3.424967
23214	-3798.774	-3942.517	143.7429	0.8849391	0.7567518	0.292111	0.707889	6.555707
23220	-3806.006	-3953.399	147.393	1.026762	0.6801219	0.294926	0.705074	4.523135
23226	-3817.956	-3964.752	146.7963	1.036352	0.850686	0.500743	0.499257	4.735381
23232	-3801.249	-3949.344	148.0947	1.094661	0.7610022	0.406104	0.593896	4.028937
23238	-3789.113	-3936.199	147.0863	0.98776	0.7610022	0.435149	0.564851	4.659297
23244	-3789.383	-3935.785	146.4023	0.8600603	0.7997055	0.3008	0.6992	5.085634
23250	-3788.495	-3933.498	145.0032	0.9598811	0.8035875	0.417675	0.582325	5.798618
23256	-3802.551	-3948.437	145.8865	0.9131348	0.7210837	0.345536	0.654464	5.394682
23262	-3804.479	-3949.825	145.3459	0.9012154	0.7210837	0.418151	0.581849	5.69835
23268	-3801.3	-3945.378	144.078	0.794422	0.7933408	0.323064	0.676936	6.399255
23274	-3809.451	-3954.626	145.1751	0.7920504	0.7372511	0.342625	0.657375	5.840421
23280	-3810.335	-3955.445	145.1104	0.8419479	0.9021578	0.406771	0.593229	5.743689
23286	-3810.566	-3955.478	144.9115	0.7413799	0.845209	0.353414	0.646586	5.94185
23292	-3803.642	-3948.93	145.2877	0.8877415	1.036807	0.427972	0.572028	5.54559
23298	-3800.603	-3945.882	145.2797	0.9353865	0.9967081	0.481579	0.518421	5.54559
23304	-3806.686	-3952.708	146.0217	0.8364587	0.9967081	0.380153	0.619847	5.191017
23310	-3800.911	-3946.851	145.9399	0.9333317	0.7608953	0.31807	0.68193	5.326707
23316	-3807.778	-3954.039	146.2613	0.9333317	0.8128562	0.372359	0.627641	5.114624
23322	-3817.771	-3964.657	146.886	1.119059	0.7309463	0.351298	0.648702	4.718769
23328	-3811.718	-3959.618	147.9007	1.069571	0.7472473	0.339915	0.660085	4.163352
23334	-3802.672	-3948.25	145.5781	1.023795	0.9131896	0.359515	0.640485	5.380288
23340	-3813.054	-3959.124	146.0696	0.910972	0.8368233	0.503117	0.496883	5.2178
23346	-3811.328	-3957.973	146.645	0.9674126	1.110248	0.343108	0.656892	4.710725
23352	-3808.507	-3954.991	146.4842	0.9693239	0.65575	0.35571	0.64429	5.080788
23358	-3791.857	-3937.777	145.9201	0.9106687	1.015366	0.318875	0.681125	5.19587
23364	-3805.444	-3951.316	145.8714	0.8798328	0.8886646	0.383943	0.616057	5.312564
23370	-3797.789	-3943.019	145.2301	0.8758288	0.7773924	0.276104	0.723896	5.737462
23376	-3805.839	-3951.069	145.2295	0.8758288	0.8452814	0.410354	0.589646	5.694324
23382	-3794.714	-3940.515	145.8001	0.8483535	0.8634096	0.440685	0.559315	5.384622
23388	-3798.472	-3943.929	145.457	0.9404701	0.9071646	0.348714	0.651286	5.496423
23394	-3808.709	-3952.865	144.156	0.8609209	0.9071646	0.451396	0.548604	6.251021
23400	-3800.123	-3944.63	144.5074	0.7708351	0.9071646	0.348735	0.651265	6.108847
23406	-3810.032	-3955.009	144.9777	0.816209	1.194885	0.378163	0.621837	5.675078
23412	-3804.723	-3949.815	145.0921	0.8452467	1.039122	0.374598	0.625402	5.675078
23418	-3808.097	-3953.385	145.288	0.8194754	0.8747198	0.40575	0.59425	5.675078
23424	-3797.882	-3943.432	145.5501	0.9009197	0.7614119	0.370323	0.629677	5.558824
23430	-3794.825	-3940.533	145.7074	0.9213448	1.142108	0.414803	0.585197	5.241328
23436	-3791.199	-3937.445	146.2458	0.9213448	0.9583955	0.351785	0.648215	5.041358
23442	-3804.158	-3950.339	146.1816	0.9856156	0.9583955	0.506662	0.493338	5.041358
23448	-3811.147	-3957.476	146.3289	1.001639	0.8095829	0.437317	0.562683	5.041358
23454	-3802.719	-3949.01	146.2905	0.9687717	0.7362187	0.318131	0.681869	5.130148
23460	-3796.44	-3942.696	146.2562	0.90404	0.6992263	0.324871	0.675129	5.211147
23466	-3792.356	-3937.583	145.2275	0.8561058	0.8682781	0.216916	0.783084	5.692068
23472	-3801.79	-3948.552	146.7618	0.938823	0.8985487	0.350488	0.649512	4.779645
23478	-3811.852	-3958.187	146.3354	0.8967801	0.6569202	0.332597	0.667403	5.202526
23484	-3800.849	-3946.537	145.688	0.9314272	0.8962577	0.390136	0.609864	5.380664
23490	-3803.329	-3948.478	145.1495	0.8478958	0.864751	0.41318	0.58682	5.741483
23496	-3808.475	-3953.83	145.3555	0.8478958	0.6939227	0.249561	0.750439	5.741483
23502	-3796.313	-3941.984	145.6714	0.9171476	0.8241575	0.363611	0.636389	5.442177
23508	-3797.568	-3942.886	145.3179	0.8599182	0.8241575	0.390729	0.609271	5.66782
23514	-3806.384	-3952.664	146.2791	0.893647	0.9954758	0.349778	0.650222	5.017299
23520	-3807.948	-3954.462	146.514	0.893647	0.7811166	0.38446	0.61554	5.017299
23526	-3806.602	-3952.951	146.349	0.8998433	0.6656234	0.31791	0.68209	5.186783
23532	-3799.021	-3943.602	144.5809	0.9103011	0.9140802	0.355728	0.644272	5.988754
23538	-3795.339	-3939.943	144.604	0.8499696	0.9493507	0.438306	0.561694	5.988754
23544	-3792.621	-3938.314	145.693	0.8298544	0.6762941	0.350823	0.649177	5.579041
23550	-3794.353	-3939.83	145.4769	0.9673601	0.7371243	0.392266	0.607734	5.579041
23556	-3796.271	-3941.178	144.9068	0.9718297	0.8163482	0.416769	0.583231	5.83664
23562	-3800.294	-3946.371	146.0767	0.9603027	0.6636827	0.405849	0.594151	5.305282
23568	-3795.249	-3941.115	145.8663	0.9692747	0.8252255	0.39478	0.60522	5.305282
23574	-3798.966	-3945.526	146.5606	0.9948159	1.036785	0.363504	0.636496	4.781517
23580	-3795.291	-3942.492	147.2009	0.9318581	0.9174549	0.364327	0.635673	4.526139
23586	-3794.067	-3940.875	146.8075	0.9676258	0.6596385	0.300646	0.699354	4.899187
23592	-3803.696	-3950.717	147.0215	0.9676258	0.8469743	0.353439	0.646561	4.650177
23598	-3811.994	-3957.731	145.7362	0.9382984	0.7741226	0.439757	0.560243	5.42736
23604	-3810.584	-3955.21	144.6256	0.9382984	0.5852425	0.408498	0.591502	6.173025
23610	-3807.215	-3951.668	144.4526	0.9146277	1.121914	0.384926	0.615074	5.944203
23616	-3816.312	-3962.082	145.7706	0.8401733	0.7001106	0.371298	0.628702	5.513528
23622	-3791.564	-3936.508	144.9448	0.8378816	0.7726368	0.370094	0.629906	5.917428
23628	-3794.833	-3939.73	144.8964	0.8183391	0.8302303	0.362541	0.637459	5.917428
23634	-3806.314	-3952.962	146.6481	0.886985	0.7417495	0.36592	0.63408	4.973278
23640	-3803.455	-3950.462	147.0073	0.962329	0.7061337	0.450895	0.549105	4.756299
23646	-3803.088	-3949.028	145.9398	0.8627918	0.8192608	0.29517	0.70483	5.327322
23652	-3808.045	-3953.884	145.839	0.9449337	0.8732526	0.385693	0.614307	5.303849
23658	-3798.206	-3943.787	145.5816	0.9449337	0.8732526	0.352127	0.647873	5.445741
23664	-3800.449	-3945.461	145.0114	0.9696786	1.066144	0.357581	0.642419	5.636803
23670	-3797.54	-3944.529	146.9889	0.9751982	0.9167401	0.329394	0.670606	4.621276
23676	-3800.25	-3947.157	146.9075	1.093756	0.8823346	0.349024	0.650976	4.621276
23682	-3796.983	-3943.932	146.9488	1.046059	0.8882157	0.437489	0.562511	4.621276
23688	-3808.87	-3956.301	147.4312	1.051707	1.02415	0.425306	0.574694	4.267017
23694	-3797.252	-3943.087	145.8346	0.8852058	0.8236702	0.40234	0.59766	5.370133
23700	-3799.429	-3943.895	144.4655	0.7597665	0.9621052	0.29161	0.70839	6.1062
23706	-3792.207	-3937.848	145.6409	0.8852196	0.9063991	0.379518	0.620482	5.426057
23712	-3789.627	-3934.497	144.8695	0.8320782	0.9456679	0.397824	0.602176	5.855641
23718	-3794.61	-3939.664	145.0546	0.8633304	0.754407	0.299703	0.700297	5.855641
23724	-3799.477	-3946.484	147.0064	0.9418018	0.8591014	0.496012	0.503988	4.665443
23730	-3792.201	-3938.708	146.5066	0.9442579	0.8388632	0.419883	0.580117	4.955772
23736	-3801.542	-3947.929	146.3879	0.9006704	0.9904421	0.430245	0.569755	4.955772
23742	-3798.795	-3946.209	147.4144	1.015957	0.7055767	0.395833	0.604167	4.498421
23748	-3798.911	-3946.431	147.5199	1.065357	0.7569973	0.419565	0.580435	4.374635
23754	-3795.086	-3940.468	145.3818	0.7005637	0.7569973	0.36203	0.63797	5.763965
23760	-3785.904	-3931.6	145.6959	0.8189051	0.7268429	0.336371	0.663629	5.547403
23766	-3802.527	-3948.366	145.8388	0.8189051	0.6418473	0.377979	0.622021	5.530676
23772	-3801.111	-3945.392	144.2816	0.7076172	0.9190323	0.432897	0.567103	6.259187
23778	-3796.177	-3940.243	144.0661	0.9231242	0.9190323	0.278349	0.721651	6.259187
23784	-3793.004	-3939.727	146.7221	1.037687	0.9155936	0.480943	0.519057	4.736346
23790	-3790.053	-3934.252	144.1995	0.8767099	0.9155936	0.308694	0.691306	6.213862
23796	-3797.598	-3944.364	146.7656	0.8872905	0.8161412	0.24077	0.75923	4.857816
23802	-3796.102	-3941.36	145.2576	0.8953902	0.9171439	0.401595	0.598405	5.624856
23808	-3793.473	-3939.278	145.8045	0.8905296	0.9171439	0.445681	0.554319	5.326573
23814	-3804.028	-3949.062	145.0339	0.952117	0.9462761	0.341427	0.658573	5.699572
23820	-3805.233	-3949.186	143.953	0.7651086	0.699294	0.43433	0.56567	6.546228
23826	-3807.817	-3951.521	143.7048	0.8058008	0.8723843	0.338849	0.661151	6.546228
23832	-3799.746	-3943.702	143.9556	0.8619279	0.999681	0.389621	0.610379	6.307197
23838	-3797.701	-3943.629	145.9275	0.8619279	0.9590594	0.438426	0.561574	5.250199
23844	-3810.293	-3954.904	144.6107	0.8949507	1.203143	0.409123	0.590877	5.828962
23850	-3814.786	-3957.885	143.0995	0.7658386	0.8350192	0.415789	0.584211	6.917472
23856	-3803.704	-3948.547	144.8432	0.8791817	0.8286644	0.416373	0.583627	5.91421
23862	-3811.53	-3958.283	146.7527	0.9542185	0.8935224	0.329596	0.670404	4.779169
23868	-3800.331	-3946.052	145.7209	0.8772236	0.9930615	0.356363	0.643637	5.336714
23874	-3800.964	-3947.062	146.0981	0.9752043	0.8582582	0.305094	0.694906	5.15308
23880	-3801.88	-3948.907	147.0266	0.9816534	1.090266	0.385302	0.614698	4.499088
23886	-3811.876	-3960.1	148.2237	1.113604	0.6535331	0.35895	0.64105	4.023797
23892	-3822.051	-3968.616	146.5647	0.9761815	0.8413505	0.405258	0.594742	4.904058
23898	-3810.164	-3956.433	146.2693	0.9525269	0.6224172	0.441639	0.558361	5.23476
23904	-3811.021	-3956.791	145.7697	0.983078	0.7664123	0.389707	0.610293	5.3894
23910	-3806.937	-3953.925	146.9881	1.066191	0.7761902	0.32167	0.67833	4.660006
23916	-3802.869	-3949.902	147.0328	0.8754921	0.7639716	0.360156	0.639844	4.749958
23922	-3811.457	-3957.306	145.849	0.8754921	0.8128205	0.359467	0.640533	5.374522
23928	-3802.538	-3946.357	143.8186	0.789517	0.7788127	0.367574	0.632426	6.55188
23934	-3797.099	-3941.821	144.7219	0.7318768	0.7788127	0.455815	0.544185	6.092706
23940	-3794.547	-3939.876	145.3285	0.7706133	0.9387474	0.40017	0.59983	5.641891
23946	-3796.998	-3942.334	145.3364	0.873521	0.8373918	0.334938	0.665062	5.641891
23952	-3804.297	-3949.679	145.3822	0.827725	0.8373918	0.272142	0.727858	5.641891
23958	-3809.053	-3954.507	145.4534	0.7860435	0.8118337	0.381549	0.618451	5.641891
23964	-3815.886	-3962.143	146.2575	0.8733885	0.9166146	0.367559	0.632441	5.085811
23970	-3810.302	-3956.806	146.5041	1.010745	0.6056318	0.346748	0.653252	5.085811
23976	-3804.953	-3952.028	147.0748	0.7738434	0.6498271	0.352235	0.647765	4.865682
23982	-3790.508	-3935.622	145.1133	0.8031782	0.7708776	0.39551	0.60449	5.845427
23988	-3806.654	-3953.051	146.3968	1.009847	0.8359128	0.317566	0.682434	4.982186
23994	-3806.814	-3953.594	146.7795	0.971279	0.7071001	0.282284	0.717716	4.877691
24000	-3805.642	-3951.377	145.7349	0.8562526	0.6088054	0.369859	0.630141	5.59286
24006	-3816.845	-3962.339	145.4939	0.8562526	0.7936951	0.348262	0.651738	5.59286
24012	-3812.987	-3958.923	145.9359	0.9432298	0.8350365	0.397505	0.602495	5.274993
24018	-3805.819	-3950.823	145.0042	0.9084521	0.7601412	0.332964	0.667036	5.854682
24024	-3797.582	-3942.954	145.3715	0.9084521	0.9304347	0.413785	0.586215	5.547375
24030	-3798.869	-3945.117	146.2477	0.9084521	0.9332622	0.281025	0.718975	5.062041
24036	-3795.332	-3942.059	146.7276	1.011551	0.659648	0.453438	0.546562	4.919206
24042	-3803.216	-3949.284	146.0686	1.024151	0.9095759	0.342984	0.657016	5.111163
24048	-3799.055	-3945.814	146.7593	1.050346	0.8033371	0.349997	0.650003	4.778748
24054	-3790.012	-3936.522	146.5102	1.035728	1.009422	0.390241	0.609759	4.801797
24060	-3799.294	-3946.124	146.8298	0.9646814	0.9575199	0.324873	0.675127	4.692292
24066	-3806.84	-3950.26	143.4199	0.8100815	0.9377465	0.442333	0.557667	6.659941
24072	-3803.714	-3947.041	143.3266	0.8412472	0.8405117	0.290553	0.709447	6.750886
24078	-3809.353	-3952.924	143.5716	0.6956754	0.7563816	0.418882	0.581118	6.750886
24084	-3800.021	-3945.985	145.9645	0.9291474	0.7117558	0.406011	0.593989	5.349447
24090	-3793.054	-3939.085	146.0315	0.8764767	0.700653	0.318555	0.681445	5.349447
24096	-3801.225	-3945.35	144.1251	0.6824074	0.6800135	0.351536	0.648464	6.511559
24102	-3797.973	-3944.988	147.0151	0.9468318	0.6800135	0.312562	0.687438	4.779748
24108	-3791.685	-3938.136	146.4516	0.9468318	0.8039563	0.294037	0.705963	5.00735
24114	-3802.484	-3949.474	146.9903	0.9219748	0.8240479	0.370305	0.629695	4.7079
24120	-3796.792	-3942.412	145.6208	0.8582237	0.8614558	0.408956	0.591044	5.47909
24126	-3802.026	-3946.967	144.9406	0.8582237	1.000399	0.322841	0.677159	5.771853
24132	-3799.156	-3944.136	144.9799	0.8189748	1.000399	0.333882	0.666118	5.771853
24138	-3805.511	-3949.526	144.0159	0.8189748	0.7385346	0.355147	0.644853	6.455859
24144	-3804.509	-3948.107	143.5979	0.8477281	1.101202	0.331486	0.668514	6.455859
24150	-3825.513	-3971.925	146.4116	0.9782473	0.7944056	0.397121	0.602879	5.018378
24156	-3804.192	-3950.597	146.4054	0.8857399	0.7656668	0.3092	0.6908	5.09234
24162	-3802.732	-3949.708	146.9763	0.8802909	0.6555145	0.339194	0.660806	4.856929
24168	-3793.193	-3939.951	146.758	0.8802909	0.6838731	0.4018	0.5982	4.95724
24174	-3794.973	-3942.132	147.1594	1.00876	0.8147566	0.405283	0.594717	4.570542
24180	-3803.656	-3951.152	147.4958	0.9134675	0.8147566	0.386348	0.613652	4.434882
24186	-3797.226	-3944.914	147.6873	0.9826492	0.8227965	0.326162	0.673838	4.282409
24192	-3798.135	-3944.399	146.2635	0.8797356	1.164091	0.419439	0.580561	4.945177
24198	-3806.478	-3952.634	146.1554	0.8797356	0.8275269	0.344059	0.655941	5.193558
24204	-3810.072	-3956.735	146.6637	0.9444351	0.8679685	0.381243	0.618757	4.849917
24210	-3818.952	-3964.388	145.4361	1.019659	0.7802452	0.436073	0.563927	5.543643
24216	-3806.675	-3950.709	144.0338	0.8238583	0.8248341	0.275958	0.724042	6.387275
24222	-3798.786	-3943.564	144.7777	0.8409387	0.8248341	0.308441	0.691559	5.973284
24228	-3802.22	-3947.954	145.7339	0.8409387	0.6442965	0.370288	0.629712	5.574369
24234	-3816.297	-3961.374	145.0763	0.873299	0.8233756	0.393772	0.606228	5.793319
24240	-3809.181	-3954.202	145.0207	0.8727163	0.7029342	0.206377	0.793623	5.904592
24246	-3798.542	-3944.962	146.4204	0.870827	0.7029342	0.4573	0.5427	5.136004
24252	-3808.726	-3956.911	148.1858	1.130586	0.7029342	0.398768	0.601232	3.998204
24258	-3802.838	-3950.509	147.6702	1.06708	0.7029342	0.370777	0.629223	4.32728
24264	-3800.723	-3947.717	146.9939	0.9624687	0.8919821	0.422248	0.577752	4.64054
24270	-3810.522	-3955.526	145.0037	0.9486888	0.9095546	0.414665	0.585335	5.739282
24276	-3804.987	-3949.406	144.4193	0.8657656	0.9466688	0.384844	0.615156	6.082351
24282	-3800.859	-3946.876	146.0169	0.8165184	0.7067842	0.403549	0.596451	5.386199
24288	-3798.346	-3944.926	146.5795	0.9438314	0.6957504	0.419765	0.580235	5.01244
24294	-3805.159	-3950.326	145.1677	0.9586208	0.7756613	0.381889	0.618111	5.727442
24300	-3811.817	-3957.45	145.6332	0.9613137	0.7272742	0.365381	0.634619	5.503292
24306	-3809.721	-3955.136	145.4149	0.9079106	0.9663542	0.350866	0.649134	5.503292
24312	-3811.415	-3957.461	146.0469	0.7994415	0.5471088	0.341636	0.658364	5.503292
24318	-3811.728	-3957.737	146.0089	0.8374376	0.5471088	0.233998	0.766002	5.503292
24324	-3802.336	-3947.043	144.7069	0.8739556	0.6975727	0.372366	0.627634	6.07892
24330	-3797.957	-3945.24	147.2828	0.9294237	0.770208	0.394697	0.605303	4.575529
24336	-3812.34	-3959.025	146.685	0.8191913	0.8013081	0.283142	0.716858	4.950315
24342	-3805.744	-3950.673	144.9289	0.7897867	0.7761271	0.422166	0.577834	5.950032
24348	-3800.145	-3945.25	145.105	0.8205757	0.7761271	0.367198	0.632802	5.836982
24354	-3803.75	-3948.737	144.9874	0.9382473	0.7761271	0.503573	0.496427	5.836982
24360	-3801.689	-3948.782	147.0929	1.031337	0.7419087	0.301528	0.698472	4.644402
24366	-3816.979	-3963.14	146.1607	0.9914092	0.9293908	0.48208	0.51792	5.066537
24372	-3807.651	-3954.506	146.8547	0.9018319	0.9507191	0.360766	0.639234	4.717474
24378	-3808.155	-3954.631	146.4761	0.9407865	0.7364982	0.392058	0.607942	5.042564
24384	-3811.918	-3956.357	144.4383	0.8845551	0.9490854	0.324603	0.675397	6.06037
24390	-3807.433	-3951.975	144.5423	0.8568786	0.8778193	0.341695	0.658305	6.06037
24396	-3820.926	-3965.274	144.3473	0.8568786	0.7409584	0.32461	0.67539	6.253752
24402	-3808.595	-3953.728	145.1327	0.7666859	0.8122816	0.371939	0.628061	5.827867
24408	-3799.412	-3944.547	145.1347	0.7666859	0.8105228	0.290388	0.709612	5.827867
24414	-3804.627	-3949.076	144.4488	0.8785932	0.7165784	0.260707	0.739293	6.203526
24420	-3798.83	-3944.343	145.5123	0.815594	0.839133	0.37044	0.62956	5.576044
24426	-3798.254	-3944.104	145.8501	0.9008211	0.7057741	0.292991	0.707009	5.432345
24432	-3801.97	-3948.666	146.6957	0.9182972	0.7057741	0.31528	0.68472	4.9548
24438	-3806.408	-3953.077	146.6691	0.9449444	0.7057741	0.313846	0.686154	4.9548
24444	-3809.888	-3956.545	146.6574	0.9868777	0.9520857	0.313936	0.686064	4.779406
24450	-3813.089	-3955.986	142.8969	0.8689144	0.9147834	0.398304	0.601696	6.923552
24456	-3795.981	-3941.151	145.1695	0.8126787	0.819645	0.392733	0.607267	5.777854
24462	-3804.044	-3949.179	145.1347	0.8402318	0.8259248	0.316392	0.683608	5.777854
24468	-3798.386	-3943.225	144.8388	0.8402318	0.8813078	0.434955	0.565045	5.905563
24474	-3803.755	-3948.963	145.2083	0.8402318	0.8434012	0.422845	0.577155	5.726627
24480	-3807.602	-3951.342	143.7405	0.757195	0.8729485	0.416029	0.583971	6.552845
24486	-3820.912	-3964.668	143.7556	0.8131809	0.8026026	0.223207	0.776793	6.557869
24492	-3817.8	-3960.578	142.7778	0.7034562	0.7175998	0.439094	0.560906	7.20044
24498	-3820.686	-3964.882	144.1953	0.7256458	0.7175998	0.318325	0.681675	6.423516
24504	-3809.331	-3955.407	146.0759	0.8669503	0.963221	0.312978	0.687022	5.162938
24510	-3807.307	-3952.94	145.6329	0.8278185	0.9968933	0.483694	0.516306	5.410341
24516	-3815.403	-3962.114	146.7108	0.9509847	0.7499861	0.299472	0.700528	4.8971
24522	-3807.548	-3953.914	146.3654	0.9953299	1.023892	0.359285	0.640715	4.8971
24528	-3814.699	-3960.341	145.6423	0.9165383	0.9501105	0.307452	0.692548	5.382582
24534	-3808.277	-3952.572	144.2953	0.9337343	0.9501105	0.429567	0.570433	6.110931
24540	-3810.006	-3954.555	144.5492	0.7731942	0.9316797	0.338583	0.661417	6.070563
24546	-3802.73	-3948.533	145.8024	0.8437078	0.7030668	0.331775	0.668225	5.491973
24552	-3807.291	-3952.114	144.8229	0.819305	0.816956	0.398218	0.601782	5.965411
24558	-3807.182	-3953.057	145.8749	0.8661382	0.8043059	0.423671	0.576329	5.37087
24564	-3816.508	-3962.439	145.9314	0.8096415	0.8043059	0.38424	0.61576	5.37087
24570	-3820.888	-3967.299	146.4105	0.9062738	0.7877495	0.324213	0.675787	5.063338
24576	-3819.039	-3965.454	146.4149	0.951866	0.746649	0.365774	0.634226	5.063338
24582	-3822.759	-3969.07	146.3112	0.8966879	0.8861974	0.308785	0.691215	5.061349
24588	-3814.027	-3960.209	146.1828	0.8966879	0.7265333	0.468209	0.531791	5.236436
24594	-3809.248	-3954.318	145.0703	0.8230601	0.7849106	0.428195	0.571805	5.84882
24600	-3791.747	-3937.709	145.9621	0.9185402	0.6687711	0.408481	0.591519	5.387789
24606	-3799.429	-3943.745	144.3162	0.7605579	0.7017967	0.407771	0.592229	6.350025
24612	-3811.771	-3956.094	144.3235	0.7605579	0.9101588	0.330841	0.669159	6.212752
24618	-3805.022	-3950.46	145.4381	1.018622	0.7229845	0.46377	0.53623	5.582016
24624	-3796.706	-3941.042	144.3356	0.8793799	0.7229845	0.354005	0.645995	6.260219
24630	-3806.693	-3953.175	146.4819	0.960498	0.7130483	0.372942	0.627058	5.044924
24636	-3803.924	-3949.004	145.0795	0.7933013	0.850093	0.382901	0.617099	5.818655
24642	-3811.445	-3957.32	145.8749	0.957952	1.006133	0.436838	0.563162	5.199781
24648	-3806.304	-3952.029	145.7255	0.9132703	0.9289974	0.452944	0.547056	5.350709
24654	-3803.695	-3949.61	145.9153	0.886873	0.7836555	0.390726	0.609274	5.350709
24660	-3820.816	-3966.792	145.9752	0.8986294	0.7330037	0.343839	0.656161	5.345436
24666	-3817.547	-3963.449	145.9018	0.830836	0.8517242	0.290236	0.709764	5.345436
24672	-3809.502	-3955.314	145.8127	0.8602157	0.9059192	0.354007	0.645993	5.345436
24678	-3813.768	-3960.376	146.6085	0.9072231	0.75654	0.355631	0.644369	4.973876
24684	-3809.23	-3954.268	145.0378	0.8864736	1.005629	0.43191	0.56809	5.700289
24690	-3806.338	-3951.291	144.9531	0.7418951	0.8576105	0.462504	0.537496	5.911212
24696	-3796.582	-3942.096	145.5144	0.8186453	0.688943	0.410016	0.589984	5.674045
24702	-3802.285	-3948.698	146.4126	0.9490891	0.8823687	0.307701	0.692299	4.978243
24708	-3796.529	-3943.65	147.1206	1.089637	0.8823687	0.312149	0.687851	4.503904
24714	-3794.589	-3942.123	147.5344	1.002325	0.8870188	0.303217	0.696783	4.316955
24720	-3804.368	-3950.751	146.3829	0.8723527	0.8870188	0.349301	0.650699	5.034555
24726	-3799.445	-3946.091	146.6464	0.8918216	0.8252593	0.389894	0.610106	4.915809
24732	-3801.297	-3946.776	145.4791	0.8852218	0.7761777	0.38108	0.61892	5.596545
24738	-3796.582	-3942.161	145.5789	0.966554	0.9254683	0.363454	0.636546	5.404173
24744	-3801.085	-3947.729	146.6441	0.9721927	0.7027474	0.365687	0.634313	4.95569
24750	-3803.396	-3950.068	146.6727	0.9413752	0.5892263	0.391676	0.608324	5.044054
24756	-3806.386	-3951.875	145.4892	0.9294149	0.6944412	0.313214	0.686786	5.623108
24762	-3799.926	-3945.012	145.0865	0.936796	1.003914	0.414249	0.585751	5.646949
24768	-3808.333	-3953.608	145.2756	0.8371139	0.9966295	0.380046	0.619954	5.601883
24774	-3813.223	-3958.139	144.9169	1.011905	1.234817	0.441949	0.558051	5.582106
24780	-3806.282	-3950.923	144.6412	0.8466138	0.9693123	0.444193	0.555807	5.959073
24786	-3814.243	-3959.968	145.7242	0.9072016	0.9037897	0.388097	0.611903	5.369572
24792	-3804.771	-3949.789	145.018	1.025378	1.101007	0.328431	0.671569	5.584593
24798	-3794.09	-3941.606	147.5159	1.025378	1.09707	0.443932	0.556068	4.194371
24804	-3811.601	-3958.713	147.1123	1.059322	1.09707	0.417177	0.582823	4.403483
24810	-3808.903	-3954.617	145.7141	0.8706075	0.927428	0.483599	0.516401	5.381427
24816	-3802.371	-3947.505	145.1334	0.8787853	0.8828281	0.437385	0.562615	5.722409
24822	-3811.892	-3956.517	144.6251	0.8452525	0.8521319	0.333819	0.666181	6.03716
24828	-3793.758	-3938.816	145.0577	0.8695072	0.9868495	0.333826	0.666174	5.708988
24834	-3793.077	-3938.206	145.1296	0.8695072	0.917566	0.447905	0.552095	5.708988
24840	-3799.44	-3944.574	145.1335	0.8695072	0.9139466	0.418213	0.581787	5.708988
24846	-3798.002	-3943.218	145.2166	0.8695072	0.8386798	0.305314	0.694686	5.708988
24852	-3800.685	-3945.769	145.084	0.9030238	0.9289794	0.335429	0.664571	5.708988
24858	-3794.147	-3939.382	145.2354	0.8531417	0.836497	0.329832	0.670168	5.708988
24864	-3805.359	-3949.976	144.6168	0.8709745	0.836497	0.467208	0.532792	6.03732
24870	-3815.857	-3961.065	145.2081	0.8199322	0.8150803	0.289479	0.710521	5.755666
24876	-3814.675	-3960.377	145.7018	1.031512	0.8150803	0.418582	0.581418	5.368162
24882	-3805.378	-3951.732	146.3534	0.9131872	0.9018545	0.291906	0.708094	5.019298
24888	-3811.363	-3957.656	146.293	1.033763	0.847475	0.297394	0.702606	5.019298
24894	-3799.597	-3944.925	145.3281	0.7757793	0.7352767	0.317673	0.682327	5.76695
24900	-3814.213	-3958.235	144.0225	0.8107508	1.178323	0.310947	0.689053	6.207485
24906	-3818.442	-3963.762	145.3198	0.9181764	0.8545447	0.396808	0.603192	5.615858
24912	-3811.461	-3957.004	145.5435	0.9172275	1.030136	0.364068	0.635932	5.392202
24918	-3808.67	-3953.869	145.1994	0.9172275	0.7955823	0.327294	0.672706	5.719698
24924	-3819.95	-3964.405	144.4556	0.9434845	0.7977754	0.320875	0.679125	6.110163
24930	-3809.251	-3953.63	144.3792	0.8680035	0.8424908	0.410413	0.589587	6.16465
24936	-3808.26	-3952.629	144.3684	0.8787838	0.8424908	0.268096	0.731904	6.16465
24942	-3808.605	-3952.978	144.3727	0.7203215	1.247261	0.396928	0.603072	6.033614
24948	-3799.366	-3943.401	144.0355	0.6794911	0.6415262	0.380764	0.619236	6.589882
24954	-3805.541	-3949.194	143.6533	0.8340989	0.8215946	0.295014	0.704986	6.589882
24960	-3800.528	-3946.326	145.7988	0.7574763	0.7437773	0.274663	0.725337	5.512944
24966	-3809.785	-3955.135	145.3502	0.7465147	1.088479	0.358873	0.641127	5.561728
24972	-3804.993	-3950.601	145.6078	0.822785	0.7738139	0.472675	0.527325	5.561728
24978	-3804.995	-3950.471	145.4765	0.9541242	0.7738139	0.281705	0.718295	5.561728
24984	-3797.988	-3945.064	147.0752	0.9555173	0.9574208	0.412386	0.587614	4.559903
24990	-3801.636	-3948.098	146.4627	0.9555173	0.9574208	0.417121	0.582879	4.902373
24996	-3800.21	-3946.623	146.4125	0.8831757	0.6183134	0.410752	0.589248	5.197107
25002	-3805.239	-3951.186	145.9479	0.8831757	0.6183134	0.446017	0.553983	5.453481
25008	-3804.12	-3949.911	145.7912	0.9118054	0.713201	0.365138	0.634862	5.453481
25014	-3806.142	-3952.902	146.7596	0.9699423	0.713201	0.369161	0.630839	4.885154
25020	-3811.282	-3957.171	145.8888	0.897033	0.6777735	0.396783	0.603217	5.433346
25026	-3802.879	-3949.926	147.0467	0.956327	0.8553302	0.378515	0.621485	4.637129
25032	-3812.104	-3957.656	145.5526	0.823459	1.030384	0.355866	0.644134	5.438715
25038	-3809.048	-3954.511	145.4628	0.8314843	1.116551	0.379019	0.620981	5.438715
25044	-3822.813	-3968.578	145.7653	0.9745577	0.8470301	0.303561	0.696439	5.344344
25050	-3815.519	-3962.055	146.5364	0.961754	0.7815236	0.383985	0.616015	4.966754
25056	-3812.829	-3958.724	145.8942	0.8915643	0.8820308	0.431276	0.568724	5.297478
25062	-3816.953	-3963.342	146.3889	0.9341327	0.9272411	0.431241	0.568759	4.97287
25068	-3807.283	-3952.849	145.5659	0.9341327	0.8755303	0.432025	0.567975	5.458948
25074	-3803.986	-3948.316	144.33	0.8936543	1.01106	0.454647	0.545353	6.080136
25080	-3814.147	-3958.991	144.8445	0.9073121	0.9165965	0.357052	0.642948	5.844903
25086	-3809.372	-3955.375	146.0035	0.8948319	0.7685581	0.41801	0.58199	5.307661
25092	-3800.683	-3946.62	145.9376	0.8413437	0.8714842	0.341594	0.658406	5.307661
25098	-3803.072	-3947.349	144.2771	0.7859363	0.7604626	0.406505	0.593495	6.317333
25104	-3807.065	-3951.404	144.3384	0.7601142	0.9254311	0.320509	0.679491	6.196046
25110	-3806.658	-3952.307	145.6487	0.7773715	0.9254311	0.326173	0.673827	5.469938
25116	-3811.273	-3955.706	144.4325	0.8630547	1.048401	0.48154	0.51846	6.021058
25122	-3798.869	-3943.597	144.7278	0.8630547	0.7742193	0.305462	0.694538	6.021058
25128	-3808.753	-3952.884	144.1318	0.9432304	1.05896	0.402975	0.597025	6.135651
25134	-3798.354	-3942.737	144.3831	0.954449	0.8102992	0.433509	0.566491	6.135651
25140	-3809.486	-3956.25	146.7637	1.037916	0.9510634	0.417448	0.582552	4.692029
25146	-3806.599	-3952.737	146.1376	1.039586	0.970158	0.440391	0.559609	5.029115
25152	-3799.933	-3944.679	144.7468	0.8513622	0.7678909	0.410973	0.589027	6.021233
25158	-3807.506	-3952.325	144.8188	0.7876309	0.7611502	0.317905	0.682095	6.021233
25164	-3816.329	-3961.743	145.4143	0.8787982	0.9768413	0.374788	0.625212	5.51373
25170	-3810.616	-3957.52	146.9047	1.016425	0.6532523	0.345692	0.654308	4.82264
25176	-3810.281	-3957.03	146.7483	1.016425	0.7750362	0.45075	0.54925	4.82264
25182	-3805.742	-3952.523	146.7818	0.9079726	0.8389417	0.364396	0.635604	4.82264
25188	-3808.11	-3951.944	143.8338	0.7244911	0.9156468	0.44356	0.55644	6.494892
25194	-3801.058	-3946.845	145.7873	0.837395	0.7033357	0.40969	0.59031	5.503574
25200	-3813.276	-3959.441	146.1655	0.9198548	0.7724062	0.246321	0.753679	5.201738
25206	-3810.329	-3956.333	146.0047	0.9155472	0.6863945	0.440963	0.559037	5.352993
25212	-3804.645	-3951.316	146.6717	0.8870609	0.9157895	0.397142	0.602858	4.848436
25218	-3809.441	-3956.076	146.6342	0.9883384	0.8574627	0.375391	0.624609	4.848436
25224	-3818.582	-3963.623	145.0414	0.8357504	0.734148	0.364248	0.635752	5.891755
25230	-3805.189	-3952.214	147.025	0.8677693	0.749427	0.331087	0.668913	4.768659
25236	-3804.186	-3950.912	146.7257	0.9147378	0.6760181	0.329904	0.670096	4.961854
25242	-3820.994	-3967.578	146.5848	0.9516481	0.7206938	0.392726	0.607274	4.987275
25248	-3811.535	-3958.12	146.5848	0.9516481	0.7206938	0.432886	0.567114	4.987275
25254	-3803.203	-3949.012	145.8089	0.8908762	0.8525487	0.385786	0.614214	5.363049
25260	-3802.465	-3948.425	145.9598	0.9862255	1.002842	0.318236	0.681764	5.138998
25266	-3799.171	-3946.081	146.9101	0.9862255	0.7009326	0.385704	0.614296	4.801018
25272	-3804.36	-3950.62	146.2601	0.9739906	0.9583013	0.452233	0.547767	5.004273
25278	-3812.976	-3959.516	146.5401	0.9905186	0.9583013	0.378806	0.621194	4.839247
25284	-3831.329	-3979.299	147.9702	0.9578956	0.8921469	0.526391	0.473609	4.091631
25290	-3806.029	-3952.457	146.4286	0.961198	0.8696988	0.40316	0.59684	4.970413
25296	-3803.377	-3949.498	146.121	0.8807501	0.8363555	0.266459	0.733541	5.206418
25302	-3809.085	-3954.951	145.8655	0.9368828	0.8104769	0.425861	0.574139	5.333081
25308	-3813.801	-3959.755	145.9542	0.9368828	0.7371508	0.307311	0.692689	5.333081
25314	-3813.036	-3959.515	146.4789	0.890477	0.8102304	0.457183	0.542817	5.019406
25320	-3822.147	-3968.327	146.1798	0.9706244	0.8133221	0.486734	0.513266	5.13885
25326	-3811.3	-3957.48	146.1798	0.9706244	0.8133221	0.428427	0.571573	5.13885
25332	-3806.932	-3952.684	145.7526	0.8705882	0.8530003	0.423147	0.576853	5.404978
25338	-3805.469	-3950.983	145.5133	0.9873251	0.9374658	0.359935	0.640065	5.42194
25344	-3823.414	-3970.584	147.1693	1.128663	0.6519961	0.293785	0.706215	4.612854
25350	-3820.08	-3967.816	147.7354	1.055932	0.7145011	0.377617	0.622383	4.288298
25356	-3814.953	-3959.815	144.862	0.7975092	0.9164983	0.498059	0.501941	5.895458
25362	-3813.609	-3958.413	144.8042	0.8270304	0.6818512	0.370833	0.629167	6.062751
25368	-3806.278	-3951.871	145.5929	0.9213462	1.119666	0.336549	0.663451	5.315866
25374	-3809.813	-3955.882	146.069	0.9390534	0.7209935	0.369834	0.630166	5.279788
25380	-3800.018	-3945.41	145.3919	0.8812846	0.7148983	0.477448	0.522552	5.688373
25386	-3798.795	-3944.229	145.4337	0.8772812	1.119093	0.391256	0.608744	5.428235
25392	-3791.167	-3936.445	145.2784	0.7972969	0.8884534	0.40007	0.59993	5.684227
25398	-3801.043	-3947.079	146.0363	0.8780377	0.8884534	0.373816	0.626184	5.222571
25404	-3807.26	-3952.927	145.667	0.8989439	0.9794418	0.373529	0.626471	5.362055
25410	-3804.071	-3950.579	146.508	0.9163237	0.9523909	0.406712	0.593288	4.901873
25416	-3789.914	-3936.336	146.4224	1.001956	0.9523909	0.335893	0.664107	4.901873
25422	-3802.914	-3948.651	145.7373	0.8777957	0.7656096	0.326592	0.673408	5.465763
25428	-3802.55	-3948.699	146.1496	0.8405714	0.8541332	0.31052	0.68948	5.201667
25434	-3812.509	-3958.939	146.43	0.8450672	0.6270422	0.334754	0.665246	5.201667
25440	-3802.463	-3949.964	147.5006	0.9513429	0.7639977	0.33095	0.66905	4.444939
25446	-3800.198	-3947.446	147.2477	0.9487747	0.7639977	0.259703	0.740297	4.588596
25452	-3796.916	-3944.284	147.3687	0.9991262	0.7484307	0.407539	0.592461	4.503091
25458	-3810.457	-3955.084	144.6273	0.9175691	0.7931545	0.344183	0.655817	6.033758
25464	-3795.513	-3940.315	144.8017	0.7431105	0.7931545	0.433762	0.566238	6.033758
25470	-3792.745	-3937.468	144.7232	0.8489842	0.7703842	0.370927	0.629073	6.033758
25476	-3804.036	-3950.268	146.2318	0.8489842	0.7230705	0.416471	0.583529	5.238099
25482	-3816.158	-3962.139	145.9814	0.8540756	0.9358392	0.336193	0.663807	5.238099
25488	-3808.911	-3954.713	145.8023	1.034657	1.05653	0.34219	0.65781	5.170255
25494	-3813.977	-3959.908	145.9304	1.034657	0.8118035	0.37804	0.62196	5.242381
25500	-3805.535	-3950.633	145.0983	0.9224936	0.7538176	0.346142	0.653858	5.799807
25506	-3806.645	-3953.477	146.8321	0.8774535	0.8708756	0.375888	0.624112	4.791585
25512	-3809.237	-3956.054	146.8166	0.8774535	0.8848953	0.379597	0.620403	4.791585
25518	-3814.599	-3959.987	145.3884	0.9814823	0.8848953	0.374488	0.625512	5.524898
25524	-3813.364	-3960.426	147.0617	0.9187877	0.7217235	0.275076	0.724924	4.739051
25530	-3809.629	-3956.508	146.8791	1.072211	0.7449442	0.291373	0.708627	4.739051
25536	-3801.245	-3946.899	145.6545	0.9861218	0.8909336	0.325146	0.674854	5.372213
25542	-3804.652	-3951.329	146.6776	0.9861218	0.7244884	0.450421	0.549579	4.913798
25548	-3809.223	-3956.269	147.0464	1.037199	0.8622556	0.350642	0.649358	4.587561
25554	-3814.277	-3959.035	144.7573	0.9412054	0.7139114	0.30952	0.69048	6.003305
25560	-3817.531	-3964.014	146.4834	1.063408	0.7602316	0.332675	0.667325	4.954025
25566	-3801.148	-3947.775	146.6266	0.913507	0.7657564	0.299826	0.700174	4.954025
25572	-3790.219	-3935.253	145.034	0.8320867	0.8412865	0.419277	0.580723	5.827825
25578	-3798.187	-3944.715	146.5284	1.030014	0.8412865	0.247986	0.752014	4.894379
25584	-3789.69	-3936.053	146.3632	1.006472	1.019791	0.399543	0.600457	4.894379
25590	-3799.773	-3946.402	146.6288	0.9704868	0.7747726	0.350881	0.649119	4.915
25596	-3805.119	-3949.245	144.1257	0.8667489	0.7747726	0.354673	0.645327	6.346182
25602	-3806.505	-3950.414	143.909	0.8477664	0.7747726	0.437282	0.562718	6.47399
25608	-3806.404	-3952.667	146.2627	0.9446593	0.8144076	0.396537	0.603463	5.1066
25614	-3812.182	-3957.322	145.1396	0.9493485	0.8144076	0.472542	0.527458	5.722726
25620	-3799.393	-3944.39	144.9969	0.7307865	0.9660029	0.391109	0.608891	5.829856
25626	-3796.296	-3941.808	145.5115	0.7681731	0.9660029	0.45275	0.54725	5.527195
25632	-3791.049	-3935.223	144.1741	0.8553048	0.9417862	0.352765	0.647235	6.224269
25638	-3795.962	-3940.542	144.5798	0.7888896	0.7351046	0.353731	0.646269	6.168299
25644	-3806.668	-3953.331	146.6637	1.009217	0.7129574	0.323088	0.676912	4.916894
25650	-3799.832	-3945.733	145.9008	0.9584545	1.073838	0.370437	0.629563	5.148775
25656	-3804.346	-3950.277	145.9304	0.8799129	0.9593075	0.470174	0.529826	5.238519
25662	-3806.567	-3952.688	146.1209	0.9847028	0.7635614	0.405445	0.594555	5.196481
25668	-3807.2	-3952.953	145.7525	0.9178665	0.7723344	0.323314	0.676686	5.430835
25674	-3800.255	-3945.087	144.8314	0.8724719	1.017676	0.291514	0.708486	5.814431
25680	-3813.624	-3958.456	144.8323	0.8745883	1.01459	0.434192	0.565808	5.814431
25686	-3812.256	-3956.739	144.4832	0.928654	0.8754257	0.394733	0.605267	6.054891
25692	-3818.726	-3963.499	144.7727	0.8239595	1.006731	0.447691	0.552309	5.878972
25698	-3809.184	-3954.213	145.0285	0.8106456	0.7841538	0.398152	0.601848	5.878972
25704	-3818.476	-3963.628	145.1526	0.9652678	0.6799184	0.283597	0.716403	5.798427
25710	-3811.237	-3956.021	144.7833	0.8012166	0.8711229	0.499817	0.500183	5.963323
25716	-3809.222	-3954.563	145.3409	0.8990965	0.8711229	0.326417	0.673583	5.604582
25722	-3804.563	-3950.633	146.0691	1.098866	0.8270083	0.354889	0.645111	5.120316
25728	-3827.603	-3974.305	146.7021	1.029823	0.7889269	0.332861	0.667139	4.831662
25734	-3809.753	-3955.966	146.2123	1.044769	0.7006937	0.263005	0.736995	5.156507
25740	-3795.942	-3942.177	146.2354	0.8421284	0.6969857	0.39386	0.60614	5.258491
25746	-3805.042	-3950.654	145.6121	0.9600863	0.7297268	0.253368	0.746632	5.513835
25752	-3805.963	-3950.536	144.5732	0.829028	0.9908134	0.389989	0.610011	5.993863
25758	-3813.308	-3957.897	144.5893	0.8925913	0.913972	0.424616	0.575384	5.993863
25764	-3804.466	-3951.189	146.7235	0.9674147	0.8760456	0.409812	0.590188	4.798783
25770	-3809.823	-3957.028	147.2055	0.9170408	0.8723063	0.326736	0.673264	4.559436
25776	-3791.95	-3936.493	144.5436	0.900852	0.8723063	0.392299	0.607701	6.039012
25782	-3801.606	-3947.596	145.9898	0.9402512	0.8723063	0.352672	0.647328	5.223704
25788	-3812.143	-3957.256	145.1127	0.951666	0.8646418	0.329028	0.670972	5.704838
25794	-3796.626	-3941.769	145.1435	0.907087	0.8228951	0.296182	0.703818	5.738351
25800	-3808.899	-3954.18	145.2814	0.884692	0.7273924	0.327029	0.672971	5.738351
25806	-3804.625	-3951.596	146.9712	0.895964	0.7635814	0.336937	0.663063	4.773214
25812	-3806.609	-3951.4	144.7914	0.8875727	0.7723153	0.381798	0.618202	5.974234
25818	-3802.698	-3946.645	143.9466	0.809992	0.7723153	0.315033	0.684967	6.475716
25824	-3799.819	-3944.175	144.3556	0.809992	0.8747843	0.399847	0.600153	6.189358
25830	-3784.099	-3929.338	145.2392	0.882202	0.7848592	0.369758	0.630242	5.724073
25836	-3815	-3960.488	145.4884	1.051975	1.131262	0.391602	0.608398	5.295598
25842	-3812.118	-3958.172	146.0542	0.9554944	0.9458215	0.329946	0.670054	5.135939
25848	-3813.608	-3959.392	145.7844	1.007905	0.9458215	0.307031	0.692969	5.2562
25854	-3804.746	-3950.727	145.9816	0.9448522	0.8235113	0.289416	0.710584	5.2562
25860	-3813.974	-3956.491	142.5162	0.7444423	0.9304247	0.403469	0.596531	7.186486
25866	-3813.211	-3958.001	144.7901	0.8381795	0.9304247	0.421063	0.578937	5.90441
25872	-3808.561	-3953.283	144.722	0.8354745	0.9993856	0.425694	0.574306	5.90441
25878	-3806.191	-3950.352	144.1618	0.8386536	0.9799737	0.370025	0.629975	6.218638
25884	-3816.679	-3960.992	144.3133	0.9812962	0.7204911	0.433524	0.566476	6.218638
25890	-3816.166	-3959.931	143.765	0.7500543	0.8743841	0.386315	0.613685	6.542604
25896	-3812.247	-3958.329	146.0821	0.9670606	0.8242872	0.375313	0.624687	5.187818
25902	-3803.377	-3948.868	145.4911	0.8984331	0.7319758	0.264444	0.735556	5.612663
25908	-3818.704	-3965.291	146.5871	0.9101553	0.7319758	0.340854	0.659146	5.001087
25914	-3805.513	-3951.838	146.3249	0.9075758	0.6296755	0.419594	0.580406	5.22319
25920	-3806.719	-3952.603	145.8838	0.9486152	0.9647839	0.329512	0.670488	5.22319
25926	-3812.807	-3960.802	147.9945	1.114009	1.238061	0.383604	0.616396	3.798379
25932	-3808.11	-3954.36	146.2498	1.112964	0.8696269	0.418326	0.581674	4.985474
25938	-3801.892	-3944.783	142.8915	0.8134054	0.676447	0.288044	0.711956	7.109108
25944	-3798.35	-3944.834	146.484	0.9627594	0.9348464	0.340265	0.659735	4.89957
25950	-3806.35	-3951.248	144.8985	0.7728181	0.7674175	0.412205	0.587795	5.981664
25956	-3806.383	-3951.716	145.3331	0.8881479	0.955356	0.420745	0.579255	5.565357
25962	-3803.539	-3948.901	145.3621	0.8492667	0.9649367	0.433499	0.566501	5.565357
25968	-3802.534	-3946.87	144.3359	0.8034286	0.9525317	0.359826	0.640174	6.158411
25974	-3808.114	-3951.183	143.069	0.7392165	1.028915	0.344615	0.655385	6.837794
25980	-3803.095	-3946.199	143.1038	0.7392165	0.9938048	0.378219	0.621781	6.837794
25986	-3803.357	-3949.107	145.7498	1.092346	0.8935343	0.353924	0.646076	5.259411
25992	-3803.619	-3949.456	145.8365	1.092346	0.9414576	0.290431	0.709569	5.18318
25998	-3803.523	-3949.819	146.2965	0.9633756	1.126472	0.422278	0.577722	4.89916
26004	-3804.29	-3950.877	146.5866	0.9633756	0.8411593	0.310163	0.689837	4.89916
26010	-3795.868	-3942.456	146.5884	0.9633756	0.8395768	0.35464	0.64536	4.89916
26016	-3796.905	-3943.414	146.5098	0.9669063	0.9073739	0.379378	0.620622	4.89916
26022	-3796.483	-3942.908	146.4249	0.9411453	0.9073739	0.329164	0.670836	4.960741
26028	-3791.557	-3937.045	145.4876	0.8871007	0.874722	0.390721	0.609279	5.528391
26034	-3798.947	-3944.009	145.0619	0.8630178	0.8163138	0.252635	0.747365	5.811333
26040	-3806.89	-3952.088	145.1976	0.8129501	0.7450441	0.409398	0.590602	5.811333
26046	-3813.569	-3958.973	145.4045	0.8509568	0.5662118	0.357534	0.642466	5.811333
26052	-3806.38	-3952.177	145.7965	0.8448929	0.8504897	0.298101	0.701899	5.396475
26058	-3803.277	-3949.226	145.949	0.9324673	1.153597	0.404732	0.595268	5.095709
26064	-3812.654	-3959.109	146.4552	0.8680095	0.7348198	0.372868	0.627132	5.095709
26070	-3819.59	-3963.98	144.3904	0.7888936	0.8462054	0.279421	0.720579	6.199303
26076	-3810.458	-3954.805	144.347	0.8847548	0.8008457	0.396913	0.603087	6.199303
26082	-3816.084	-3959.427	143.343	0.7560191	0.949807	0.355536	0.644464	6.723868
26088	-3808.76	-3952.13	143.3698	0.7560191	0.9242721	0.481034	0.518966	6.723868
26094	-3812.613	-3957.758	145.145	0.8641992	0.6196017	0.328452	0.671548	5.903121
26100	-3806.465	-3951.364	144.8993	0.7994724	0.86753	0.283796	0.716204	5.903121
26106	-3793.526	-3939.059	145.5338	0.9086267	0.9021372	0.403017	0.596983	5.474656
26112	-3809.43	-3955.098	145.668	0.9298476	0.9351	0.289084	0.710916	5.369715
26118	-3799.423	-3944.321	144.898	0.9298476	0.8596089	0.322168	0.677832	5.837419
26124	-3790.534	-3935.335	144.8018	0.9298476	0.8939001	0.30905	0.69095	5.869305
26130	-3792.803	-3939.437	146.6332	0.8953425	0.706785	0.362854	0.637146	5.001553
26136	-3793.567	-3938.601	145.0333	0.7852032	0.9015934	0.371364	0.628636	5.817255
26142	-3797.67	-3942.676	145.0068	0.8117586	0.9015934	0.393853	0.606147	5.817255
26148	-3802.175	-3947.194	145.0195	0.9307575	0.785643	0.29656	0.70344	5.817255
26154	-3802.633	-3948.536	145.9035	0.9092885	0.8258839	0.42799	0.57201	5.317459
26160	-3791.646	-3937.55	145.9035	0.9092885	0.8258839	0.337187	0.662813	5.317459
26166	-3800.661	-3947.047	146.3854	0.9471157	0.8017275	0.356047	0.643953	5.045401
26172	-3808.881	-3955.466	146.5847	1.03986	0.580444	0.338089	0.661911	5.045401
26178	-3805.107	-3950.943	145.8358	0.8674722	0.7158501	0.393293	0.606707	5.451444
26184	-3803.915	-3948.306	144.3914	0.9018012	1.027697	0.294822	0.705178	6.033332
26190	-3810.75	-3958.439	147.6888	1.048462	0.936623	0.3455	0.6545	4.173136
26196	-3798.795	-3944.765	145.9698	0.9072092	1.009493	0.357215	0.642785	5.173513
26202	-3811.881	-3955.754	143.8737	0.6507839	0.7752596	0.442184	0.557816	6.599475
26208	-3814.992	-3959.861	144.8694	0.9593879	0.8375776	0.344095	0.655905	5.850511
26214	-3804.253	-3947.842	143.5891	0.7690562	0.941493	0.40801	0.59199	6.588484
26220	-3804.135	-3947.777	143.6414	0.7167456	0.941493	0.453857	0.546143	6.588484
26226	-3806.795	-3950.589	143.7938	0.7680048	0.761267	0.460054	0.539946	6.588484
26232	-3809.554	-3953.398	143.8444	0.908304	0.9111205	0.443457	0.556543	6.39215
26238	-3806.531	-3952.086	145.5555	0.908304	0.9406735	0.331341	0.668659	5.440333
26244	-3814.17	-3957.283	143.1131	0.7310772	0.7140994	0.363133	0.636867	7.007651
26250	-3809.728	-3954.406	144.6775	0.7824989	0.7369147	0.267334	0.732666	6.117366
26256	-3818.019	-3963.73	145.7112	0.8659692	0.7369147	0.388823	0.611177	5.506161
26262	-3812.356	-3957.948	145.5921	0.984401	0.7374266	0.388145	0.611855	5.506161
26268	-3805.717	-3952.9	147.1831	0.984401	1.04201	0.384855	0.615145	4.435361
26274	-3807.502	-3952.425	144.9236	0.794381	0.7748191	0.31933	0.68067	5.951286
26280	-3805.018	-3950.24	145.2217	0.8091326	1.041478	0.332175	0.667825	5.622508
26286	-3803.049	-3949.391	146.3417	1.015886	0.8573824	0.321824	0.678176	4.995951
26292	-3810.816	-3957.148	146.3319	0.9697047	0.9084178	0.294972	0.705028	4.995951
26298	-3802.687	-3949.121	146.434	1.093628	0.7153441	0.321775	0.678225	4.995951
26304	-3800.313	-3947.53	147.2169	1.093628	0.8481594	0.40104	0.59896	4.468917
26310	-3804.423	-3951.587	147.1631	1.126364	0.9339108	0.303702	0.696298	4.42812
26316	-3813.776	-3961.459	147.6832	0.9904353	0.6979823	0.377491	0.622509	4.366884
26322	-3814.087	-3961.587	147.4999	0.9784515	0.8599002	0.370184	0.629816	4.366884
26328	-3811.987	-3959.59	147.6032	1.016319	0.8599002	0.423308	0.576692	4.287091
26334	-3807.106	-3953.641	146.5355	0.886685	0.7053065	0.348871	0.651129	5.061655
26340	-3817.254	-3965.141	147.8878	1.099312	0.7502424	0.375003	0.624997	4.151713
26346	-3809.677	-3956.025	146.3476	1.088239	0.8342775	0.311014	0.688986	4.967029
26352	-3803.869	-3950.407	146.5376	0.8981836	0.8342775	0.431437	0.568563	4.967029
26358	-3814.39	-3961.311	146.9211	1.12238	0.8348531	0.418587	0.581413	4.627476
26364	-3807.74	-3955.515	147.7754	1.134878	0.8348531	0.341328	0.658672	4.138191
26370	-3811.113	-3958.729	147.6163	1.070453	1.07313	0.503452	0.496548	4.124472
26376	-3806.573	-3954.247	147.6736	1.070453	1.013973	0.417533	0.582467	4.124472
26382	-3810.869	-3958.054	147.1849	0.9687717	0.9839	0.34127	0.65873	4.47553
26388	-3799.065	-3946.184	147.1185	1.035226	0.9839	0.362957	0.637043	4.47553
26394	-3803.161	-3950.155	146.9939	1.003734	0.8966682	0.472865	0.527135	4.614566
26400	-3810.099	-3956.812	146.7133	0.9742614	0.7012541	0.440686	0.559314	4.917136
26406	-3800.289	-3946.54	146.2515	0.9387515	0.7394717	0.398971	0.601029	5.166144
26412	-3802.899	-3949.038	146.1392	0.9387515	0.8333495	0.36387	0.63613	5.166144
26418	-3809.724	-3956.162	146.4383	0.8637721	0.8799624	0.342841	0.657159	5.012838
26424	-3805.916	-3951.685	145.7689	0.8879014	0.9297537	0.420794	0.579206	5.340286
26430	-3802.261	-3949.64	147.3794	1.020863	0.8295877	0.395345	0.604655	4.430334
26436	-3801.396	-3946.225	144.8293	0.7640169	0.9583191	0.289061	0.710939	5.907593
26442	-3805.493	-3951.706	146.2131	0.8889249	0.7085568	0.305171	0.694829	5.236626
26448	-3806.518	-3951.305	144.7874	0.8733627	0.8606766	0.471269	0.528731	5.928044
26454	-3808.161	-3955.014	146.8531	0.8733627	0.6848169	0.278083	0.721917	4.907467
26460	-3803.677	-3948.131	144.4542	0.8064789	0.6233181	0.335843	0.664157	6.307921
26466	-3807.151	-3952.317	145.166	0.7775387	0.7231158	0.312099	0.687901	5.863072
26472	-3818.97	-3964.175	145.2044	0.8124128	0.7069497	0.34014	0.65986	5.834308
26478	-3806.252	-3952.168	145.9158	0.9986576	0.7256756	0.343006	0.656994	5.328143
26484	-3799.752	-3945.158	145.4058	0.9336882	0.7792205	0.345925	0.654075	5.608162
26490	-3794.7	-3939.996	145.296	0.7922657	0.7194015	0.40319	0.59681	5.786514
26496	-3799.875	-3945.159	145.2846	0.9094753	1.021769	0.323144	0.676856	5.543447
26502	-3793.377	-3939.231	145.8545	0.8224133	0.5715527	0.462794	0.537206	5.57587
26508	-3807.319	-3952.896	145.5763	0.8405271	0.7640106	0.331084	0.668916	5.57587
26514	-3791.549	-3936.755	145.2059	0.7628364	0.7863807	0.338149	0.661851	5.806653
26520	-3796.721	-3941.912	145.1911	0.819714	0.7517985	0.372114	0.627886	5.806653
26526	-3801.455	-3946.813	145.3573	0.8431624	0.7655565	0.330247	0.669753	5.693518
26532	-3800.168	-3945.658	145.4894	0.8431624	0.7663004	0.340951	0.659049	5.62057
26538	-3800.306	-3945.621	145.315	0.8468016	0.9162303	0.44959	0.55041	5.62057
26544	-3801.221	-3946.368	145.1469	0.7587048	0.7625118	0.375394	0.624606	5.856959
26550	-3800.238	-3946.755	146.5172	0.8854088	0.7840952	0.399598	0.600402	5.018112
26556	-3810.324	-3956.331	146.0078	0.9257601	0.7840952	0.445624	0.554376	5.277889
26562	-3814.371	-3960.564	146.1925	0.9516674	0.6221468	0.342767	0.657233	5.277889
26568	-3801.963	-3948.453	146.4893	0.9084728	0.606828	0.309189	0.690811	5.149748
26574	-3795.17	-3941.799	146.6297	1.029995	0.6076532	0.394604	0.605396	5.003772
26580	-3799.877	-3948.738	148.8604	1.000729	0.5841145	0.325987	0.674013	3.780066
26586	-3806.114	-3953.681	147.5671	1.098063	0.9984271	0.393338	0.606662	4.178125
26592	-3802.493	-3950.328	147.8352	1.098063	0.6381651	0.383945	0.616055	4.265597
26598	-3797.548	-3944.941	147.3931	1.098063	0.7375273	0.320972	0.679028	4.441321
26604	-3800.327	-3947.769	147.4429	1.0887	0.9941908	0.332498	0.667502	4.256272
26610	-3803.229	-3949.779	146.5492	1.020696	0.894907	0.259295	0.740705	4.854737
26616	-3809.626	-3955.263	145.6374	0.8755114	1.070303	0.263837	0.736163	5.342088
26622	-3799.028	-3944.974	145.9464	0.8442464	0.8065148	0.324465	0.675535	5.342088
26628	-3803.242	-3948.112	144.8698	0.8809387	0.8065148	0.369814	0.630186	5.912816
26634	-3806.826	-3951.877	145.0515	0.8206353	0.6829864	0.375098	0.624902	5.93053
26640	-3807.585	-3954.248	146.6625	0.8994457	0.6829864	0.364938	0.635062	5.000304
26646	-3804.954	-3951.529	146.575	0.9483592	0.7126049	0.257815	0.742185	5.000304
26652	-3804.01	-3950.91	146.9002	1.045238	0.9316528	0.405519	0.594481	4.622862
26658	-3799.091	-3946.115	147.0237	1.039828	0.8245407	0.299981	0.700019	4.622862
26664	-3792.866	-3940.003	147.137	1.004187	0.7592794	0.416695	0.583305	4.622862
26670	-3794.05	-3941.278	147.2278	1.004187	0.7927322	0.377174	0.622826	4.549204
26676	-3804.391	-3951.321	146.9308	1.032216	0.9889591	0.451243	0.548757	4.579865
26682	-3801.503	-3946.343	144.8408	0.9842308	0.8291945	0.313673	0.686327	5.857791
26688	-3799.372	-3943.286	143.9147	0.6996281	0.8291945	0.320061	0.679939	6.516426
26694	-3796.231	-3942.309	146.0776	0.9457232	0.7769817	0.303244	0.696756	5.233006
26700	-3800.82	-3946.684	145.864	0.9308424	0.9841345	0.451887	0.548113	5.233006
26706	-3793.731	-3939.832	146.101	0.9293708	0.7711038	0.337029	0.662971	5.233006
26712	-3787.826	-3933.614	145.7882	0.9532593	1.03795	0.390294	0.609706	5.233006
26718	-3796.642	-3942.916	146.2738	0.8988088	0.66019	0.346275	0.653725	5.233006
26724	-3797.642	-3943.241	145.599	0.9423378	0.66019	0.312796	0.687204	5.580808
26730	-3806.776	-3952.87	146.0936	0.9048718	0.6959947	0.318974	0.681026	5.30289
26736	-3803.972	-3949.957	145.9855	0.8650439	0.6194384	0.414601	0.585399	5.44193
26742	-3821.117	-3966.828	145.7107	0.8080273	0.8866355	0.32323	0.67677	5.44193
26748	-3808.164	-3954.011	145.847	0.8850355	0.7068805	0.412471	0.587529	5.44193
26754	-3802.806	-3949.152	146.3456	0.9460169	0.910226	0.39598	0.60402	5.000434
26760	-3800.228	-3946.538	146.31	0.9542249	0.9360205	0.47188	0.52812	5.000434
26766	-3790.037	-3936.817	146.7799	0.9927044	0.9043636	0.35788	0.64212	4.735891
26772	-3801.617	-3948.56	146.9435	0.9927044	0.944757	0.360779	0.639221	4.620297
26778	-3801.379	-3948.624	147.2455	1.012027	0.6896224	0.462785	0.537215	4.607212
26784	-3797.297	-3944.469	147.1719	1.024618	0.6896224	0.391552	0.608448	4.641397
26790	-3812.283	-3956.385	144.1021	0.8431985	1.0151	0.472324	0.527676	6.229491
26796	-3811.956	-3956.015	144.0587	0.8431985	1.059697	0.435636	0.564364	6.229491
26802	-3808.595	-3955.591	146.9964	0.9001791	0.8364386	0.318304	0.681696	4.708699
26808	-3811.92	-3958.629	146.7093	0.956193	0.7363001	0.41659	0.58341	4.904508
26814	-3813.488	-3961.021	147.5335	1.075436	1.002147	0.369224	0.630776	4.207935
26820	-3805.12	-3951.038	145.9182	0.9815751	0.9011013	0.493209	0.506791	5.223018
26826	-3806.436	-3952.013	145.5771	0.9180787	0.8805315	0.311879	0.688121	5.458577
26832	-3824.598	-3970.233	145.6351	0.8149803	0.7821007	0.396529	0.603471	5.545555
26838	-3808.227	-3954.998	146.7715	0.9494728	0.9850113	0.464616	0.535384	4.717666
26844	-3817.332	-3963.501	146.1687	0.8969837	0.8699751	0.349711	0.650289	5.15006
26850	-3816.573	-3962.679	146.1066	0.9591232	0.8699751	0.304628	0.695372	5.15006
26856	-3814.662	-3961.025	146.3634	0.9449413	0.6725288	0.374609	0.625391	5.148673
26862	-3817.384	-3963.53	146.1468	0.8854547	0.7528584	0.331781	0.668219	5.244315
26868	-3819.725	-3965.622	145.8972	1.054158	0.9254452	0.435444	0.564556	5.180095
26874	-3812.251	-3957.181	144.9297	0.8634016	0.9631314	0.370891	0.629109	5.795653
26880	-3815.254	-3960.44	145.1856	0.863904	0.7368065	0.375176	0.624824	5.795653
26886	-3809.598	-3954.85	145.2513	0.863904	0.6857396	0.409307	0.590693	5.795653
26892	-3816.565	-3960.89	144.3244	0.7857874	0.7227534	0.47855	0.52145	6.317301
26898	-3798.276	-3943.169	144.8932	0.8575494	1.07362	0.363462	0.636538	5.759147
26904	-3793.589	-3938.575	144.9862	0.8697695	0.9669099	0.439918	0.560082	5.759147
26910	-3812.125	-3957.479	145.3549	1.012212	0.7054994	0.335874	0.664126	5.643502
26916	-3811.63	-3957.755	146.1255	0.8822493	0.8606446	0.340844	0.659156	5.187882
26922	-3811.052	-3955.023	143.9709	0.7729918	0.787226	0.331554	0.668446	6.472884
26928	-3806.909	-3951.798	144.8891	0.8415215	0.787226	0.373572	0.626428	5.936267
26934	-3799.184	-3943.724	144.5395	0.7975666	0.7445979	0.390424	0.609576	6.17907
26940	-3808.31	-3951.873	143.5622	0.791125	0.6015018	0.319894	0.680106	6.815964
26946	-3807.578	-3953.479	145.9004	0.8676249	0.8026899	0.347493	0.652507	5.357037
26952	-3803.823	-3950.04	146.217	0.8421138	0.5818633	0.364868	0.635132	5.357037
26958	-3811.853	-3958.409	146.5564	0.9860187	0.6399484	0.441516	0.558484	5.043547
26964	-3805.34	-3951.55	146.2101	0.8935986	0.8083068	0.321667	0.678333	5.167959
26970	-3799.185	-3945.969	146.7846	0.9076461	0.8083068	0.410511	0.589489	4.840983
26976	-3808.645	-3954.961	146.3153	1.007362	1.023552	0.326614	0.673386	4.918496
26982	-3809.707	-3956.791	147.0842	1.007362	1.023552	0.429453	0.570547	4.488261
26988	-3804.417	-3951.561	147.1439	0.9718991	0.7772122	0.29698	0.70302	4.624866
26994	-3817.815	-3963.417	145.6025	0.8402826	0.9970356	0.393143	0.606857	5.42015
27000	-3800.934	-3946.281	145.3471	0.8221106	0.6533937	0.393134	0.606866	5.789893
27006	-3798.527	-3944.06	145.5326	0.8869309	0.837117	0.393226	0.606774	5.526947
27012	-3808.656	-3952.976	144.3206	0.8030368	0.8910704	0.382141	0.617859	6.20247
27018	-3803.667	-3948.124	144.4576	0.8380589	0.8378638	0.312488	0.687512	6.14116
27024	-3800.949	-3946.3	145.3515	0.9030632	1.061058	0.358713	0.641287	5.489232
27030	-3807.087	-3952.549	145.4622	0.9030632	1.055218	0.392866	0.607134	5.431393
27036	-3807.215	-3951.116	143.9017	0.8214658	0.8006156	0.30599	0.69401	6.475526
27042	-3806.298	-3952.682	146.3837	0.9224646	0.8559829	0.353488	0.646512	5.025369
27048	-3796.276	-3944.805	148.5287	1.022896	0.8559829	0.382008	0.617992	3.757266
27054	-3812.642	-3960.951	148.3088	1.247953	0.8514325	0.366729	0.633271	3.757266
27060	-3798.599	-3944.92	146.321	1.043791	1.00297	0.283619	0.716381	4.906366
27066	-3796.95	-3943.151	146.2008	1.04376	0.9987258	0.427283	0.572717	4.975621
27072	-3795.792	-3943.445	147.6532	1.057576	0.6998861	0.270157	0.729843	4.344488
27078	-3805.693	-3950.591	144.8977	0.8737572	0.7958735	0.357316	0.642684	5.908308
27084	-3797.863	-3943.795	145.9325	0.8385548	0.7958735	0.397493	0.602507	5.35984
27090	-3802.045	-3948.115	146.0698	0.9236556	0.6520764	0.362658	0.637342	5.338029
27096	-3808.183	-3955.217	147.0346	0.9236556	0.7814138	0.35983	0.64017	4.710241
27102	-3791.488	-3938.919	147.4309	0.9236556	0.7093315	0.356347	0.643653	4.538298
27108	-3799.777	-3944.993	145.2158	0.8454734	0.8758908	0.405451	0.594549	5.699698
27114	-3809.171	-3954.74	145.5688	0.8429888	0.7595568	0.379841	0.620159	5.581584
27120	-3819.505	-3966.209	146.7032	0.879572	0.8260663	0.41098	0.58902	4.890509
27126	-3813.133	-3958.388	145.2543	0.9433984	0.7583631	0.291454	0.708546	5.699862
27132	-3805.368	-3951.713	146.345	0.8553514	0.8354163	0.345522	0.654478	5.097034
27138	-3801.283	-3944.882	143.5995	0.8275061	0.9466562	0.339415	0.660585	6.548308
27144	-3803.992	-3946.709	142.7162	0.7224987	0.7145693	0.365537	0.634463	7.225415
27150	-3808.959	-3951.748	142.7891	0.7715637	0.7337847	0.346178	0.653822	7.146745
27156	-3794.921	-3940.153	145.2316	0.7868529	0.6816184	0.399716	0.600284	5.851592
27162	-3800.829	-3945.149	144.3195	0.8831471	0.6367615	0.348188	0.651812	6.329184
27168	-3813.177	-3957.55	144.3732	0.7736352	0.6777553	0.40303	0.59697	6.329184
27174	-3800.712	-3944.228	143.5152	0.7558362	0.7942388	0.451345	0.548655	6.724203
27180	-3808.645	-3954.243	145.5979	0.9998087	0.9728876	0.318324	0.681676	5.348202
27186	-3797.522	-3943.293	145.7709	0.9455149	0.9728876	0.343733	0.656267	5.282693
27192	-3791.613	-3937.601	145.9881	0.8216684	0.8846168	0.514136	0.485864	5.282693
27198	-3797.073	-3944.358	147.2853	1.035212	0.8846168	0.352709	0.647291	4.440458
27204	-3802.815	-3949.939	147.1244	0.9626626	1.027257	0.39691	0.60309	4.488714
27210	-3815.148	-3962.617	147.4694	1.007365	0.6833217	0.455187	0.544813	4.488714
27216	-3800.922	-3946.256	145.3337	0.8569405	0.7341721	0.356494	0.643506	5.720199
27222	-3805.8	-3953.035	147.2355	0.9658271	0.6055592	0.383699	0.616301	4.703574
27228	-3791.981	-3938.328	146.3473	0.9097274	0.9177486	0.416644	0.583356	5.015154
27234	-3792.753	-3938.573	145.8203	0.9510661	0.7794368	0.256272	0.743728	5.370479
27240	-3793.439	-3939.155	145.7157	0.8950055	0.7794368	0.343381	0.656619	5.458939
27246	-3794.212	-3939.633	145.4209	0.8950055	0.8093617	0.414004	0.585996	5.601496
27252	-3796.643	-3943.189	146.5452	1.004943	0.915782	0.415522	0.584478	4.853252
27258	-3801.689	-3949.836	148.1467	1.123299	0.789488	0.380558	0.619442	3.963201
27264	-3799.555	-3946.368	146.8127	1.08897	0.8489781	0.348985	0.651015	4.697872
27270	-3802.383	-3949.858	147.4756	1.058643	0.9459989	0.389023	0.610977	4.28269
27276	-3801.174	-3947.268	146.0944	1.041344	1.30185	0.370912	0.629088	4.88381
27282	-3809.513	-3956.01	146.4972	0.9392624	0.9050157	0.413835	0.586165	4.922975
27288	-3805.596	-3951.019	145.4236	0.9721871	0.9131052	0.358415	0.641585	5.493848
27294	-3816.925	-3961.831	144.9063	0.9721871	0.9131052	0.379139	0.620861	5.777647
27300	-3796.196	-3940.991	144.7943	0.8644869	0.9490305	0.293906	0.706094	5.877125
27306	-3806.476	-3951.175	144.6992	0.8204053	0.9490305	0.408021	0.591979	5.953122
27312	-3805.441	-3949.926	144.4846	0.9297745	0.8360205	0.363985	0.636015	6.077625
27318	-3797.472	-3941.744	144.2722	0.7960058	0.7969695	0.33609	0.66391	6.29065
27324	-3807.366	-3955.248	147.8819	1.065544	0.9274136	0.332702	0.667298	4.059071
27330	-3804.212	-3951.869	147.6573	1.101469	0.9809123	0.338949	0.661051	4.134944
27336	-3798.98	-3946.706	147.7255	1.096754	0.7297567	0.391728	0.608272	4.259803
27342	-3799.364	-3945.351	145.9867	0.9031418	0.8820381	0.436271	0.563729	5.239984
27348	-3811.753	-3959.362	147.6092	1.048227	0.6019058	0.33809	0.66191	4.450508
27354	-3795.97	-3941.074	145.1036	0.8398801	0.8924179	0.452546	0.547454	5.754293
27360	-3799.686	-3945.272	145.5863	1.02169	0.7790317	0.358131	0.641869	5.460729
27366	-3802.117	-3947.566	145.449	0.8894383	0.843131	0.385562	0.614438	5.567773
27372	-3814.398	-3961.893	147.4946	1.045659	0.8490144	0.37995	0.62005	4.33879
27378	-3800.073	-3946.875	146.8021	1.029838	0.8840517	0.499003	0.500997	4.715041
27384	-3806.599	-3953.516	146.9168	1.000462	0.8087147	0.364554	0.635446	4.715041
27390	-3813.296	-3957.684	144.3871	0.7400387	0.8749584	0.497371	0.502629	6.210161
27396	-3807.531	-3953.101	145.5699	0.9007839	0.8758866	0.394783	0.605217	5.474906
27402	-3822.512	-3968.476	145.9644	0.9197771	0.6452165	0.286785	0.713215	5.403495
27408	-3804.782	-3950.441	145.659	0.808635	1.002378	0.343691	0.656309	5.403495
27414	-3804.624	-3951.25	146.6264	0.9626984	0.793925	0.457333	0.542667	4.907904
27420	-3804.611	-3950.421	145.8096	0.9233144	0.9758922	0.371078	0.628922	5.271875
27426	-3805.867	-3951.315	145.4478	0.8148235	0.8992255	0.523576	0.476424	5.575227
27432	-3801.244	-3946.792	145.5483	0.9313433	0.7846227	0.421043	0.578957	5.527621
27438	-3804.443	-3949.525	145.0816	0.8944141	0.7846227	0.290546	0.709454	5.803833
27444	-3808.509	-3953.335	144.826	0.8944141	0.7999769	0.348753	0.651247	5.933558
27450	-3802.697	-3948.04	145.3424	0.8702942	0.7114738	0.397184	0.602816	5.723921
27456	-3800.487	-3945.785	145.2986	0.8242832	0.7838902	0.356105	0.643895	5.723921
27462	-3796.701	-3941.827	145.126	0.8338517	0.9288755	0.294882	0.705118	5.723921
27468	-3803.39	-3948.752	145.3627	0.8338517	1.046684	0.510856	0.489144	5.528717
27474	-3810.593	-3955.487	144.8941	0.8786602	1.213677	0.37021	0.62979	5.677677
27480	-3811.132	-3957.312	146.18	0.8786602	0.7524279	0.34264	0.65736	5.230002
27486	-3811.528	-3957.79	146.2617	0.954818	0.9761502	0.373511	0.626489	5.003874
27492	-3818.258	-3964.465	146.2072	0.8524042	1.004417	0.25583	0.74417	5.075125
27498	-3803.819	-3949.106	145.2873	0.8645006	0.836567	0.349702	0.650298	5.674299
27504	-3810.576	-3956.137	145.5606	0.7110828	0.9440941	0.438531	0.561469	5.544077
27510	-3812.408	-3957.382	144.9747	0.84997	0.8283003	0.466427	0.533573	5.85858
27516	-3805.528	-3950.475	144.947	0.8435413	0.8583101	0.408984	0.591016	5.85858
27522	-3808.766	-3956.015	147.2498	0.9416909	1.132791	0.409839	0.590161	4.373719
27528	-3813.282	-3959.216	145.9344	0.9177425	0.9468834	0.324296	0.675704	5.22248
27534	-3804.343	-3948.953	144.6102	0.751389	0.8893389	0.372421	0.627579	6.07399
27540	-3805.638	-3951.438	145.7998	0.8212099	0.8990883	0.423042	0.576958	5.378103
27546	-3800.8	-3946.211	145.4101	0.7625268	0.6709237	0.394118	0.605882	5.775018
27552	-3809.017	-3953.759	144.7428	0.7154068	0.6788751	0.38625	0.61375	6.159116
27558	-3790.638	-3935.319	144.6812	0.8969723	0.8402325	0.397918	0.602082	5.985738
27564	-3804.016	-3948.739	144.7232	0.9017816	0.7717737	0.33822	0.66178	6.004043
27570	-3804.328	-3949.337	145.0082	0.9053607	1.111444	0.363078	0.636922	5.650561
27576	-3801.165	-3947.701	146.5365	0.9053607	0.9180471	0.38506	0.61494	4.912189
27582	-3800.472	-3946.678	146.2062	0.9695599	1.002809	0.383596	0.616404	5.011559
27588	-3803.331	-3949.339	146.0079	1.03773	1.13978	0.40424	0.59576	5.011559
27594	-3809.87	-3957.661	147.7914	0.9831885	0.8732515	0.283052	0.716948	4.190754
27600	-3822.98	-3969.053	146.0732	0.8856041	0.8141915	0.413644	0.586356	5.244301
27606	-3812.391	-3959.214	146.8225	0.8830097	0.8141915	0.396085	0.603915	4.829736
27612	-3817.226	-3963.976	146.7504	0.9636214	0.8069546	0.280632	0.719368	4.829736
27618	-3817.43	-3964.54	147.1104	1.036179	0.8069546	0.463009	0.536991	4.587726
27624	-3821.47	-3968.453	146.9832	1.105684	0.8872923	0.318683	0.681317	4.569067
27630	-3810.068	-3953.306	143.2374	0.757629	0.9633622	0.411832	0.588168	6.77248
27636	-3806.122	-3949.5	143.3781	0.8833822	0.7289852	0.389031	0.610969	6.77248
27642	-3804.236	-3950.588	146.353	0.9750496	0.7289852	0.262729	0.737271	5.09712
27648	-3800.349	-3945.694	145.3452	0.9693251	0.9505433	0.377937	0.622063	5.5168
27654	-3820.357	-3965.15	144.7925	0.798756	0.6559249	0.254092	0.745908	6.103515
27660	-3791.163	-3937.562	146.3985	0.9393427	0.7470428	0.343357	0.656643	5.079107
27666	-3802.558	-3948.692	146.134	0.9459916	0.8383603	0.3658	0.6342	5.161851
27672	-3810.784	-3956.335	145.5505	0.8556893	1.045396	0.42588	0.57412	5.414061
27678	-3805.679	-3951.527	145.8479	0.8883448	0.7435061	0.309334	0.690666	5.414061
27684	-3810.548	-3956.111	145.5628	0.8624176	0.9219858	0.347501	0.652499	5.472434
27690	-3813.517	-3958.148	144.6304	0.8776926	0.7838537	0.377818	0.622182	6.059811
27696	-3820.593	-3966.084	145.4908	1.025231	0.7815488	0.486841	0.513159	5.509675
27702	-3812.074	-3958.674	146.6001	0.9353606	0.7815488	0.352521	0.647479	4.945997
27708	-3816.319	-3962.831	146.5116	1.060456	0.7815488	0.408465	0.591535	4.925635
27714	-3810.742	-3957.635	146.893	1.024023	0.9106595	0.413312	0.586688	4.651307
27720	-3811.403	-3956.302	144.8996	0.8804829	0.7849163	0.310704	0.689296	5.91077
27726	-3809.154	-3954.876	145.7215	0.9130328	0.929585	0.415489	0.584511	5.352683
27732	-3823.868	-3967.87	144.0021	0.7502664	0.7265868	0.284071	0.715929	6.508667
27738	-3820.766	-3965.436	144.6698	0.7301754	1.019788	0.395712	0.604288	5.979332
27744	-3811.412	-3957.105	145.6932	0.8768906	0.8181969	0.357552	0.642448	5.456115
27750	-3807.16	-3952.792	145.6318	0.853375	0.893786	0.384412	0.615588	5.456115
27756	-3800.752	-3946.497	145.7457	0.8629825	0.9125435	0.477492	0.522508	5.376956
27762	-3817.242	-3959.852	142.6093	0.8890479	0.9125435	0.287642	0.712358	7.068884
27768	-3812.547	-3955.696	143.1486	0.7563013	0.7299785	0.465043	0.534957	6.964066
27774	-3818.223	-3963.109	144.8859	0.6852134	0.7299785	0.459283	0.540717	6.061564
27780	-3815.868	-3962.646	146.7779	0.8906609	0.7528491	0.437426	0.562574	4.891315
27786	-3809.201	-3955.835	146.6331	0.9104875	0.8592225	0.411935	0.588065	4.891315
27792	-3808.772	-3955.976	147.2048	1.011442	0.6479893	0.272631	0.727369	4.66174
27798	-3809.28	-3955.547	146.267	0.9875513	0.9051221	0.390969	0.609031	5.024029
27804	-3811.41	-3957.972	146.5614	0.9300745	0.7041592	0.354545	0.645455	5.024029
27810	-3818.712	-3965.687	146.9752	0.9531361	0.9001481	0.269655	0.730345	4.651298
27816	-3812.235	-3958.248	146.0123	0.9242651	0.6777913	0.412011	0.587989	5.35026
27822	-3807.088	-3951.075	143.9876	0.9112474	0.9895158	0.407245	0.592755	6.268592
27828	-3810.979	-3955.126	144.1464	0.8197632	0.6741708	0.342929	0.657071	6.429769
27834	-3829.091	-3973.538	144.4475	0.8160222	0.7392937	0.380039	0.619961	6.222646
27840	-3800.987	-3945.857	144.8705	0.8970685	0.9045735	0.41564	0.58436	5.843337
27846	-3806.953	-3952.651	145.6977	0.944631	0.9045735	0.415358	0.584642	5.36308
27852	-3811.132	-3957.296	146.1643	0.8368409	0.7944065	0.397735	0.602265	5.233754
27858	-3810.551	-3955.43	144.8787	0.8907995	0.7419279	0.494073	0.505927	5.945177
27864	-3829.314	-3974.012	144.6978	0.8430777	1.228048	0.449902	0.550098	5.797916
27870	-3808.469	-3951.975	143.5054	0.7807798	0.6416083	0.438959	0.561041	6.821504
27876	-3790.163	-3934.773	144.6104	0.7639911	0.6821948	0.386033	0.613967	6.202335
27882	-3796.574	-3940.75	144.1763	0.7524566	0.6607347	0.4274	0.5726	6.459884
27888	-3794.845	-3939.46	144.6154	0.8475889	0.6918685	0.356753	0.643247	6.147172
27894	-3799.353	-3945.752	146.3991	0.8475889	0.6918685	0.367301	0.632699	5.168613
27900	-3802.139	-3948.069	145.9306	0.9800567	0.9847679	0.383484	0.616516	5.168613
27906	-3799.169	-3945.699	146.5304	0.9166151	0.6221193	0.349788	0.650212	5.110357
27912	-3806.881	-3953.405	146.5236	0.9170945	0.9043087	0.41034	0.58966	4.921052
27918	-3801.669	-3948.297	146.6284	0.9585793	0.7759916	0.329357	0.670643	4.921052
27924	-3814.677	-3960.65	145.9724	0.9988337	0.9178225	0.285027	0.714973	5.173555
27930	-3810.439	-3956.511	146.0716	0.8949689	0.9222331	0.345091	0.654909	5.173555
27936	-3805.515	-3949.388	143.873	0.7474763	0.7960355	0.382904	0.617096	6.534049
27942	-3808.595	-3954.475	145.8804	0.9050936	0.7373024	0.416529	0.583471	5.391181
27948	-3810	-3957.425	147.425	0.9987596	0.7373024	0.378993	0.621007	4.479393
27954	-3811.432	-3957.533	146.101	0.8830084	0.6266896	0.413827	0.586173	5.362686
27960	-3805.075	-3949.926	144.8516	0.7927322	0.6266896	0.358437	0.641563	6.096684
27966	-3805.155	-3951.143	145.9881	0.8158015	0.6794658	0.313979	0.686021	5.422152
27972	-3802.129	-3948.023	145.8938	0.8847181	0.6987805	0.381135	0.618865	5.422152
27978	-3800.196	-3944.176	143.9802	0.7757456	0.8465346	0.336658	0.663342	6.428956
27984	-3801.365	-3945.348	143.983	0.7473077	0.869448	0.393179	0.606821	6.428956
27990	-3804.959	-3950.796	145.8371	0.8893155	0.8349111	0.296552	0.703448	5.359401
27996	-3804.318	-3949.017	144.6991	0.8940486	1.028335	0.342852	0.657148	5.86927
28002	-3797.231	-3942.588	145.357	0.9411301	0.8215493	0.359183	0.640817	5.603495
28008	-3790.792	-3936.483	145.6908	0.8381318	0.6391537	0.312762	0.687238	5.603495
28014	-3801.705	-3946.353	144.6482	0.8402372	1.019155	0.385177	0.614823	5.93139
28020	-3811.733	-3957.359	145.6257	0.9904193	0.9299997	0.342396	0.657604	5.362619
28026	-3806.628	-3952.734	146.1053	0.9449485	0.9749072	0.29683	0.70317	5.09683
28032	-3814.937	-3960.695	145.7584	0.9449485	1.172661	0.402672	0.597328	5.184942
28038	-3809.383	-3954.388	145.0053	0.9032394	0.9828429	0.34515	0.65485	5.721438
28044	-3797.772	-3943.962	146.1903	1.035721	0.8467248	0.301963	0.698037	5.075636
28050	-3797.103	-3942.774	145.671	0.9649897	0.9232064	0.376536	0.623464	5.355633
28056	-3790.31	-3936.027	145.7176	0.9183402	0.9232064	0.489492	0.510508	5.355633
28062	-3793.493	-3939.175	145.6823	0.9535969	0.9232064	0.414486	0.585514	5.355633
28068	-3789.137	-3935.397	146.26	0.9225175	0.7256683	0.450641	0.549359	5.180017
28074	-3805.049	-3952.268	147.2187	0.988186	0.9554817	0.490835	0.509165	4.461944
28080	-3796.225	-3942.749	146.5246	0.9847734	0.9570384	0.3888	0.6112	4.851786
28086	-3805.065	-3951.567	146.5021	1.007294	0.9570384	0.363759	0.636241	4.851786
28092	-3810.204	-3953.444	143.24	0.7340236	0.6524875	0.475662	0.524338	6.981683
28098	-3803.628	-3947.35	143.7223	0.721675	0.7119695	0.30003	0.69997	6.685625
28104	-3808.357	-3952.893	144.5358	0.794786	0.9844482	0.43431	0.56569	6.036414
28110	-3803.984	-3950.828	146.8441	0.8785765	0.7229672	0.364182	0.635818	4.882046
28116	-3808.119	-3954.596	146.4775	1.001442	0.934191	0.433386	0.566614	4.882046
28122	-3803.574	-3949.323	145.7493	0.9741023	0.8238154	0.379983	0.620017	5.368046
28128	-3804.341	-3949.951	145.611	0.8720485	1.052325	0.336288	0.663712	5.368046
28134	-3813.794	-3958.258	144.4641	0.8248932	0.7808254	0.468932	0.531068	6.181081
28140	-3807.923	-3953.095	145.1712	0.8378378	0.9971804	0.400367	0.599633	5.658429
28146	-3823.427	-3968.031	144.6047	0.870447	0.8625716	0.424695	0.575305	6.028206
28152	-3810.249	-3955.952	145.7026	0.870447	0.8797092	0.378388	0.621612	5.416235
28158	-3808.069	-3953.857	145.7881	0.8863955	0.7910119	0.386095	0.613905	5.416235
28164	-3807.665	-3953.24	145.5749	0.8230231	0.6980287	0.300583	0.699417	5.631923
28170	-3809.087	-3954.589	145.5019	0.864864	0.7221708	0.437512	0.562488	5.631923
28176	-3800.41	-3945.718	145.3074	0.876217	0.7814396	0.406149	0.593851	5.692248
28182	-3796.595	-3941.94	145.3453	0.8382953	0.7814396	0.27318	0.72682	5.692248
28188	-3791.328	-3937.574	146.2458	0.9492671	1.068675	0.395576	0.604424	4.965182
28194	-3805.311	-3952.406	147.0948	0.9760024	0.7657362	0.263611	0.736389	4.657836
28200	-3809.662	-3957.814	148.152	1.113949	0.9186692	0.403218	0.596782	3.882146
28206	-3804.683	-3951.518	146.8348	0.9705645	0.7055581	0.404315	0.595685	4.848414
28212	-3798.912	-3944.742	145.8301	0.9705645	1.00167	0.348731	0.651269	5.220076
28218	-3791.865	-3938.831	146.9654	0.9714292	0.834023	0.343629	0.656371	4.687739
28224	-3806.434	-3952.611	146.1778	0.9951394	0.9120032	0.369127	0.630873	5.065235
28230	-3800.192	-3946.503	146.3104	0.8625128	0.9120032	0.352811	0.647189	5.065235
28236	-3804.631	-3951.146	146.5151	0.9965692	0.9120032	0.360955	0.639045	4.876942
28242	-3819.622	-3966.36	146.7377	1.038764	0.7195351	0.42328	0.57672	4.854513
28248	-3809.771	-3955.882	146.1103	1.058715	0.7795125	0.363179	0.636821	5.150687
28254	-3805.272	-3951.75	146.4775	0.8677318	0.8170737	0.372752	0.627248	5.028349
28260	-3801.931	-3946.8	144.8688	0.8128326	0.7778624	0.39171	0.60829	5.969143
28266	-3795.64	-3941.069	145.4291	0.8245751	0.609489	0.344801	0.655199	5.777381
28272	-3801.188	-3948.039	146.8511	0.9045198	0.694593	0.414806	0.585194	4.884097
28278	-3804.267	-3950.045	145.7777	0.9991218	0.9398977	0.44038	0.55962	5.268138
28284	-3805.206	-3952.209	147.0035	1.044424	0.8771765	0.386074	0.613926	4.598295
28290	-3799.315	-3944.088	144.7736	0.9040385	0.9848198	0.383244	0.616756	5.846748
28296	-3788.247	-3933.644	145.397	0.9080212	0.8261339	0.323409	0.676591	5.596778
28302	-3804.71	-3949.904	145.1945	0.8272309	0.7220088	0.396873	0.603127	5.821071
28308	-3795.318	-3941.074	145.7556	0.86163	0.7862811	0.402222	0.597778	5.450839
28314	-3806.938	-3951.63	144.6921	0.86163	0.7788024	0.388264	0.611736	6.038241
28320	-3803.082	-3948.353	145.2715	0.922198	0.7788024	0.355059	0.644941	5.688451
28326	-3809.373	-3954.645	145.2721	0.9736646	0.7363665	0.404623	0.595377	5.688451
28332	-3805.324	-3950.678	145.3543	0.8177843	0.7968654	0.358743	0.641257	5.688451
28338	-3807.63	-3953.578	145.9478	0.9389644	0.6551014	0.31093	0.68907	5.394596
28344	-3810.006	-3954.641	144.635	0.96596	0.7990101	0.422151	0.577849	5.999393
28350	-3810.023	-3954.558	144.5347	0.8432855	1.004835	0.406371	0.593629	5.999393
28356	-3808.413	-3953.401	144.9886	0.9561628	1.004835	0.346027	0.653973	5.689476
28362	-3815.946	-3961.582	145.6354	0.8596746	0.7442245	0.323115	0.676885	5.546264
28368	-3811.793	-3957.258	145.4658	0.9583117	0.8028425	0.470502	0.529498	5.546264
28374	-3805.507	-3950.545	145.0386	0.8709887	0.7526911	0.359032	0.640968	5.861388
28380	-3807.303	-3951.781	144.4774	0.8709887	1.119039	0.452311	0.547689	5.955932
28386	-3800.441	-3945.095	144.6542	0.8973902	0.9138092	0.369505	0.630495	5.955932
28392	-3801.697	-3946.154	144.4569	0.9151493	0.9787359	0.445119	0.554881	6.016953
28398	-3797.517	-3943.219	145.7016	0.9433616	0.7083378	0.259285	0.740715	5.488818
28404	-3803.474	-3949.041	145.567	0.8739355	0.9869245	0.372047	0.627953	5.426737
28410	-3807.014	-3952.04	145.0263	0.8739355	0.9554539	0.449505	0.550495	5.741383
28416	-3803.693	-3948.883	145.1904	0.835499	0.8396078	0.444084	0.555916	5.741383
28422	-3803.877	-3948.98	145.1036	0.8476	0.90203	0.384863	0.615137	5.744358
28428	-3812.838	-3958.213	145.3751	0.8935771	0.9958325	0.416521	0.583479	5.516628
28434	-3804.212	-3948.243	144.0308	0.8413409	1.136805	0.318558	0.681442	6.20655
28440	-3794.866	-3940.027	145.1608	0.7926659	0.7854106	0.381374	0.618626	5.815662
28446	-3806.292	-3951.211	144.9189	0.7926659	0.7692785	0.323349	0.676651	5.958425
28452	-3800.559	-3947.076	146.5176	0.9439644	1.098353	0.409146	0.590854	4.801153
28458	-3804.785	-3949.756	144.9714	0.8661778	1.034095	0.411688	0.588312	5.732415
28464	-3801.771	-3948.068	146.2968	0.9821185	0.6730516	0.430156	0.569844	5.164606
28470	-3795.719	-3940.569	144.8492	0.8412606	0.8338029	0.418408	0.581592	5.928438
28476	-3787.048	-3932.2	145.1521	0.794326	0.7959403	0.379333	0.620667	5.812661
28482	-3800.324	-3946.93	146.6056	0.959168	0.7959403	0.433872	0.566128	4.920102
28488	-3798.593	-3945.248	146.6543	0.9715736	0.7455914	0.265692	0.734308	4.920102
28494	-3807.293	-3953.845	146.552	0.9779057	0.8258108	0.296149	0.703851	4.920102
28500	-3809.121	-3956.708	147.5877	1.078418	0.788328	0.324933	0.675067	4.307494
28506	-3801.975	-3948.946	146.9709	1.080764	0.9363047	0.415278	0.584722	4.560498
28512	-3802	-3949.598	147.5982	1.071103	0.7568444	0.328124	0.671876	4.327231
28518	-3800.755	-3947.281	146.5253	0.9611063	0.8291881	0.428105	0.571895	4.942117
28524	-3813.902	-3958.823	144.9213	0.8226849	0.8006907	0.469924	0.530076	5.920225
28530	-3802.104	-3948.102	145.998	0.8519437	0.8040026	0.268136	0.731864	5.31099
28536	-3807.311	-3953.435	146.1243	0.880095	0.6803427	0.375315	0.624685	5.31099
28542	-3797.012	-3944.452	147.4406	0.9334363	0.9780048	0.425209	0.574791	4.354684
28548	-3795.125	-3940.712	145.587	1.000071	1.017376	0.349384	0.650616	5.32945
28554	-3796.69	-3940.233	143.5426	0.812833	1.048742	0.405544	0.594456	6.531636
28560	-3796.081	-3941.142	145.0605	0.9341492	1.048742	0.345158	0.654842	5.638518
28566	-3798.116	-3943.655	145.5386	0.9383955	0.9072902	0.425112	0.574888	5.452579
28572	-3812.918	-3958.948	146.0297	1.023577	0.731646	0.435348	0.564652	5.247341
28578	-3804.196	-3951.509	147.3134	1.076168	0.8850068	0.38596	0.61404	4.401293
28584	-3805.131	-3952.66	147.5298	1.071488	0.716203	0.274853	0.725147	4.394415
28590	-3807.897	-3955.038	147.1415	1.124902	1.015111	0.416754	0.583246	4.394415
28596	-3809.592	-3957.531	147.9396	0.9742651	0.8567051	0.39093	0.60907	4.122068
28602	-3807.011	-3954.868	147.8567	1.092042	0.8260403	0.319702	0.680298	4.122068
28608	-3815.048	-3961.482	146.4334	0.9091587	0.7710838	0.284281	0.715719	5.060168
28614	-3812.321	-3958.813	146.4919	0.8791444	0.7478656	0.283477	0.716523	5.060168
28620	-3810.293	-3956.759	146.4661	0.8927101	0.8876444	0.362216	0.637784	4.976681
28626	-3800.753	-3947.792	147.0388	0.8927101	0.8822912	0.461745	0.538255	4.660436
28632	-3806.345	-3952.863	146.5178	0.9621915	1.017551	0.490674	0.509326	4.834099
28638	-3804.366	-3951.028	146.6612	0.908243	0.9299018	0.400718	0.599282	4.834099
28644	-3807.243	-3954.094	146.8506	0.997114	0.6927681	0.435592	0.564408	4.834099
28650	-3813.418	-3960.262	146.8446	0.9938413	1.093557	0.363459	0.636541	4.592782
28656	-3808.529	-3955.645	147.1155	1.017207	0.9133752	0.370996	0.629004	4.528645
28662	-3798.268	-3944.331	146.0627	0.8082412	0.8415974	0.380125	0.619875	5.275392
28668	-3805.01	-3951.27	146.2601	0.9445492	0.7700853	0.430889	0.569111	5.137293
28674	-3816.066	-3962.94	146.8734	1.042146	0.8584862	0.281532	0.718468	4.68413
28680	-3818.813	-3964.848	146.0352	0.8862404	0.802247	0.39142	0.60858	5.272655
28686	-3801.937	-3947.757	145.8198	0.9638053	0.829868	0.374139	0.625861	5.330994
28692	-3802.069	-3948.035	145.9655	0.8181054	0.829868	0.375646	0.624354	5.330994
28698	-3808.952	-3954.71	145.7586	0.9689726	0.8797346	0.356498	0.643502	5.330994
28704	-3807.33	-3952.838	145.5082	0.9000573	0.9100022	0.295521	0.704479	5.488777
28710	-3817.388	-3962.181	144.7925	0.9000573	1.009256	0.332167	0.667833	5.825174
28716	-3806.613	-3951.352	144.7397	0.7871195	1.009256	0.280629	0.719371	5.915767
28722	-3822.528	-3968.634	146.1059	0.7227925	0.8714644	0.379319	0.620681	5.280215
28728	-3801.216	-3945.845	144.6291	0.7663703	0.7937126	0.36447	0.63553	6.114773
28734	-3807.411	-3952.376	144.9655	0.6741814	0.7937126	0.325348	0.674652	5.981667
28740	-3806.514	-3949.733	143.2193	0.8023667	1.026549	0.430396	0.569604	6.723819
28746	-3797.806	-3941.305	143.4985	0.824187	0.7520948	0.401738	0.598262	6.723819
28752	-3797.809	-3942.525	144.7157	0.7691913	0.7459392	0.338881	0.661119	6.097678
28758	-3805.067	-3949.692	144.6255	0.859335	0.7459392	0.287216	0.712784	6.097678
28764	-3800.769	-3946.674	145.9051	0.808875	0.8880158	0.505331	0.494669	5.333484
28770	-3801.119	-3946.884	145.7657	0.8685883	0.9632289	0.4669	0.5331	5.333484
28776	-3802.404	-3948.105	145.7009	0.8685883	0.8400102	0.335052	0.664948	5.442628
28782	-3794.184	-3938.96	144.7762	0.8568232	1.024068	0.414569	0.585431	5.849733
28788	-3794.039	-3938.699	144.6606	0.8756114	1.126262	0.352981	0.647019	5.849733
28794	-3809.287	-3953.886	144.5985	0.9001756	0.8807928	0.359274	0.640726	6.004356
28800	-3803.503	-3948.367	144.8642	0.8283115	0.781405	0.349522	0.650478	5.960869
28806	-3798.268	-3941.776	143.5079	0.8349348	0.890472	0.457807	0.542193	6.626264
28812	-3799.919	-3946.334	146.4152	0.9994684	0.8417588	0.443499	0.556501	4.974023
28818	-3791.22	-3937.434	146.2142	0.9347903	0.9935037	0.320033	0.679967	5.031601
28824	-3799.893	-3946.25	146.3568	0.9347903	1.07015	0.441063	0.558937	4.910713
28830	-3798.76	-3945.19	146.4295	0.9947149	0.9372155	0.358448	0.641552	4.910713
28836	-3799.719	-3946.174	146.4552	0.8847593	1.02015	0.417058	0.582942	4.910713
28842	-3794.568	-3941.057	146.4889	0.909945	0.7020932	0.354154	0.645846	5.076909
28848	-3789.596	-3934.645	145.0493	0.8403008	0.7844696	0.317523	0.682477	5.851194
28854	-3793.615	-3939.938	146.3224	0.8645474	0.7746342	0.35127	0.64873	5.144044
28860	-3801.291	-3947.692	146.4009	0.9222632	0.7435292	0.313381	0.686619	5.089701
28866	-3796.244	-3943.204	146.9599	0.9222632	0.7902576	0.467868	0.532132	4.746855
28872	-3798.974	-3945.821	146.8469	1.035338	0.7902576	0.398813	0.601187	4.746855
28878	-3801.563	-3949.028	147.4647	1.035338	0.8043633	0.356418	0.643582	4.390597
28884	-3808.983	-3953.738	144.7543	0.8536309	0.7632841	0.333354	0.666646	6.018963
28890	-3799.114	-3943.865	144.7509	0.8038257	0.6523416	0.367343	0.632657	6.12608
28896	-3803.982	-3948.232	144.2505	0.8038257	0.7881522	0.368319	0.631681	6.303896
28902	-3801.417	-3946.512	145.0949	0.8052835	0.9265493	0.266031	0.733969	5.757936
28908	-3805.109	-3950.062	144.9534	0.7258528	0.7817838	0.381832	0.618168	5.967856
28914	-3801.95	-3948.083	146.1327	0.8354198	0.7641171	0.360015	0.639985	5.272152
28920	-3805.09	-3950.232	145.142	0.8200563	0.6385295	0.307775	0.692225	5.91437
28926	-3801.785	-3949.557	147.7718	0.9836724	0.7175343	0.363417	0.636583	4.30639
28932	-3803.518	-3948.927	145.409	0.8620536	0.7175343	0.312747	0.687253	5.687684
28938	-3809.279	-3955.985	146.7055	0.8482384	0.7595701	0.370107	0.629893	4.950664
28944	-3803.583	-3948.635	145.0514	0.8751058	0.654381	0.364127	0.635873	5.921849
28950	-3790.005	-3933.684	143.6787	0.7165272	0.7665954	0.341172	0.658828	6.675048
28956	-3799.426	-3946.146	146.7195	0.8188958	1.023375	0.38758	0.61242	4.798335
28962	-3789.154	-3933.907	144.7534	0.8207817	0.8709491	0.330294	0.669706	5.969078
28968	-3810.86	-3957.114	146.2548	0.9017714	0.8401749	0.348931	0.651069	5.118257
28974	-3808.128	-3955.444	147.3163	0.9017714	0.9806452	0.353495	0.646505	4.441147
28980	-3810.36	-3956.712	146.3513	0.9434922	0.7783564	0.395837	0.604163	5.081746
28986	-3806.737	-3952.762	146.0251	0.9336822	0.7783564	0.25896	0.74104	5.267741
28992	-3823.68	-3971.965	148.2851	1.130838	1.277853	0.416089	0.583911	3.601334
28998	-3822.305	-3970.948	148.6434	1.076836	0.8592722	0.475552	0.524448	3.657681
29004	-3812.257	-3960.082	147.8245	1.099444	0.8820139	0.387255	0.612745	4.100308
29010	-3797.252	-3942.806	145.5547	0.9352152	0.8744953	0.377161	0.622839	5.465146
29016	-3804.613	-3949.855	145.2416	0.9352152	0.9018517	0.348994	0.651006	5.62078
29022	-3805.592	-3950.791	145.1987	0.8960155	0.9803131	0.31869	0.68131	5.62078
29028	-3803.202	-3947.609	144.4072	0.8367192	0.9599302	0.464559	0.535441	6.097307
29034	-3807.455	-3952.371	144.9165	0.8367192	0.9863078	0.479386	0.520614	5.804557
29040	-3798.554	-3943.618	145.0642	0.8367192	0.8480676	0.35339	0.64661	5.804557
29046	-3810.737	-3955.486	144.7493	0.9192136	0.7788645	0.296918	0.703082	5.97563
29052	-3802.933	-3948.323	145.3894	0.8485945	1.015188	0.303012	0.696988	5.522903
29058	-3796.69	-3942.211	145.5209	0.9018409	0.8407732	0.310913	0.689087	5.522903
29064	-3792.818	-3938.465	145.6476	0.8692931	0.7609621	0.44708	0.55292	5.522903
29070	-3798.872	-3943.74	144.8676	0.8352838	0.7241314	0.338212	0.661788	5.993795
29076	-3799.488	-3944.208	144.7199	0.8701232	0.8475452	0.320538	0.679462	5.974739
29082	-3810.031	-3954.842	144.8118	0.9118412	0.7177217	0.407471	0.592529	5.986927
29088	-3807.289	-3951.825	144.5359	0.9021383	1.057182	0.377565	0.622435	5.938703
29094	-3808.88	-3953.585	144.7051	0.833409	0.7963464	0.360296	0.639704	6.035149
29100	-3817.333	-3962.408	145.0745	0.9269843	0.8273682	0.492836	0.507164	5.76245
29106	-3808.954	-3954.78	145.8259	0.8858569	1.011374	0.341608	0.658392	5.263887
29112	-3810.002	-3956.69	146.6881	0.9439175	1.048542	0.323779	0.676221	4.732364
29118	-3803.136	-3950.192	147.0557	0.9439175	0.7161175	0.308156	0.691844	4.732364
29124	-3813.496	-3960.863	147.3679	1.087577	0.9551873	0.386715	0.613285	4.321884
29130	-3808.861	-3954.845	145.9842	0.7960145	0.8021466	0.387775	0.612225	5.350682
29136	-3810.354	-3956.414	146.0599	0.9094544	0.8696639	0.476196	0.523804	5.203585
29142	-3804.541	-3948.566	144.0251	0.7111634	0.7267439	0.361525	0.638475	6.517293
29148	-3819.536	-3962.395	142.8591	0.7692955	0.9184746	0.370036	0.629964	6.995481
29154	-3806.381	-3950.561	144.1796	0.8597295	0.9272753	0.359327	0.640673	6.227156
29160	-3802.419	-3947.477	145.0575	0.8227589	0.9272753	0.41745	0.58255	5.768441
29166	-3806.498	-3951.482	144.9847	0.840151	0.8821803	0.366389	0.633611	5.825368
29172	-3801.841	-3946.067	144.2258	0.7564814	0.9434763	0.45003	0.54997	6.24892
29178	-3801.531	-3947.261	145.7297	0.9246827	0.6612238	0.372247	0.627753	5.517901
29184	-3805.126	-3950.799	145.6728	0.7711326	0.9102557	0.393004	0.606996	5.469027
29190	-3801.92	-3948.606	146.6863	1.02789	1.08309	0.287556	0.712444	4.667956
29196	-3801.704	-3948.651	146.9475	0.9952597	0.8599581	0.376919	0.623081	4.667956
29202	-3793.972	-3940.851	146.879	0.9788364	0.9384162	0.409179	0.590821	4.667956
29208	-3808.942	-3954.014	145.0716	0.8803641	0.8313105	0.35712	0.64288	5.787025
29214	-3802.082	-3946.483	144.4008	0.8285407	1.005651	0.347284	0.652716	6.080003
29220	-3807.973	-3955.472	147.4985	0.9077443	0.833721	0.453798	0.546202	4.424261
29226	-3799.381	-3944.097	144.7155	0.8664814	0.833721	0.397224	0.602776	5.987691
29232	-3799.304	-3945.885	146.5803	1.007043	0.833721	0.479203	0.520797	4.883077
29238	-3798.516	-3943.83	145.3134	0.8483841	0.8692532	0.275005	0.724995	5.648642
29244	-3793.936	-3938.644	144.708	0.8483841	0.8369209	0.30857	0.69143	5.999658
29250	-3802.162	-3948.06	145.898	0.8483841	0.8369209	0.403488	0.596512	5.347113
29256	-3795.463	-3939.27	143.8068	0.8173449	0.9118866	0.32388	0.67612	6.461437
29262	-3793.437	-3938.473	145.0359	0.7826579	0.7808354	0.428387	0.571613	5.89242
29268	-3791.383	-3935.408	144.0254	0.8961708	0.7340818	0.383529	0.616471	6.411853
29274	-3796.122	-3941.176	145.054	0.9558523	0.7749358	0.3886	0.6114	5.791705
29280	-3791.589	-3936.643	145.0539	0.8075241	0.905107	0.397936	0.602064	5.791705
29286	-3805.526	-3950.668	145.1422	0.8075241	1.162842	0.513501	0.486499	5.605114
29292	-3814.523	-3960.585	146.062	0.898128	1.08946	0.378456	0.621544	5.084761
29298	-3817.656	-3963.765	146.1092	0.898128	1.103315	0.438952	0.561048	5.051374
29304	-3811.61	-3957.885	146.2758	0.9578784	0.8790975	0.347329	0.652671	5.051374
29310	-3796.433	-3942.409	145.9764	0.9578784	0.9108902	0.307724	0.692276	5.198129
29316	-3790.79	-3936.566	145.7758	0.9414652	0.9108902	0.306399	0.693601	5.318016
29322	-3789.972	-3934.068	144.0955	0.8012261	0.9108902	0.370624	0.629376	6.31411
29328	-3804.262	-3949.613	145.3508	0.9032749	1.133589	0.350644	0.649356	5.452293
29334	-3796.215	-3942.118	145.9034	0.8627177	0.6668316	0.415793	0.584207	5.452293
29340	-3792.77	-3939.028	146.2583	0.8892458	0.844509	0.386243	0.613757	5.120548
29346	-3787.121	-3932.915	145.7947	0.9700985	0.8001979	0.364781	0.635219	5.360452
29352	-3797.586	-3943.97	146.3843	1.019568	0.7863531	0.314218	0.685782	5.015898
29358	-3806.793	-3954.562	147.7694	1.033113	0.5643862	0.289842	0.710158	4.400064
29364	-3810.046	-3956.516	146.4696	1.033113	1.107703	0.388362	0.611638	4.773366
29370	-3803.293	-3950.014	146.7208	1.094908	0.7182875	0.383801	0.616199	4.833489
29376	-3802.589	-3948.774	146.1853	1.01395	0.7092299	0.320071	0.679929	5.182419
29382	-3809.466	-3956.56	147.0935	0.8914243	0.6278124	0.32068	0.67932	4.806715
29388	-3813.713	-3960.264	146.5509	0.8997711	1.099384	0.353015	0.646985	4.806715
29394	-3802.834	-3948.471	145.6365	1.00468	1.099384	0.307843	0.692157	5.256147
29400	-3799.348	-3946.723	147.3748	1.017801	0.6916568	0.279127	0.720873	4.529869
29406	-3815.697	-3962.301	146.6038	0.9269587	0.6175241	0.527218	0.472782	5.067498
29412	-3816.201	-3962.607	146.4051	0.9304261	0.9405334	0.352424	0.647576	4.958154
29418	-3813.21	-3958.973	145.7625	0.9796424	0.9405334	0.461141	0.538859	5.286974
29424	-3801.854	-3947.388	145.5335	0.8383718	0.864647	0.35112	0.64888	5.536058
29430	-3808.52	-3954.775	146.2549	0.8420937	0.6626611	0.3627	0.6373	5.272961
29436	-3803.203	-3948.194	144.9911	0.8312268	0.8818767	0.416597	0.583403	5.82691
29442	-3802.016	-3947.337	145.3204	0.9469674	0.9068088	0.476761	0.523239	5.568113
29448	-3803.85	-3948.316	144.4658	0.7479812	1.01078	0.305398	0.694602	6.085715
29454	-3806.938	-3951.482	144.5444	0.918263	1.030644	0.38189	0.61811	5.939303
29460	-3804.653	-3950.586	145.9329	1.046162	1.030644	0.34884	0.65116	5.105459
29466	-3805.624	-3953.185	147.5611	1.124226	0.9840409	0.346368	0.653632	4.174872
29472	-3810.843	-3955.56	144.7171	0.8480924	1.007711	0.456876	0.543124	5.895668
29478	-3804.928	-3950.091	145.1631	0.8402605	0.7084977	0.364	0.636	5.840586
29484	-3813.148	-3959.185	146.0376	0.7854024	0.5875043	0.292312	0.707688	5.482509
29490	-3802.27	-3947.548	145.2779	0.7951956	0.8065221	0.248082	0.751918	5.736491
29496	-3799.509	-3946.585	147.0752	1.028897	0.8065221	0.387749	0.612251	4.611887
29502	-3800.409	-3946.932	146.5234	0.9828462	0.8065221	0.338984	0.661016	4.945721
29508	-3802.286	-3949.714	147.4276	1.085262	1.118492	0.361986	0.638014	4.199197
29514	-3819.774	-3967.163	147.3889	0.9961861	0.5444972	0.352404	0.647596	4.651952
29520	-3813.361	-3959.503	146.1414	0.9068071	0.6855404	0.345708	0.654292	5.282989
29526	-3821.36	-3967.831	146.472	0.9702515	0.6243348	0.407779	0.592221	5.11126
29532	-3804.885	-3951.55	146.6657	1.003907	0.9109116	0.445612	0.554388	4.789483
29538	-3800.522	-3946.379	145.857	0.9068916	0.9109116	0.389997	0.610003	5.29229
29544	-3807.858	-3953.683	145.8244	0.8679194	0.9794239	0.361052	0.638948	5.29229
29550	-3806.351	-3953.036	146.6858	1.124109	0.7818025	0.337424	0.662576	4.792851
29556	-3799.768	-3947.372	147.6049	1.078738	0.7818025	0.371736	0.628264	4.302005
29562	-3800.375	-3947.623	147.2483	1.037149	0.8481496	0.42022	0.57978	4.48304
29568	-3807.406	-3954.432	147.0254	0.982137	0.9802467	0.30042	0.69958	4.559821
29574	-3798.723	-3945.484	146.7615	0.9966919	0.900171	0.3563	0.6437	4.746488
29580	-3804.059	-3949.577	145.5176	0.902363	0.900171	0.271207	0.728793	5.488177
29586	-3805.55	-3950.206	144.6561	0.8975281	1.152261	0.494968	0.505032	5.827349
29592	-3809.085	-3955.371	146.2862	0.8663054	0.8284331	0.322077	0.677923	5.127985
29598	-3802.299	-3948.267	145.9684	0.8628327	0.8284331	0.376019	0.623981	5.305651
29604	-3810.256	-3956.072	145.816	1.038033	0.80875	0.413878	0.586122	5.305651
29610	-3805.002	-3950.879	145.8768	0.9772997	0.80875	0.334291	0.665709	5.305651
29616	-3808.355	-3953.801	145.4459	0.8610131	0.7443903	0.31209	0.68791	5.649471
29622	-3809.695	-3955.141	145.4459	0.8610131	0.7443903	0.419452	0.580548	5.649471
29628	-3806.881	-3952.706	145.8254	0.9940771	0.6348047	0.342873	0.657127	5.447101
29634	-3811.499	-3957.572	146.0732	0.8745888	0.7566847	0.381288	0.618712	5.288383
29640	-3803.578	-3949.493	145.9146	0.8031379	0.7695927	0.376434	0.623566	5.406567
29646	-3811.868	-3957.154	145.2856	0.8353185	0.8660487	0.374194	0.625806	5.67297
29652	-3814.357	-3960.086	145.7288	0.821368	1.022818	0.477765	0.522235	5.346829
29658	-3810.041	-3955.84	145.7991	0.8603527	0.9161197	0.360303	0.639697	5.346829
29664	-3818.991	-3964.979	145.9882	0.8603527	0.7512574	0.491659	0.508341	5.346829
29670	-3814.867	-3960.986	146.1193	0.9288091	0.601996	0.429971	0.570029	5.346829
29676	-3816.095	-3962.093	145.9985	0.7979619	0.6972532	0.469362	0.530638	5.413335
29682	-3802.467	-3947.162	144.6954	0.8351631	0.9090634	0.40069	0.59931	5.970191
29688	-3803.933	-3948.265	144.3327	0.7628995	0.7462918	0.325296	0.674704	6.309171
29694	-3818.965	-3966.205	147.2402	1.05063	0.7557463	0.407324	0.592676	4.541312
29700	-3808.863	-3955.879	147.0157	1.032872	0.9722678	0.248248	0.751752	4.541312
29706	-3801.791	-3949.485	147.6942	1.002344	0.6778913	0.341291	0.658709	4.368872
29712	-3797.811	-3944.375	146.5646	0.8807383	0.9245993	0.438964	0.561036	4.90641
29718	-3794.503	-3941.068	146.5646	0.8807383	0.9245993	0.454081	0.545919	4.90641
29724	-3807.924	-3952.777	144.853	0.9020529	0.9245993	0.43528	0.56472	5.838486
29730	-3798.202	-3943.645	145.4436	0.8771492	0.8687403	0.474448	0.525552	5.561678
29736	-3807.582	-3952.789	145.2069	0.8188655	1.16621	0.342126	0.657874	5.561678
29742	-3801.718	-3946.805	145.0873	0.807413	1.031642	0.381726	0.618274	5.702438
29748	-3802.367	-3947.479	145.1114	0.8197207	0.9948925	0.296057	0.703943	5.702438
29754	-3797.353	-3943.434	146.0808	0.8836562	0.8281287	0.3526	0.6474	5.232263
29760	-3794.098	-3940.266	146.1677	0.7967166	0.8281287	0.349644	0.650356	5.232263
29766	-3794.187	-3938.658	144.4707	0.8397274	0.9326652	0.374738	0.625262	6.07652
29772	-3799.952	-3945.106	145.1541	0.8722658	0.9192125	0.467083	0.532917	5.693096
29778	-3810.707	-3956.236	145.5293	0.8476605	0.8617456	0.444529	0.555471	5.535041
29784	-3805.405	-3949.793	144.3884	0.8916206	0.8938364	0.367967	0.632033	6.115726
29790	-3802.099	-3947.497	145.3977	0.8791679	0.8170421	0.33698	0.66302	5.618008
29796	-3801.73	-3946.401	144.6708	0.7976831	0.8170421	0.333025	0.666975	6.060082
29802	-3807.942	-3953.554	145.6116	0.8055899	0.9855248	0.343995	0.656005	5.440587
29808	-3806.416	-3950.983	144.5676	0.8055899	1.058584	0.41721	0.58279	5.973348
29814	-3820.054	-3965.086	145.0315	0.7809924	0.5990105	0.293377	0.706623	6.026661
29820	-3816.794	-3961.275	144.4812	0.7753739	1.078469	0.508002	0.491998	6.026661
29826	-3814.978	-3960.626	145.6484	0.8405852	0.7286063	0.281931	0.718069	5.560377
29832	-3798.765	-3944.273	145.5088	0.9533125	0.8647532	0.354643	0.645357	5.486411
29838	-3791.438	-3937.214	145.7761	0.9243097	0.8881362	0.31904	0.68096	5.340912
29844	-3797.759	-3942.791	145.0328	0.8275316	0.8881362	0.28311	0.71689	5.802362
29850	-3800.435	-3945.287	144.8522	0.8979715	0.7818348	0.357299	0.642701	5.929089
29856	-3803.016	-3949.623	146.6078	0.9338016	0.8626084	0.431688	0.568312	4.890313
29862	-3812.504	-3958.338	145.8334	0.9453915	0.7389388	0.302756	0.697244	5.39373
29868	-3798.951	-3944.341	145.3902	0.9140155	0.7389388	0.258093	0.741907	5.654661
29874	-3794.766	-3941.523	146.7569	1.003189	0.6615428	0.351447	0.648553	4.906113
29880	-3794.531	-3940.345	145.8136	0.8345802	0.7231098	0.399948	0.600052	5.476642
29886	-3795.006	-3941.607	146.6003	1.006483	0.7231098	0.429959	0.570041	4.946448
29892	-3804.523	-3951.895	147.3722	1.042125	0.8659893	0.457409	0.542591	4.399187
29898	-3807.366	-3952.403	145.0366	1.050534	0.9331973	0.252023	0.747977	5.651665
29904	-3814.111	-3960.936	146.8252	0.8962544	1.314547	0.356222	0.643778	4.550437
29910	-3810.602	-3955.914	145.3124	0.8566929	1.151572	0.423505	0.576495	5.490078
29916	-3811.648	-3957.131	145.4836	0.9312666	1.084206	0.319518	0.680482	5.38888
29922	-3804.787	-3950.229	145.4426	0.8476167	0.821784	0.306014	0.693986	5.607667
29928	-3796.171	-3941.311	145.1404	0.93126	0.7973568	0.313788	0.686212	5.743158
29934	-3794.576	-3939.71	145.1342	0.8217603	0.8996813	0.284849	0.715151	5.743158
29940	-3804.775	-3949.217	144.4422	0.8217603	0.7482806	0.382899	0.617101	6.21631
29946	-3808.55	-3952.751	144.2013	0.8666199	0.9191238	0.371579	0.628421	6.21631
29952	-3807.402	-3950.62	143.2178	0.749582	1.019605	0.456662	0.543338	6.756814
29958	-3805.952	-3950.496	144.5438	0.80756	0.9787371	0.339096	0.660904	6.028251
29964	-3809.459	-3954.674	145.2155	0.80756	1.111469	0.457543	0.542457	5.590433
29970	-3812.491	-3958.345	145.8539	1.01784	0.8926439	0.385251	0.614749	5.243614
29976	-3814.426	-3960.589	146.1637	0.8995954	1.131469	0.338052	0.661948	5.005943
29982	-3804.788	-3949.758	144.9699	0.8158041	0.9729632	0.342308	0.657692	5.794206
29988	-3811.279	-3956.217	144.9378	0.8479553	0.9729632	0.458783	0.541217	5.794206
29994	-3816.191	-3961.335	145.1433	0.8201962	0.8101	0.285124	0.714876	5.794206
30000	-3807.779	-3953.674	145.8945	0.8508585	0.94591	0.463822	0.536178	5.282072
30006	-3809.337	-3955.554	146.2165	0.8478679	0.6746557	0.462367	0.537633	5.282072
30012	-3811.024	-3954.789	143.7648	0.7765253	0.6746557	0.439335	0.560665	6.65942
30018	-3808.344	-3952.795	144.4512	0.8269329	1.161394	0.417836	0.582164	5.973369
30024	-3828.143	-3975.239	147.096	0.9508617	1.098445	0.43022	0.56978	4.473062
30030	-3815.117	-3960.956	145.8394	0.8738103	1.098445	0.463318	0.536682	5.21681
30036	-3807.272	-3953.135	145.8637	0.8491579	0.9846877	0.37757	0.62243	5.278017
30042	-3823.037	-3968.617	145.5807	0.9676383	1.15774	0.306224	0.693776	5.278017
30048	-3822.871	-3968.692	145.8214	0.8854609	0.8720286	0.445057	0.554943	5.347125
30054	-3805.729	-3951.817	146.0877	0.8854609	0.7222948	0.297899	0.702101	5.298117
30060	-3802.816	-3948.959	146.1434	0.8796737	0.6838526	0.410027	0.589973	5.298117
30066	-3797.951	-3943.378	145.4262	0.9277576	0.9030219	0.35733	0.64267	5.522805
30072	-3804.337	-3950.035	145.6983	0.8808688	0.922436	0.325116	0.674884	5.387398
30078	-3815.63	-3960.51	144.8802	0.8465831	0.922436	0.37525	0.62475	5.855193
30084	-3798.148	-3943.139	144.9913	0.8761624	0.748614	0.419286	0.580714	5.887142
30090	-3804.652	-3949.049	144.3971	0.885557	0.748614	0.345623	0.654377	6.205902
30096	-3809.336	-3953.106	143.7695	0.7265699	0.9309007	0.318085	0.681915	6.519869
30102	-3799.503	-3945.674	146.1715	0.9717199	0.8360949	0.32463	0.67537	5.128256
30108	-3804.648	-3950.213	145.5654	0.8617921	0.8087375	0.441171	0.558829	5.540751
30114	-3805.378	-3950.446	145.0677	0.8115913	0.7214922	0.319258	0.680742	5.899302
30120	-3813.953	-3959.593	145.6396	0.8749416	0.6928971	0.355541	0.644459	5.571559
30126	-3808.458	-3953.921	145.4627	0.8600441	0.7255374	0.400255	0.599745	5.653777
30132	-3826.382	-3971.858	145.4765	0.8099768	1.062577	0.347063	0.652937	5.470898
30138	-3814.447	-3962.233	147.7856	1.078908	0.7982032	0.397141	0.602859	4.188391
30144	-3818.935	-3966.099	147.1633	1.029134	0.7616995	0.361767	0.638233	4.592427
30150	-3814.243	-3958.79	144.5469	0.9209577	0.8463563	0.32422	0.67578	6.042106
30156	-3817.062	-3961.756	144.6938	0.761355	0.8576441	0.342181	0.657819	6.042106
30162	-3813.097	-3956.658	143.5613	0.761355	0.7669091	0.342904	0.657096	6.714047
30168	-3807.103	-3950.302	143.1986	0.8345551	1.03336	0.380402	0.619598	6.714047
30174	-3810.24	-3954.664	144.4246	0.7208651	0.8106548	0.489527	0.510473	6.239921
30180	-3802.986	-3949.49	146.5044	1.000873	0.7691843	0.481727	0.518273	4.971054
30186	-3790.347	-3935.95	145.6034	0.934943	0.7691843	0.405848	0.594152	5.505617
30192	-3802.245	-3948.913	146.6672	0.9610314	0.9276457	0.345946	0.654054	4.802622
30198	-3793.452	-3940.086	146.6337	0.9610314	0.9276457	0.421905	0.578095	4.82134
30204	-3792.606	-3939.1	146.494	0.9166567	0.7028876	0.353881	0.646119	5.069794
30210	-3796.033	-3942.325	146.2919	0.8766821	0.9885653	0.338634	0.661366	5.023482
30216	-3803.168	-3949.354	146.1863	0.8983878	0.7785521	0.330733	0.669267	5.198034
30222	-3806.598	-3951.646	145.0479	0.8584565	0.7785521	0.319037	0.680963	5.845908
30228	-3796.198	-3942.139	145.9412	1.052996	0.7785521	0.391751	0.608249	5.248066
30234	-3798.481	-3946.549	148.0685	1.132701	0.7006321	0.265271	0.734729	4.06565
30240	-3807.843	-3955.122	147.2795	1.057171	0.9497574	0.420275	0.579725	4.392141
30246	-3793.989	-3941.526	147.5371	1.025913	0.7498685	0.379528	0.620472	4.392141
30252	-3800.754	-3948.016	147.2617	0.9862809	0.6649754	0.436774	0.563226	4.630993
30258	-3803.652	-3948.912	145.2597	0.909128	0.8923327	0.312398	0.687602	5.630846
30264	-3802.219	-3948.065	145.8457	0.9280369	0.6722528	0.426467	0.573533	5.444054
30270	-3805.982	-3950.766	144.7835	0.9021781	0.966598	0.277007	0.722993	5.852496
30276	-3800.135	-3945.519	145.3835	0.8675519	0.9270987	0.303955	0.696045	5.565195
30282	-3816.923	-3962.791	145.8681	0.9381898	0.7815069	0.290342	0.709658	5.349849
30288	-3819.034	-3962.902	143.8671	0.7321646	0.8844117	0.308408	0.691592	6.491017
30294	-3815.586	-3963.022	147.436	0.8214236	0.7401758	0.436078	0.563922	4.570911
30300	-3792.572	-3939.705	147.1337	0.9533844	0.9899515	0.304988	0.695012	4.509572
30306	-3801.078	-3947.511	146.4327	0.9533844	0.9511857	0.429314	0.570686	4.923837
30312	-3805.134	-3950.795	145.6616	0.8298212	0.8593166	0.275098	0.724902	5.473594
30318	-3808.433	-3953.089	144.6561	0.8368723	0.7513926	0.361678	0.638322	6.089606
30324	-3801.799	-3947.515	145.7159	0.8368723	0.720562	0.395206	0.604794	5.530922
30330	-3802.078	-3946.755	144.6776	0.8168125	0.8371882	0.335731	0.664269	6.033298
30336	-3819.054	-3962.389	143.3351	0.7488879	0.6251195	0.372563	0.627437	6.942957
30342	-3808.594	-3953.549	144.955	0.8317964	0.8540865	0.420276	0.579724	5.863216
30348	-3802.814	-3949.651	146.8369	0.9042712	0.7704563	0.336384	0.663616	4.838891
30354	-3807.151	-3951.807	144.656	0.8227464	0.8388261	0.359585	0.640415	6.040802
30360	-3819.333	-3967.107	147.774	1.024523	0.9766403	0.246234	0.753766	4.114791
30366	-3816.092	-3963.733	147.641	1.111452	0.7441433	0.428559	0.571441	4.289112
30372	-3806.975	-3954.778	147.8034	0.9803365	0.7432212	0.36338	0.63662	4.272033
30378	-3803.314	-3950.561	147.2472	0.873798	0.7432212	0.313705	0.686295	4.64529
30384	-3812.604	-3958.163	145.5587	0.873798	0.8886088	0.438049	0.561951	5.488181
30390	-3817.371	-3961.972	144.6012	0.7514187	0.8505283	0.40743	0.59257	6.102312
30396	-3820.927	-3965.873	144.9453	0.7814447	0.923917	0.441925	0.558075	5.854376
30402	-3808.562	-3954.532	145.9705	0.8483365	0.8099877	0.255209	0.744791	5.324266
30408	-3798.818	-3944.805	145.9876	0.8313105	0.8099877	0.378453	0.621547	5.324266
30414	-3799.124	-3945.291	146.167	0.8669904	0.6855066	0.34433	0.65567	5.29088
30420	-3793.394	-3938.136	144.7421	0.8128638	0.9298596	0.403684	0.596316	5.944778
30426	-3805.461	-3952.887	147.4264	1.031141	0.9298596	0.32788	0.67212	4.335653
30432	-3806.683	-3953.882	147.199	1.031141	0.9937762	0.465641	0.534359	4.426885
30438	-3802.016	-3950.248	148.2324	0.9934808	0.7726009	0.436331	0.563669	4.000039
30444	-3798.113	-3943.014	144.9005	0.9934808	0.6959093	0.357757	0.642243	5.909313
30450	-3812.024	-3956.487	144.4622	0.8212254	0.9446366	0.39565	0.60435	6.084406
30456	-3813.543	-3959.28	145.7367	0.9171027	0.9446366	0.333813	0.666187	5.333313
30462	-3808.112	-3953.724	145.6125	0.9196015	1.066808	0.34499	0.65501	5.333313
30468	-3807.121	-3952.129	145.0083	0.7874879	0.842857	0.432819	0.567181	5.86528
30474	-3802.437	-3947.888	145.4504	0.905235	0.8131486	0.369254	0.630746	5.577274
30480	-3813.089	-3959.348	146.2585	1.065319	0.8131486	0.373353	0.626647	5.042803
30486	-3808.15	-3955.957	147.8075	1.014317	0.8131486	0.308143	0.691857	4.202658
30492	-3804.779	-3950.64	145.861	0.8207638	0.8131486	0.418913	0.581087	5.397845
30498	-3812.274	-3958.597	146.323	1.037069	0.7628984	0.416552	0.583448	5.055944
30504	-3811.397	-3958.002	146.6049	0.8715252	0.7628984	0.377658	0.622342	4.991364
30510	-3797.026	-3942.717	145.6907	0.9120011	0.9757009	0.467889	0.532111	5.343878
30516	-3786.743	-3932.593	145.8505	0.9003792	0.838128	0.320324	0.679676	5.343878
30522	-3804.667	-3949.434	144.7665	0.8480341	1.054695	0.347659	0.652341	5.843588
30528	-3804.841	-3950.886	146.045	0.8480341	0.8834464	0.379727	0.620273	5.237363
30534	-3800.765	-3946.814	146.0492	0.9004196	0.8329777	0.364491	0.635509	5.237363
30540	-3808.621	-3954.476	145.855	0.9696311	0.9474984	0.436813	0.563187	5.237363
30546	-3801.188	-3946.578	145.3899	0.8257374	0.8068293	0.391837	0.608163	5.658139
30552	-3803.089	-3948.412	145.3233	0.8502292	0.8433168	0.432034	0.567966	5.658139
30558	-3807.153	-3951.918	144.7648	0.8776578	0.8580014	0.327465	0.672535	5.939682
30564	-3795.545	-3940.374	144.8288	0.8120082	0.8393299	0.458514	0.541486	5.952087
30570	-3794.25	-3938.454	144.2043	0.8120082	0.8393299	0.336973	0.663027	6.29215
30576	-3802.053	-3946.298	144.2454	0.8159246	0.8004836	0.404495	0.595505	6.29215
30582	-3805.692	-3951.513	145.8205	0.8858944	0.640083	0.226653	0.773347	5.505249
30588	-3806.502	-3953.53	147.0277	1.094628	0.8692712	0.32505	0.67495	4.561457
30594	-3808.347	-3955.349	147.0027	1.100109	0.886962	0.268258	0.731742	4.561457
30600	-3805.689	-3953.044	147.3553	1.053906	0.7988882	0.38498	0.61502	4.445441
30606	-3799.928	-3944.041	144.1124	0.7520464	0.7988882	0.365804	0.634196	6.400028
30612	-3813.518	-3962.146	148.6282	1.184532	0.7229321	0.316328	0.683672	3.69815
30618	-3800.125	-3948.253	148.1286	1.146283	0.7229321	0.404829	0.595171	4.007244
30624	-3806.745	-3951.432	144.6865	1.037662	0.7042688	0.312309	0.687691	5.996049
30630	-3812.718	-3957.916	145.1987	0.8843333	0.856739	0.350776	0.649224	5.699478
30636	-3816.528	-3962.82	146.292	0.8185334	0.856739	0.28297	0.71703	5.133428
30642	-3811.752	-3959.682	147.9299	0.9978751	0.9401339	0.357377	0.642623	4.062608
30648	-3815.886	-3963.782	147.8961	1.079808	0.8950477	0.424901	0.575099	4.062608
30654	-3815.256	-3962.667	147.4113	0.9403285	0.7139822	0.409212	0.590788	4.536593
30660	-3808.903	-3954.442	145.5389	0.8960619	0.7410508	0.354409	0.645591	5.581458
30666	-3808.823	-3953.373	144.5504	0.8442107	0.9506721	0.264106	0.735894	6.020371
30672	-3805.904	-3951.659	145.7552	0.8442107	0.7768094	0.353547	0.646453	5.466916
30678	-3806.007	-3951.601	145.5933	0.8191382	0.9158121	0.366753	0.633247	5.483056
30684	-3795.352	-3941.96	146.6084	0.9393127	0.9158121	0.334624	0.665376	4.854572
30690	-3805.177	-3950.434	145.2571	0.8992316	0.7204444	0.552213	0.447787	5.748501
30696	-3798.036	-3943.093	145.0568	0.7859694	0.7146199	0.439132	0.560868	5.924075
30702	-3800.012	-3944.97	144.9577	0.9384039	0.6738298	0.321481	0.678519	5.924075
30708	-3804.619	-3949.634	145.0144	0.8210575	0.7202719	0.451676	0.548324	5.924075
30714	-3817.163	-3961.27	144.107	0.8201713	0.7379926	0.421624	0.578376	6.406143
30720	-3802.778	-3948.722	145.9438	0.8515874	0.7894008	0.376103	0.623897	5.350623
30726	-3807.248	-3952.717	145.4691	0.9812786	0.7781385	0.462632	0.537368	5.547981
30732	-3813.125	-3958	144.875	0.819217	0.9422549	0.386352	0.613648	5.861587
30738	-3804.109	-3950.713	146.6048	0.9743006	1.007407	0.340101	0.659899	4.78444
30744	-3797.781	-3944.911	147.1298	0.9157885	0.8514372	0.384766	0.615234	4.615736
30750	-3791.293	-3937.572	146.2783	0.9657767	0.8514372	0.317651	0.682349	5.062698
30756	-3792.132	-3937.593	145.4613	0.9657767	0.7767018	0.434648	0.565352	5.561773
30762	-3797.024	-3942.669	145.6453	0.7817476	0.7767018	0.43817	0.56183	5.561773
30768	-3809.195	-3953.596	144.401	0.7659168	0.680975	0.434162	0.565838	6.31592
30774	-3800.401	-3945.937	145.5353	0.887163	0.7599027	0.340677	0.659323	5.57552
30780	-3815.598	-3960.874	145.2754	0.921739	0.7325724	0.471407	0.528593	5.717742
30786	-3815.114	-3959.241	144.1271	0.7657416	0.6422844	0.408706	0.591294	6.493038
30792	-3811.52	-3955.979	144.4592	0.8382154	1.010622	0.303397	0.696603	6.040188
30798	-3803.087	-3947.923	144.8356	0.8188436	0.6956757	0.337072	0.662928	6.040188
30804	-3812.154	-3958.703	146.5487	0.919259	0.6956757	0.442603	0.557397	5.043252
30810	-3808.041	-3954.59	146.5487	0.919259	0.6956757	0.46155	0.53845	5.043252
30816	-3811.244	-3954.877	143.6326	0.7947117	0.7947649	0.384677	0.615323	6.639382
30822	-3799.04	-3946.859	147.8188	1.000534	0.7334043	0.324831	0.675169	4.258829
30828	-3804.501	-3951.821	147.3203	0.9952626	0.7334043	0.400399	0.599601	4.543033
30834	-3792.325	-3939.634	147.3085	1.054648	0.7016409	0.393471	0.606529	4.539106
30840	-3795.275	-3940.579	145.3047	0.894263	0.7016409	0.363604	0.636396	5.738417
30846	-3794.446	-3938.736	144.2896	0.7850944	0.8356501	0.410908	0.589092	6.262669
30852	-3786.674	-3931.596	144.9226	0.8221763	0.7495364	0.366373	0.633627	5.953534
30858	-3792.704	-3937.472	144.7677	0.8740019	0.8362278	0.301253	0.698747	5.953534
30864	-3800.206	-3947.152	146.9452	1.13503	0.8362278	0.417699	0.582301	4.605972
30870	-3814.701	-3961.466	146.7651	1.042769	0.8678084	0.291571	0.708429	4.738548
30876	-3805.892	-3952.756	146.8641	1.025903	0.9165489	0.329175	0.670825	4.662912
30882	-3800.918	-3947.157	146.2391	0.9299191	0.9165489	0.339104	0.660896	5.064736
30888	-3804.457	-3949.821	145.3641	0.8392816	0.6651378	0.435441	0.564559	5.762456
30894	-3808.184	-3952.113	143.9286	0.8689347	0.9216181	0.42919	0.57081	6.361745
30900	-3812.053	-3958.174	146.1215	0.8287223	0.9021296	0.317867	0.682133	5.194504
30906	-3805.424	-3949.444	144.0207	0.7574984	0.9666754	0.38939	0.61061	6.34672
30912	-3806.13	-3950.688	144.5577	0.8801744	1.160636	0.380443	0.619557	5.886498
30918	-3812.777	-3957.854	145.0772	0.9067292	1.126384	0.471149	0.528851	5.604373
30924	-3807.25	-3952.051	144.8007	0.9776507	1.201101	0.365711	0.634289	5.680618
30930	-3814.339	-3959.446	145.1069	0.7532151	1.109985	0.374144	0.625856	5.680618
30936	-3811.16	-3955.976	144.8158	0.9551028	1.068501	0.324733	0.675267	5.750801
30942	-3811.254	-3957.833	146.5792	1.06999	0.8355247	0.419285	0.580715	4.847464
30948	-3799.711	-3946.085	146.3741	1.030852	0.717809	0.339312	0.660688	5.062304
30954	-3801.747	-3947.378	145.6309	0.9270917	0.6651897	0.438127	0.561873	5.567948
30960	-3802.875	-3948.2	145.3251	0.7888238	0.7620909	0.4439	0.5561	5.743275
30966	-3809.898	-3955.153	145.2546	0.9168203	0.7161324	0.381715	0.618285	5.743275
30972	-3799.934	-3946.441	146.5067	0.9528864	0.8503715	0.368178	0.631822	4.943658
30978	-3795.215	-3941.815	146.6003	0.9854826	0.8559107	0.391157	0.608843	4.8699
30984	-3801.817	-3945.774	143.9566	0.7196378	0.8298759	0.391784	0.608216	6.482488
30990	-3802.675	-3946.569	143.8945	0.7817352	0.8298759	0.4374	0.5626	6.482488
30996	-3794.766	-3938.667	143.9016	0.7856054	0.820357	0.424002	0.575998	6.482488
31002	-3795.769	-3941.898	146.1289	1.050901	0.820357	0.311377	0.688623	5.118001
31008	-3797.971	-3944.971	146.9994	0.9411762	0.9861655	0.381403	0.618597	4.594029
31014	-3796.38	-3943.657	147.2772	1.00087	0.8278552	0.303501	0.696499	4.500255
31020	-3808.609	-3956.543	147.934	0.9597592	1.035398	0.423985	0.576015	4.027136
31026	-3816.852	-3961.338	144.486	0.7702484	1.035398	0.401728	0.598272	6.049366
31032	-3804.553	-3950.767	146.2133	0.9824352	0.779991	0.27655	0.72345	5.135582
31038	-3805.693	-3950.871	145.1782	0.8776425	0.779991	0.380572	0.619428	5.763176
31044	-3816.233	-3962.444	146.2112	0.827041	0.7771417	0.398918	0.601082	5.22466
31050	-3798.09	-3944.077	145.9871	0.9001411	0.6771376	0.309722	0.690278	5.377929
31056	-3796.803	-3939.636	142.8335	0.889212	0.8674474	0.300178	0.699822	6.974601
31062	-3792.845	-3937.479	144.6336	0.783841	0.7847789	0.42843	0.57157	6.108627
31068	-3802.626	-3947.255	144.6291	0.7882884	0.7847789	0.29539	0.70461	6.108627
31074	-3805.777	-3951.152	145.3754	0.9716782	0.9340633	0.368242	0.631758	5.508411
31080	-3796.723	-3942.118	145.3954	0.884915	0.9990885	0.319084	0.680916	5.508411
31086	-3804.062	-3949.436	145.3741	1.019755	0.8903389	0.356057	0.643943	5.508411
31092	-3812.397	-3960.931	148.5346	1.019565	0.7276644	0.365695	0.634305	3.84374
31098	-3808.458	-3956.095	147.637	1.062763	0.6734988	0.376378	0.623622	4.37041
31104	-3812.555	-3959.902	147.3472	1.151689	0.83618	0.346642	0.653358	4.37041
31110	-3813.317	-3958.606	145.2897	0.891995	0.8867276	0.404827	0.595173	5.627141
31116	-3804.966	-3950.246	145.2791	0.9026051	0.8867276	0.363948	0.636052	5.627141
31122	-3805.902	-3951.19	145.288	0.9066798	0.8749497	0.324461	0.675539	5.627141
31128	-3791.33	-3936.943	145.613	0.8485702	0.9501409	0.352323	0.647677	5.436118
31134	-3790.495	-3936.047	145.5521	0.9824102	0.9501409	0.308856	0.691144	5.395964
31140	-3793.75	-3937.853	144.1022	0.9195563	1.130375	0.334477	0.665523	6.128334
31146	-3800.811	-3945.312	144.5011	0.7910523	0.8617885	0.267364	0.732636	6.128334
31152	-3808.912	-3953.687	144.7756	0.7336152	0.6830784	0.30028	0.69972	6.128334
31158	-3807.292	-3952.351	145.0582	0.7208039	0.8253102	0.4735	0.5265	5.885407
31164	-3797.318	-3942.953	145.6348	0.7953516	0.8253102	0.351696	0.648304	5.528582
31170	-3801.726	-3947.853	146.127	0.8222753	0.8253102	0.528724	0.471276	5.242444
31176	-3797.349	-3942.83	145.4806	0.8733274	0.7336216	0.276055	0.723945	5.631059
31182	-3798.882	-3944.342	145.4602	0.9041612	0.7253216	0.486246	0.513754	5.631059
31188	-3806.006	-3952.271	146.2645	1.023816	1.033037	0.369097	0.630903	4.932406
31194	-3803.782	-3949.807	146.0254	0.9423668	0.8556394	0.310115	0.689885	5.213122
31200	-3797.693	-3943.231	145.5386	0.8881825	0.8556394	0.407431	0.592569	5.511439
31206	-3802.583	-3948.122	145.5386	0.8881825	0.8556394	0.346147	0.653853	5.511439
31212	-3802.153	-3946.295	144.1422	0.7564504	0.8627007	0.34787	0.65213	6.341698
31218	-3811.887	-3956.86	144.9731	0.704267	0.6728526	0.299598	0.700402	6.044129
31224	-3803.816	-3950.074	146.2579	0.8255045	0.748207	0.359233	0.640767	5.219215
31230	-3813.944	-3960.076	146.1325	0.8255045	0.748207	0.383988	0.616012	5.288505
31236	-3805.386	-3952.628	147.2416	0.9631077	0.758466	0.416793	0.583207	4.587799
31242	-3802.787	-3949.854	147.0668	0.9874155	0.8885573	0.417719	0.582281	4.587799
31248	-3803.292	-3949.669	146.377	0.9335082	0.6914827	0.399774	0.600226	5.133565
31254	-3806.486	-3953.287	146.8002	0.9335082	0.7326947	0.379339	0.620661	4.86902
31260	-3806.904	-3953.505	146.6019	0.9335082	0.7326947	0.459374	0.540626	4.979406
31266	-3795.857	-3940.547	144.6903	0.8570745	0.6612783	0.358931	0.641069	6.123454
31272	-3803.131	-3948.434	145.3032	0.7952368	0.6612783	0.36986	0.63014	5.822754
31278	-3789.242	-3934.212	144.9703	0.8365449	1.23582	0.486948	0.513052	5.648577
31284	-3787.305	-3932.146	144.8412	0.8365449	0.7632405	0.415548	0.584452	5.980946
31290	-3799.821	-3945.487	145.6652	0.9594798	0.7632405	0.436969	0.563031	5.462094
31296	-3810.683	-3956.488	145.8053	0.9594798	0.9594071	0.302222	0.697778	5.263629
31302	-3810.24	-3955.345	145.1058	0.8421263	0.8306399	0.37325	0.62675	5.789682
31308	-3811.654	-3956.751	145.0972	0.9271521	0.8306399	0.364144	0.635856	5.747848
31314	-3814.666	-3959.401	144.735	0.853941	0.9840834	0.387957	0.612043	5.895613
31320	-3813.471	-3958.155	144.6837	0.8409789	0.9209911	0.339287	0.660713	5.966462
31326	-3815.604	-3960.3	144.696	0.8560388	0.9704165	0.397231	0.602769	5.923351
31332	-3814.861	-3960.294	145.4334	0.9340237	0.630254	0.458307	0.541693	5.698909
31338	-3811.368	-3956.231	144.8636	0.8854188	1.196467	0.276238	0.723762	5.698909
31344	-3807.067	-3953.067	145.9997	0.9118728	0.8336449	0.297846	0.702154	5.257966
31350	-3815.13	-3961.371	146.2416	0.9118728	0.8336449	0.422153	0.577847	5.124113
31356	-3809.118	-3955.326	146.2079	0.9397548	0.8387981	0.324409	0.675591	5.124113
31362	-3792.735	-3937.687	144.9525	0.8397822	0.755909	0.283288	0.716712	5.923288
31368	-3805.253	-3950.313	145.0604	0.8303334	0.8756487	0.378701	0.621299	5.793253
31374	-3803.471	-3948.053	144.5825	0.7277822	0.8158915	0.368807	0.631193	6.14697
31380	-3802.333	-3946.529	144.1952	0.7667167	0.9012266	0.417669	0.582331	6.284377
31386	-3793.863	-3937.443	143.5803	0.7749385	0.8298961	0.418566	0.581434	6.656209
31392	-3801.762	-3946.074	144.3127	0.8449085	0.8711299	0.325075	0.674925	6.195927
31398	-3804.055	-3948.268	144.2138	0.9437512	0.8711299	0.45003	0.54997	6.195927
31404	-3806.779	-3951.683	144.9047	0.794317	0.7919681	0.307414	0.692586	5.95044
31410	-3805.59	-3950.553	144.963	0.7807672	0.7549406	0.275094	0.724906	5.95044
31416	-3806.785	-3952.408	145.6233	0.7044265	0.6058269	0.258116	0.741884	5.739681
31422	-3811.284	-3956.675	145.391	0.9367761	0.6058269	0.368959	0.631041	5.739681
31428	-3802.732	-3948.071	145.3389	0.7995837	0.6752399	0.395211	0.604789	5.790563
31434	-3793.369	-3939.379	146.0098	0.9130846	0.6231433	0.385192	0.614808	5.39919
31440	-3797.565	-3942.673	145.1077	0.7908595	0.8277069	0.3766	0.6234	5.818563
31446	-3799.406	-3944.23	144.8241	0.8914296	0.8261912	0.361058	0.638942	5.919511
31452	-3804.017	-3948.102	144.0852	0.7388945	0.8779399	0.39223	0.60777	6.372992
31458	-3810.533	-3955.049	144.516	0.8212476	0.845472	0.369781	0.630219	6.113817
31464	-3803.075	-3946.954	143.8784	0.8080039	0.8963629	0.378767	0.621233	6.436769
31470	-3828.664	-3973.61	144.9454	0.7575759	1.118115	0.366981	0.633019	5.762556
31476	-3820.286	-3965.335	145.0493	0.8064477	0.9610727	0.359001	0.640999	5.762556
31482	-3797.829	-3943.093	145.2638	0.8974664	0.71638	0.342948	0.657052	5.748667
31488	-3800.682	-3945.704	145.0214	0.9261994	0.8981246	0.384943	0.615057	5.748667
31494	-3804.179	-3949.396	145.2168	0.8617344	0.783196	0.304442	0.695558	5.748667
31500	-3800.851	-3946.548	145.697	0.8617344	1.025349	0.3824	0.6176	5.34073
31506	-3812.874	-3958.416	145.5419	1.016826	1.025349	0.388891	0.611109	5.34073
31512	-3800.364	-3946.698	146.3346	0.9513942	0.9001716	0.374837	0.625163	5.009525
31518	-3793.315	-3939.156	145.8412	0.9765122	0.7880115	0.346192	0.653808	5.339223
31524	-3791.557	-3937.001	145.4442	0.8946952	0.9467777	0.498081	0.501919	5.505574
31530	-3800.961	-3946.663	145.7021	0.893096	0.9467777	0.367491	0.632509	5.364406
31536	-3806.172	-3952.31	146.1379	0.893096	0.8250629	0.431492	0.568508	5.197373
31542	-3799.497	-3943.231	143.734	0.7581729	0.913599	0.474113	0.525887	6.531905
31548	-3804.38	-3948.079	143.6984	0.7908857	0.9163574	0.300906	0.699094	6.531905
31554	-3811.749	-3956.423	144.6743	0.7794628	0.7927624	0.379296	0.620704	6.083619
31560	-3797.178	-3943.123	145.9455	0.7794628	0.9976316	0.359079	0.640921	5.264123
31566	-3810.407	-3955.289	144.8822	0.9363113	0.9976316	0.452851	0.547149	5.762617
31572	-3808.426	-3952.958	144.5325	0.7489274	0.7881312	0.453843	0.546157	6.180456
31578	-3804.088	-3947.419	143.3304	0.790485	0.7334812	0.32158	0.67842	6.845272
31584	-3794.663	-3940.051	145.3877	0.7855645	0.7954402	0.379388	0.620612	5.688749
31590	-3804.414	-3949.346	144.9313	0.7565963	0.9937761	0.356687	0.643313	5.836165
31596	-3805.57	-3951.948	146.3779	0.9172525	0.6897386	0.37078	0.62922	5.143355
31602	-3804.55	-3950.945	146.3952	0.8810393	0.7042547	0.302784	0.697216	5.143355
31608	-3798.126	-3944.464	146.3382	0.9519752	0.7042547	0.398739	0.601261	5.135589
31614	-3802.686	-3948.604	145.9183	0.9519752	0.8393261	0.477593	0.522407	5.277219
31620	-3799.191	-3946.938	147.7472	1.045602	0.7567868	0.403272	0.596728	4.257395
31626	-3802.184	-3949.186	147.0024	0.9060842	0.7567868	0.420608	0.579392	4.754823
31632	-3804.24	-3949.229	144.9885	0.9168547	0.7281791	0.44057	0.55943	5.880455
31638	-3796.798	-3941.483	144.685	0.8905197	0.8582762	0.290882	0.709118	5.97608
31644	-3804.364	-3949.335	144.9707	0.8865847	0.9106986	0.331787	0.668213	5.790665
31650	-3806.768	-3953.032	146.264	0.8865847	0.7505406	0.397857	0.602143	5.180459
31656	-3811.655	-3955.095	143.4408	0.7150964	0.9031076	0.474829	0.525171	6.71986
31662	-3802.442	-3948.031	145.5886	0.8711007	0.8816645	0.321684	0.678316	5.477448
31668	-3797.168	-3942.642	145.474	0.9959308	0.8723513	0.382834	0.617166	5.477448
31674	-3788.972	-3934.511	145.5393	0.9188461	0.8830024	0.384744	0.615256	5.477448
31680	-3801.163	-3946.457	145.2941	0.8784319	0.8102978	0.34339	0.65661	5.679562
31686	-3792.528	-3938.18	145.6514	0.8450969	0.7599938	0.40366	0.59634	5.534748
31692	-3798.352	-3943.073	144.7206	0.8257555	1.020091	0.37268	0.62732	5.899236
31698	-3805.129	-3950.376	145.2471	0.7962759	0.6007693	0.441835	0.558165	5.899236
31704	-3813.224	-3959.538	146.314	0.9121862	0.7976263	0.370789	0.629211	5.107071
31710	-3805.625	-3951.423	145.7981	0.9399778	0.7119592	0.397693	0.602307	5.43504
31716	-3805.099	-3951.315	146.2165	1.006841	0.9281105	0.459781	0.540219	5.027775
31722	-3801.117	-3945.311	144.1948	0.8277424	0.905791	0.471907	0.528093	6.248785
31728	-3800.622	-3944.66	144.0384	0.8474871	0.9143507	0.398368	0.601632	6.318019
31734	-3806.884	-3951.909	145.0259	0.8474871	0.9143507	0.375926	0.624074	5.779719
31740	-3800.442	-3946.394	145.9519	0.8868484	0.9497875	0.291873	0.708127	5.228226
31746	-3798.863	-3944.951	146.0882	0.8195037	0.9497875	0.400461	0.599539	5.19009
31752	-3792.033	-3936.601	144.5674	0.9073522	0.9199673	0.320611	0.679389	5.994288
31758	-3793.648	-3938.803	145.1546	0.8558836	0.6783938	0.358087	0.641913	5.858248
31764	-3796.789	-3941.822	145.0331	0.8507373	0.7784893	0.415568	0.584432	5.858248
31770	-3795.796	-3941.268	145.4717	0.8638236	0.6910627	0.296792	0.703208	5.671145
31776	-3806.369	-3952.453	146.0832	0.8638236	0.6753141	0.399402	0.600598	5.346303
31782	-3813.992	-3959.78	145.7874	0.8794495	0.871849	0.430932	0.569068	5.369278
31788	-3812.082	-3957.71	145.6282	0.9091731	0.9947753	0.424261	0.575739	5.369278
31794	-3807.915	-3953.799	145.8836	0.8493377	0.6788306	0.325697	0.674303	5.461676
31800	-3803.182	-3948.89	145.7081	0.8117609	0.5640123	0.368811	0.631189	5.668316
31806	-3809.369	-3954.713	145.3436	0.8117609	0.8872107	0.360647	0.639353	5.641282
31812	-3811.081	-3957.57	146.4892	0.8824435	1.036476	0.413515	0.586485	4.884165
31818	-3805.961	-3951.331	145.3703	0.8410336	1.113963	0.393769	0.606231	5.48571
31824	-3804.73	-3950.292	145.5622	0.8579635	0.6727188	0.258301	0.741699	5.638065
31830	-3799.687	-3943.421	143.7339	0.7309164	0.7896108	0.307319	0.692681	6.62243
31836	-3804.161	-3946.779	142.6181	0.7568868	0.7896108	0.478865	0.521135	7.209815
31842	-3805.44	-3950.07	144.6297	0.7598715	0.9797493	0.421774	0.578226	6.00686
31848	-3791.835	-3937.144	145.3094	0.9319853	0.7313578	0.330248	0.669752	5.69434
31854	-3798.833	-3943.744	144.911	0.8674573	0.69886	0.337594	0.662406	5.97028
31860	-3806.866	-3952.326	145.4597	0.8674573	1.106718	0.358492	0.641508	5.425614
31866	-3801.575	-3947.922	146.3474	0.9301496	0.757222	0.348633	0.651367	5.105566
31872	-3791.214	-3937.702	146.4881	1.047343	0.8757417	0.394905	0.605095	4.885659
31878	-3792.17	-3938.004	145.8341	0.9902807	0.8757417	0.392022	0.607978	5.280004
31884	-3791.447	-3937.472	146.0247	0.7996099	0.8757417	0.393437	0.606563	5.280004
31890	-3799.092	-3944.673	145.5816	0.9230187	0.884161	0.348713	0.651287	5.451175
31896	-3807.864	-3953.289	145.4252	0.9875232	0.7373438	0.374902	0.625098	5.596223
31902	-3808.47	-3953.865	145.3948	0.9310523	0.7373438	0.349003	0.650997	5.643878
31908	-3803.119	-3948.514	145.3948	0.9310523	0.7373438	0.317461	0.682539	5.643878
31914	-3810.532	-3955.41	144.878	0.9458181	0.9249319	0.369823	0.630177	5.800678
31920	-3809.118	-3955.264	146.1459	0.9551419	0.6821477	0.428454	0.571546	5.256286
31926	-3808.944	-3954.085	145.1412	0.9172427	0.7488479	0.498616	0.501384	5.782563
31932	-3808.558	-3954.486	145.9273	0.9240867	1.18095	0.439073	0.560927	5.098914
31938	-3817.02	-3962.206	145.1866	0.8944219	1.106488	0.354919	0.645081	5.561118
31944	-3831.206	-3976.806	145.6004	0.8840329	0.8913732	0.287804	0.712196	5.457981
31950	-3807.226	-3952.884	145.6575	0.8486569	0.9246922	0.255987	0.744013	5.426289
31956	-3801.293	-3946.953	145.6606	0.8766276	0.8957752	0.382765	0.617235	5.426289
31962	-3803.23	-3948.701	145.4714	0.8955038	0.7021906	0.424172	0.575828	5.645958
31968	-3807.503	-3952.338	144.8352	0.8312093	0.6729753	0.307219	0.692781	6.050041
31974	-3800.967	-3947.059	146.0922	0.7962178	0.7457279	0.392403	0.607597	5.328646
31980	-3806.607	-3950.801	144.1937	0.7871906	0.7318627	0.353496	0.646504	6.381222
31986	-3819.005	-3962.951	143.9455	0.8340021	0.8489857	0.38961	0.61039	6.414723
31992	-3814.898	-3961.478	146.5797	0.9749525	0.6320249	0.295547	0.704453	5.042906
31998	-3818.788	-3964.268	145.4803	1.00714	0.9981797	0.417141	0.582859	5.394918
32004	-3800.533	-3946.229	145.6963	0.9503202	1.016952	0.37949	0.62051	5.296803
32010	-3806.31	-3953.247	146.9372	1.074359	0.8437474	0.332383	0.667617	4.63968
32016	-3802.986	-3947.525	144.5391	0.8062386	0.8474562	0.3449	0.6551	6.108166
32022	-3805.873	-3951.64	145.7671	0.9008974	0.9318972	0.378356	0.621644	5.33287
32028	-3810.064	-3955.832	145.7679	0.9001506	0.9318972	0.302523	0.697477	5.33287
32034	-3803.477	-3948.49	145.0131	0.9001506	0.9318972	0.391128	0.608872	5.747699
32040	-3807.65	-3950.484	142.8344	0.6881648	1.183297	0.409851	0.590149	6.914584
32046	-3793.5	-3937.56	144.0605	0.7914613	0.9493151	0.44362	0.55638	6.316384
32052	-3786.27	-3930.069	143.7992	0.8210641	0.8593254	0.388414	0.611586	6.494714
32058	-3795.38	-3939.543	144.1623	0.7492124	0.8587558	0.525955	0.474045	6.337119
32064	-3797.626	-3943.371	145.7448	0.8060432	0.7411455	0.457644	0.542356	5.517727
32070	-3795.535	-3940.828	145.2927	0.9726659	0.9355574	0.413494	0.586506	5.552422
32076	-3808.162	-3953.434	145.2711	0.80532	0.9355574	0.359832	0.640168	5.656182
32082	-3805.78	-3951.1	145.3202	0.8198789	0.9355574	0.365472	0.634528	5.621269
32088	-3801.445	-3946.986	145.5408	0.944378	0.9355574	0.394819	0.605181	5.431516
32094	-3806.52	-3951.431	144.9113	0.7845989	0.9355574	0.403057	0.596943	5.864519
32100	-3787.827	-3931.91	144.0835	0.8961377	0.8821595	0.431455	0.568545	6.286053
32106	-3806.445	-3950.559	144.114	0.8656415	0.8821595	0.430229	0.569771	6.286053
32112	-3792.953	-3937.152	144.1987	0.7809172	0.8821595	0.386578	0.613422	6.286053
32118	-3803.332	-3947.629	144.2972	0.7809172	0.8521075	0.405483	0.594517	6.250659
32124	-3812.913	-3958.31	145.3966	0.918939	0.8820865	0.32704	0.67296	5.556452
32130	-3800.551	-3946.462	145.911	0.9108717	0.9141882	0.362168	0.637832	5.258299
32136	-3815.629	-3962.623	146.9946	0.9108717	0.9541891	0.380229	0.619771	4.632027
32142	-3799.521	-3944.302	144.7807	0.8844125	0.8403369	0.389575	0.610425	5.938226
32148	-3801.833	-3947.494	145.6612	0.8708377	1.045427	0.433627	0.566373	5.344689
32154	-3806.658	-3951.607	144.9482	0.7967279	0.6531251	0.426024	0.573976	6.021852
32160	-3803.586	-3950.279	146.6924	0.7814059	0.6639959	0.314564	0.685436	5.063322
32166	-3802.598	-3949.193	146.5948	0.8139906	0.7810782	0.436872	0.563128	5.016703
32172	-3800.659	-3945.089	144.4305	0.8204287	0.7810782	0.351228	0.648772	6.201643
32178	-3796.58	-3941.086	144.5063	0.7446268	0.7810782	0.338223	0.661777	6.201643
32184	-3805.428	-3950.255	144.8261	0.8179798	0.6865879	0.372265	0.627735	6.052332
32190	-3808.679	-3954.504	145.825	0.9530341	0.8599508	0.37448	0.62552	5.315278
32196	-3794.961	-3940.16	145.1996	0.8551058	0.9780244	0.375836	0.624164	5.643984
32202	-3806.676	-3951.189	144.513	0.9688019	1.120053	0.311347	0.688653	5.882604
32208	-3801.526	-3948.75	147.2236	1.009742	0.9035983	0.427267	0.572733	4.477916
32214	-3804.79	-3950.722	145.9327	0.8047821	0.7603153	0.361255	0.638745	5.401958
32220	-3809.945	-3956.558	146.6129	0.9910058	0.8904761	0.319675	0.680325	4.838485
32226	-3812.095	-3959.249	147.1537	0.8690687	0.8775129	0.435529	0.564471	4.612217
32232	-3805.543	-3951.13	145.5868	0.8943978	0.9850492	0.421367	0.578633	5.40564
32238	-3793.204	-3938.835	145.6313	0.8943978	0.94174	0.392681	0.607319	5.40564
32244	-3794.9	-3938.573	143.6728	0.8159635	0.8139436	0.350189	0.649811	6.59397
32250	-3794.539	-3938.261	143.722	0.7649697	0.8154233	0.33291	0.66709	6.59397
32256	-3811.222	-3954.852	143.6308	0.7285994	0.9306049	0.374421	0.625579	6.59397
32262	-3813.424	-3958.25	144.8255	0.7843777	0.7720082	0.38663	0.61337	6.012146
32268	-3805.55	-3950.704	145.1535	0.7923322	0.7442014	0.295163	0.704837	5.847293
32274	-3802.866	-3947.989	145.1234	0.810845	0.8340352	0.357432	0.642568	5.795033
32280	-3806.543	-3952.361	145.818	0.8288255	0.8036328	0.433767	0.566233	5.423207
32286	-3793.553	-3937.802	144.2483	0.741224	0.8100186	0.372574	0.627426	6.325067
32292	-3802.48	-3949.296	146.816	0.9454779	0.8513665	0.281206	0.718794	4.774771
32298	-3796.18	-3942.575	146.3952	0.9590199	0.7601954	0.377469	0.622531	5.061042
32304	-3809.007	-3955.861	146.8543	0.9143495	0.8936062	0.314547	0.685453	4.744631
32310	-3807.391	-3954.848	147.4573	1.046245	0.8027623	0.408871	0.591129	4.389688
32316	-3792.51	-3938.878	146.3679	1.046245	0.7784205	0.286894	0.713106	5.015477
32322	-3799.674	-3945.932	146.2581	0.8957913	0.8610556	0.404036	0.595964	5.10672
32328	-3803.708	-3949.421	145.7132	0.8597691	0.6906339	0.343317	0.656683	5.541081
32334	-3804.626	-3950.746	146.1194	0.9476147	0.9210286	0.357878	0.642122	5.118605
32340	-3798.56	-3945.101	146.5415	0.8650888	0.8878093	0.362931	0.637069	4.94998
32346	-3809.858	-3956.212	146.3541	0.9256583	0.6598269	0.430374	0.569626	5.173994
32352	-3820.792	-3966.36	145.5682	0.8454004	0.7821675	0.405896	0.594104	5.56554
32358	-3814.703	-3960.876	146.1728	0.8403433	0.8027303	0.395665	0.604335	5.221668
32364	-3818.259	-3962.912	144.653	0.8201772	0.8822162	0.359181	0.640819	6.017409
32370	-3808.529	-3953.123	144.5939	0.8418548	0.8822162	0.424552	0.575448	6.037779
32376	-3811.452	-3956.173	144.7209	0.8767734	0.7436445	0.336671	0.663329	6.037779
32382	-3821.939	-3967.272	145.3326	0.8670714	0.6929767	0.38811	0.61189	5.744209
32388	-3815.461	-3960.317	144.8567	0.8539554	0.9420223	0.487789	0.512211	5.852744
32394	-3802.46	-3949.581	147.1216	1.003287	0.8487834	0.357177	0.642823	4.572878
32400	-3802.218	-3949.042	146.8234	1.006681	0.9137537	0.356506	0.643494	4.698092
32406	-3803.918	-3949.031	145.1134	0.8061748	0.9033161	0.310361	0.689639	5.760913
32412	-3798.198	-3943.18	144.9819	0.8376488	0.7466904	0.308569	0.691431	5.914627
32418	-3796.551	-3942.615	146.0635	0.8376488	0.9047424	0.440943	0.559057	5.220107
32424	-3806.975	-3951.636	144.6611	0.6496962	0.7274528	0.319694	0.680306	6.205029
32430	-3802.401	-3947.819	145.4179	0.8843596	0.7274528	0.429562	0.570438	5.663642
32436	-3809.383	-3955.547	146.1634	0.8843596	0.7274528	0.309706	0.690294	5.253286
32442	-3803.559	-3950.89	147.3318	0.9863807	0.7274528	0.388187	0.611813	4.545783
32448	-3807.599	-3954.308	146.7087	0.9584921	0.8167827	0.283688	0.716312	4.849462
32454	-3808.291	-3955.257	146.9666	0.9139879	0.8167827	0.417648	0.582352	4.730322
32460	-3806.263	-3953.115	146.8519	1.028663	0.8167827	0.377486	0.622514	4.730322
32466	-3801.229	-3946.666	145.4367	1.067863	0.8969323	0.427658	0.572342	5.443555
32472	-3808.174	-3954.586	146.4117	0.9513814	0.8480006	0.397807	0.602193	4.998774
32478	-3809.774	-3955.842	146.0675	0.8441319	0.8480006	0.385722	0.614278	5.248893
32484	-3805.54	-3951.111	145.5708	0.8347335	0.8480006	0.401023	0.598977	5.527876
32490	-3799.058	-3944.217	145.1589	0.8952856	0.9700133	0.40577	0.59423	5.648775
32496	-3815.328	-3960.689	145.3617	0.8952856	0.7863289	0.578859	0.421141	5.648775
32502	-3807.534	-3952.891	145.357	0.8283139	0.8649598	0.404033	0.595967	5.63836
32508	-3799.641	-3945.044	145.4039	0.7869015	0.7097356	0.367385	0.632615	5.737149
32514	-3792.871	-3937.797	144.9254	0.8104198	0.7894155	0.251969	0.748031	5.931959
32520	-3798.422	-3943.24	144.8172	0.9443366	0.7680801	0.390269	0.609731	5.931959
32526	-3795.671	-3940.325	144.6534	0.894742	0.9589155	0.314834	0.685166	5.931959
32532	-3806.48	-3951.203	144.7234	0.9987743	0.8009837	0.422471	0.577529	5.931959
32538	-3794.069	-3939.873	145.8042	0.8933668	0.8713626	0.348961	0.651039	5.352654
32544	-3802.156	-3947.559	145.4027	0.9011696	0.8629414	0.334796	0.665204	5.574516
32550	-3800.656	-3946.782	146.1265	0.9044633	0.712218	0.349724	0.650276	5.27331
32556	-3794.295	-3940.362	146.0669	0.9044633	0.8669006	0.341309	0.658691	5.204149
32562	-3792.914	-3939.186	146.2719	0.9417369	0.8497253	0.315236	0.684764	5.080629
32568	-3791.718	-3938.682	146.9644	0.9989003	0.7779133	0.42235	0.57765	4.709767
32574	-3793.947	-3939.778	145.831	0.8377703	0.6658619	0.375157	0.624843	5.506566
32580	-3795.329	-3939.838	144.509	0.8747877	0.9626432	0.343153	0.656847	6.019537
32586	-3813.819	-3959.016	145.1977	0.8505061	0.936272	0.299172	0.700828	5.67122
32592	-3828.842	-3973.857	145.0149	0.8143325	0.6239574	0.307489	0.692511	5.997992
32598	-3812.623	-3957.249	144.6258	0.7538334	0.6428964	0.373552	0.626448	6.228384
