Iteration	Posterior	Likelihood	Prior	rate_log_sd	rate_loss	root_freqs[1]	root_freqs[2]	tree_length
0	-3805.238	-3950.735	145.4974	0.8957874	0.8968318	0.254507	0.745493	5.504906
6	-3808.155	-3951.98	143.8244	0.7970304	0.8366448	0.360824	0.639176	6.507954
12	-3802.112	-3945.963	143.8513	0.7970304	0.7108305	0.324683	0.675317	6.575922
18	-3804.638	-3949.288	144.6499	0.7479359	0.9737836	0.428471	0.571529	6.005655
24	-3816.981	-3959.414	142.4329	0.7515236	1.07676	0.448457	0.551543	7.148915
30	-3807.18	-3952.279	145.0992	0.842607	1.042543	0.395582	0.604418	5.670821
36	-3808.021	-3954.045	146.0241	0.9664767	0.6468418	0.280654	0.719346	5.343613
42	-3791.136	-3936.024	144.8873	0.8128218	1.019891	0.382769	0.617231	5.81527
48	-3795.111	-3940.146	145.0348	0.8786253	0.8709454	0.423379	0.576621	5.783677
54	-3816.882	-3963.663	146.7816	1.044766	0.8806696	0.459665	0.540335	4.720272
60	-3811.75	-3958.808	147.0586	1.025467	0.6445905	0.450053	0.549947	4.738301
66	-3810.031	-3957.255	147.2246	0.8720825	0.7595611	0.450053	0.549947	4.647593
72	-3803.918	-3949.171	145.2524	0.7771846	0.7816999	0.34104	0.65896	5.776454
78	-3797.889	-3943.129	145.2402	0.8189869	0.8188314	0.441343	0.558657	5.736206
84	-3816.777	-3963.475	146.6986	0.9562009	0.8020446	0.389827	0.610173	4.865951
90	-3803.669	-3949.745	146.076	0.9375691	0.6867076	0.389827	0.610173	5.301247
96	-3809.896	-3955.368	145.4721	0.7995684	0.721006	0.339414	0.660586	5.684904
102	-3797.251	-3942.732	145.4809	0.9011691	0.7486613	0.383795	0.616205	5.605289
108	-3812.505	-3958.578	146.0729	0.8634191	0.6960989	0.415192	0.584808	5.337073
114	-3797.229	-3942.282	145.0537	0.8736215	0.7566521	0.364957	0.635043	5.849037
120	-3802.435	-3948.445	146.0101	0.8617364	0.7495888	0.396938	0.603062	5.335148
126	-3800.037	-3944.327	144.2895	0.8577947	0.9110471	0.30217	0.69783	6.177836
132	-3802.648	-3948.12	145.4715	0.8263948	0.9110471	0.492785	0.507215	5.548848
138	-3819.126	-3963.877	144.7504	0.9418419	0.7651008	0.538842	0.461158	5.971763
144	-3827.56	-3972.385	144.8256	0.8783441	0.7305109	0.254214	0.745786	5.988806
150	-3824.169	-3967.384	143.2152	0.7455149	0.7649575	0.297889	0.702111	6.910609
156	-3813.632	-3958.411	144.7783	0.8537191	0.8336745	0.412021	0.587979	5.960404
162	-3805.159	-3949.708	144.5489	0.7468803	0.8036487	0.298897	0.701103	6.16266
168	-3795.196	-3941.061	145.8644	0.8050578	0.9388034	0.327916	0.672084	5.328083
174	-3795.626	-3941.78	146.1543	0.8803551	0.9317162	0.35168	0.64832	5.130295
180	-3805.812	-3951.931	146.1186	0.7719064	0.8361501	0.313732	0.686268	5.268012
186	-3800.041	-3945.972	145.9309	0.9596152	0.8361501	0.409222	0.590778	5.268012
192	-3793.718	-3938.706	144.9877	0.8119329	0.7287188	0.324962	0.675038	5.937831
198	-3801.774	-3945.731	143.9577	0.8907462	0.7287188	0.275878	0.724122	6.455158
204	-3817.98	-3962.809	144.8292	0.8607605	0.9016698	0.410065	0.589935	5.887486
210	-3810.63	-3955.769	145.139	0.7697061	0.6448231	0.391066	0.608934	5.938747
216	-3809.322	-3954.361	145.0395	0.8155054	0.9155162	0.391066	0.608934	5.789128
222	-3814.796	-3960.749	145.9528	0.9533177	0.6097203	0.369795	0.630205	5.418963
228	-3804.215	-3949.264	145.0499	0.8437501	0.9622502	0.351458	0.648542	5.741156
234	-3805.803	-3951.66	145.8568	0.9089186	0.7877369	0.39617	0.60383	5.36809
240	-3803.319	-3950.471	147.1523	0.9643874	0.5615458	0.399937	0.600063	4.787319
246	-3807.7	-3954.421	146.7207	0.9376334	0.9302691	0.341637	0.658363	4.784297
252	-3804.917	-3950.583	145.6657	0.8498862	0.7376346	0.46863	0.53137	5.539523
258	-3812.752	-3959.856	147.1032	1.000942	0.6452995	0.39575	0.60425	4.726516
264	-3802.644	-3947.056	144.4124	0.9289505	0.9090768	0.365456	0.634544	6.073357
270	-3806.605	-3951.366	144.7614	0.8412968	0.9090768	0.291002	0.708998	5.930817
276	-3805.014	-3949.746	144.7318	0.8676587	0.9767379	0.388191	0.611809	5.893929
282	-3801.448	-3946.429	144.9808	0.8547595	0.9869195	0.388191	0.611809	5.759186
288	-3803.235	-3948.864	145.6282	0.9424666	0.9869195	0.388191	0.611809	5.355229
294	-3803.043	-3949.356	146.3134	0.8921915	0.8932041	0.364778	0.635222	5.058353
300	-3815.074	-3958.72	143.6462	0.7646232	1.009495	0.32082	0.67918	6.522437
306	-3808.195	-3953.857	145.6621	0.9647299	0.7003487	0.322924	0.677076	5.504513
312	-3804.748	-3950.048	145.3003	0.9562506	0.886303	0.322924	0.677076	5.58628
318	-3800.268	-3945.05	144.782	0.8046795	0.8661843	0.507432	0.492568	5.965155
324	-3806.541	-3951.963	145.4222	0.9714765	0.7679747	0.293679	0.706321	5.585899
330	-3808.5	-3952.502	144.0023	0.9012704	0.9343673	0.317463	0.682537	6.29688
336	-3805.419	-3950.465	145.0458	0.8833995	0.7854452	0.317463	0.682537	5.828876
342	-3804.294	-3950.091	145.7979	0.911693	0.6652446	0.342204	0.657796	5.484554
348	-3811.174	-3955.226	144.0522	0.7428653	0.9025653	0.25832	0.74168	6.374168
354	-3812.537	-3957.537	144.9996	0.7172872	0.6823697	0.355559	0.644441	6.015694
360	-3806.837	-3950.523	143.6867	0.8274888	0.8190678	0.435402	0.564598	6.576964
366	-3796.153	-3940.469	144.3165	0.7542567	0.8190678	0.360651	0.639349	6.275234
372	-3803.569	-3948.671	145.1026	0.8826058	0.8026211	0.390632	0.609368	5.78713
378	-3809.065	-3952.163	143.0983	0.7103746	0.8906303	0.341223	0.658777	6.914534
384	-3801.578	-3949.185	147.6072	1.010615	0.8220405	0.392397	0.607603	4.312381
390	-3801.755	-3948.641	146.8861	1.062087	0.8815744	0.341009	0.658991	4.651506
396	-3803.961	-3951.799	147.8378	1.073124	1.050046	0.437394	0.562606	4.009234
402	-3800.581	-3946.601	146.0198	0.8757024	0.860901	0.305306	0.694694	5.249824
408	-3798.036	-3943.482	145.4465	0.7824842	0.8712934	0.28826	0.71174	5.610523
414	-3808.348	-3952.869	144.5216	0.7910676	0.8548977	0.242625	0.757375	6.121376
420	-3810.657	-3956.181	145.5234	0.9304535	0.8153867	0.287187	0.712813	5.521861
426	-3807.08	-3953.152	146.072	0.8969018	1.07163	0.416807	0.583193	5.089209
432	-3796.39	-3942.466	146.0762	0.9296027	0.9046689	0.407779	0.592221	5.162207
438	-3798.526	-3942.655	144.1295	0.8763228	0.9046689	0.399759	0.600241	6.258493
444	-3804.573	-3950.836	146.2627	0.8276782	0.7623269	0.341571	0.658429	5.205757
450	-3804.596	-3949.151	144.5552	0.8625041	0.7023909	0.292519	0.707481	6.164343
456	-3811.039	-3955.891	144.8522	0.8433675	0.8643156	0.324933	0.675067	5.906846
462	-3812.216	-3957.944	145.7278	0.9601798	0.7886891	0.410075	0.589925	5.410305
468	-3819.326	-3964.168	144.8421	0.949799	0.7554298	0.423339	0.576661	5.923834
474	-3816.544	-3961.064	144.5204	0.8055102	0.7724735	0.406049	0.593951	6.166476
480	-3813.615	-3957.759	144.1441	0.8228482	0.8204066	0.406049	0.593951	6.330717
486	-3801.387	-3945.439	144.0522	0.7804712	0.9873852	0.364641	0.635359	6.305724
492	-3798.226	-3943.784	145.5586	0.8321846	0.7464595	0.39508	0.60492	5.602031
498	-3800.906	-3945.21	144.3044	0.8220177	0.7818896	0.351239	0.648761	6.268801
504	-3812.048	-3957.555	145.5061	0.8762657	0.8433163	0.336064	0.663936	5.543482
510	-3805.115	-3949.973	144.8584	0.8755903	1.054026	0.425001	0.574999	5.778571
516	-3800.614	-3946.817	146.2025	0.8894635	0.8144064	0.408992	0.591008	5.170501
522	-3797.383	-3944.101	146.7172	0.9894778	0.8943843	0.404562	0.595438	4.778733
528	-3797.428	-3945.19	147.7613	1.039233	0.8122421	0.476818	0.523182	4.21535
534	-3796.706	-3944.466	147.7605	0.972714	0.8122421	0.393804	0.606196	4.253548
540	-3800.773	-3946.435	145.6627	0.9333716	0.8122421	0.379491	0.620509	5.445625
546	-3801.389	-3948.265	146.8761	0.8624341	0.8064954	0.379491	0.620509	4.816379
552	-3791.302	-3937.638	146.3363	0.8317752	0.8918513	0.410958	0.589042	5.079991
558	-3796.388	-3941.498	145.1103	0.8447918	0.5708071	0.353071	0.646929	5.971628
564	-3838.315	-3988.365	150.0492	1.237173	0.5640711	0.344722	0.655278	2.9602
570	-3805.875	-3952.947	147.0727	0.8937679	0.6171655	0.306442	0.693558	4.825474
576	-3795.704	-3942.503	146.7996	0.9362756	0.7344133	0.495151	0.504849	4.866636
582	-3795.527	-3943.238	147.7118	0.9870065	0.739048	0.339221	0.660779	4.323054
588	-3800.512	-3946.865	146.3524	0.8206903	0.6348914	0.313252	0.686748	5.251967
594	-3802.809	-3949.282	146.4722	0.854405	0.8257999	0.377045	0.622955	5.033128
600	-3801.114	-3946.467	145.3526	0.7213933	0.7500239	0.305028	0.694972	5.773237
606	-3796.505	-3941.948	145.4429	0.8537528	0.6930456	0.350746	0.649254	5.691043
612	-3803.873	-3948.091	144.2179	0.7498507	0.8274073	0.348529	0.651471	6.325934
618	-3799.545	-3944.005	144.4598	0.8247881	0.7660296	0.43208	0.56792	6.193214
624	-3797.333	-3943.184	145.8509	0.8482167	0.752709	0.230533	0.769467	5.428212
630	-3804.541	-3949.523	144.982	0.8482167	1.031912	0.247508	0.752492	5.737637
636	-3812.376	-3958.495	146.1191	0.8255327	0.7319333	0.322779	0.677221	5.307141
642	-3800.842	-3946.706	145.8643	0.9815232	1.060137	0.380529	0.619471	5.163477
648	-3809.138	-3955.992	146.8538	1.100599	1.031572	0.485817	0.514183	4.560919
654	-3803.247	-3948.902	145.6549	0.894318	0.7604419	0.393331	0.606669	5.505462
660	-3803.81	-3949.542	145.732	0.894318	0.8128659	0.409127	0.590873	5.428588
666	-3793.311	-3938.619	145.3083	0.8832109	0.9371121	0.303542	0.696458	5.592125
672	-3794.172	-3939.598	145.4257	0.8889205	0.9001394	0.409655	0.590345	5.546107
678	-3794.077	-3938.181	144.1046	0.763099	0.9070456	0.322471	0.677529	6.332155
684	-3802.692	-3947.697	145.0053	0.7944062	0.9249558	0.370859	0.629141	5.813871
690	-3801.682	-3946.548	144.8659	0.8271028	1.099915	0.396079	0.603921	5.777252
696	-3805.91	-3951.108	145.1984	0.8842967	1.084773	0.300477	0.699523	5.571375
702	-3808.089	-3953.483	145.394	0.8346288	0.8182195	0.493551	0.506449	5.643745
708	-3807.253	-3953.049	145.7956	0.8379485	0.7446984	0.345287	0.654713	5.469768
714	-3798.258	-3943.119	144.8609	0.8482079	0.8780096	0.345287	0.654713	5.891162
720	-3799.233	-3942.628	143.3958	0.742224	0.7388031	0.36454	0.63546	6.832416
726	-3795.531	-3941.003	145.4722	0.813645	0.7963298	0.365496	0.634504	5.626425
732	-3789.381	-3935.289	145.9082	0.8308675	0.8624501	0.37269	0.62731	5.335238
738	-3800.565	-3945.034	144.4688	0.6727887	0.842687	0.37269	0.62731	6.221983
744	-3805.08	-3949.107	144.0277	0.8087501	0.9711237	0.314079	0.685921	6.312619
750	-3799.414	-3944.492	145.078	0.8506722	0.9386781	0.343155	0.656845	5.735373
756	-3818.483	-3962.663	144.1797	0.8891199	1.121904	0.328346	0.671654	6.106921
762	-3807.619	-3954.14	146.5215	0.9140393	0.7091955	0.34385	0.65615	5.051491
768	-3814.817	-3958.878	144.0611	0.7858924	0.7416282	0.462131	0.537869	6.447153
774	-3797.726	-3942.891	145.1652	0.8856586	0.8416215	0.245524	0.754476	5.726468
780	-3795.931	-3941.487	145.5556	0.8335199	0.8819922	0.358389	0.641611	5.516076
786	-3795.961	-3942.565	146.6041	0.9652678	1.044455	0.310203	0.689797	4.769527
792	-3812.571	-3958.927	146.3559	1.018529	1.129483	0.319623	0.680377	4.833776
798	-3793.691	-3940.163	146.4716	0.9062496	0.7923013	0.449832	0.550168	5.026405
804	-3797.843	-3941.994	144.151	0.823893	0.9336696	0.327742	0.672258	6.258517
810	-3796.02	-3942.13	146.1095	0.9117454	0.779643	0.327769	0.672231	5.232392
816	-3807.936	-3952.181	144.2444	0.7793468	0.8118953	0.294822	0.705178	6.305257
822	-3799.763	-3945.07	145.3068	0.8065243	0.7688426	0.334578	0.665422	5.739107
828	-3798.738	-3944.246	145.5085	0.8222855	0.719416	0.44213	0.55787	5.653607
834	-3808.261	-3954.759	146.498	0.8608137	0.6681789	0.51868	0.48132	5.123971
840	-3801.594	-3947.747	146.1528	1.020123	0.8454625	0.416233	0.583767	5.10589
846	-3794.719	-3939.599	144.8807	0.8997525	0.7158633	0.416233	0.583767	5.957214
852	-3802.578	-3949.696	147.118	0.8915324	0.7860701	0.356462	0.643538	4.678417
858	-3802.232	-3948.759	146.5274	1.022393	0.6764395	0.455904	0.544096	5.011884
864	-3806.209	-3953.495	147.2866	1.022393	0.8741281	0.261977	0.738023	4.453437
870	-3810.025	-3955.452	145.4278	1.013797	0.9815895	0.555414	0.444586	5.42938
876	-3813.082	-3958.506	145.4239	0.9985812	1.000552	0.370697	0.629303	5.42938
882	-3817.9	-3965.01	147.1101	1.080925	0.854261	0.326694	0.673306	4.53228
888	-3822.613	-3969.097	146.4848	0.9087982	0.9204898	0.312632	0.687368	4.937592
894	-3816.056	-3961.14	145.0838	0.799388	0.8637553	0.308929	0.691071	5.804589
900	-3813.946	-3959.198	145.2516	0.9958828	0.9484593	0.414431	0.585569	5.554869
906	-3804.633	-3950.028	145.3945	0.9709674	0.7364473	0.399851	0.600149	5.622763
912	-3797.105	-3943.996	146.8914	1.034829	0.8191619	0.36002	0.63998	4.703252
918	-3797.049	-3942.066	145.0169	0.8419005	0.8352696	0.409756	0.590244	5.835561
924	-3807.984	-3953.047	145.0628	0.7865295	0.8435654	0.306208	0.693792	5.835561
930	-3800.814	-3947.197	146.3825	0.8530256	0.7875808	0.318652	0.681348	5.108512
936	-3806.318	-3953.053	146.7352	0.9902624	0.8895662	0.291004	0.708996	4.771214
942	-3812.158	-3956.657	144.4997	0.8221898	0.9136157	0.369112	0.630888	6.081329
948	-3810.672	-3953.668	142.9967	0.7918439	0.8265045	0.369112	0.630888	6.96412
954	-3802.869	-3946.02	143.1501	0.7567616	0.8265045	0.369112	0.630888	6.900327
960	-3805.941	-3950.691	144.7504	1.036575	0.7920813	0.432173	0.567827	5.902328
966	-3812.415	-3958.055	145.6405	0.9384818	0.7744353	0.331022	0.668978	5.479736
972	-3810.726	-3955.837	145.111	0.7942659	0.9777283	0.362572	0.637428	5.726101
978	-3806.275	-3951.501	145.2256	0.8848276	1.099449	0.349003	0.650997	5.548573
984	-3797.917	-3940.96	143.0433	0.8247251	0.8611959	0.373216	0.626784	6.90005
990	-3806.62	-3951.018	144.3982	0.8779128	1.077755	0.32749	0.67251	6.016379
996	-3811.437	-3957.287	145.8508	0.9777552	0.9074125	0.3819	0.6181	5.258612
1002	-3814.127	-3960.382	146.2553	0.9503922	0.9037659	0.427709	0.572291	5.05195
1008	-3815.572	-3961.947	146.3749	0.9732804	0.8167987	0.324068	0.675932	5.026909
1014	-3811.485	-3956.83	145.3446	0.8855029	0.83541	0.324028	0.675972	5.632081
1020	-3817.88	-3963.763	145.8825	0.9412759	0.6599584	0.463927	0.536073	5.42564
1026	-3806.189	-3951.952	145.7625	0.8153839	0.6597255	0.423791	0.576209	5.561098
1032	-3813.318	-3958.442	145.1244	0.7450958	0.6435641	0.312481	0.687519	5.961087
1038	-3820.388	-3964.656	144.2684	0.820441	0.8280843	0.254736	0.745264	6.259705
1044	-3807.796	-3953.794	145.9981	0.9579322	1.019225	0.418941	0.581059	5.124408
1050	-3814.508	-3960.962	146.454	0.9844206	1.106348	0.26592	0.73408	4.809913
1056	-3812.146	-3955.804	143.6589	0.7609396	1.029051	0.2785	0.7215	6.507137
1062	-3795.637	-3940.729	145.0919	0.8369923	0.8591953	0.422245	0.577755	5.782388
1068	-3799.509	-3944.93	145.4209	0.8972601	0.9004678	0.356145	0.643855	5.543963
1074	-3802.567	-3948.672	146.1052	0.9578985	0.8981231	0.346676	0.653324	5.134396
1080	-3793.267	-3938.708	145.4413	0.8851306	0.8535501	0.403362	0.596638	5.567873
1086	-3799.155	-3943.42	144.2651	0.6911632	0.9453641	0.355201	0.644799	6.26198
1092	-3804.078	-3951.935	147.8568	1.071821	0.7077538	0.355201	0.644799	4.215404
1098	-3809.241	-3954.958	145.7167	0.7958731	0.8180127	0.371785	0.628215	5.487855
1104	-3804.101	-3951.162	147.0613	0.877593	0.8390037	0.339547	0.660453	4.683383
1110	-3804.127	-3949.747	145.6203	0.8187538	0.8390037	0.407349	0.592651	5.515024
1116	-3817.403	-3962.834	145.4314	0.9392401	0.7475279	0.407046	0.592954	5.612346
1122	-3812.634	-3959.253	146.6193	0.9787151	0.7543	0.372979	0.627021	4.929596
1128	-3815.582	-3962.601	147.0193	0.9912107	0.8548663	0.363629	0.636371	4.633228
1134	-3814.622	-3961.238	146.6159	0.9429145	1.164541	0.368918	0.631082	4.713145
1140	-3811.557	-3958.409	146.8522	0.9776795	0.8206179	0.424213	0.575787	4.756153
1146	-3809.707	-3955.223	145.5157	0.8413985	1.049959	0.39347	0.60653	5.438647
1152	-3799.174	-3944.787	145.6122	0.8505303	0.8520861	0.395808	0.604192	5.493862
1158	-3806.518	-3951.814	145.2962	0.9026164	0.8520861	0.446331	0.553669	5.63883
1164	-3805.978	-3951.655	145.6771	0.8545013	0.737575	0.3318	0.6682	5.530729
1170	-3809.035	-3954.616	145.5813	0.9149277	0.7662428	0.262175	0.737825	5.530729
1176	-3803.643	-3950.741	147.0982	1.035364	0.7632805	0.270703	0.729297	4.624393
1182	-3809.043	-3953.689	144.646	0.7400835	0.9790496	0.349017	0.650983	6.009113
1188	-3819.101	-3963.184	144.0836	0.8931389	0.7150934	0.280737	0.719263	6.394992
1194	-3811.043	-3956.839	145.7967	0.8387906	0.9820764	0.377082	0.622918	5.32221
1200	-3809.457	-3955.128	145.6709	0.8869988	0.7495707	0.41954	0.58046	5.50809
1206	-3811.088	-3956.681	145.5935	0.8012019	0.9349733	0.430268	0.569732	5.481679
1212	-3811.031	-3956.836	145.8055	0.9423407	0.8703989	0.254877	0.745123	5.325525
1218	-3807.615	-3952.93	145.3152	0.8059749	1.014815	0.430635	0.569365	5.587279
1224	-3810.5	-3955.07	144.5704	0.833704	1.013416	0.401061	0.598939	5.980516
1230	-3801.002	-3946.976	145.9744	0.9784186	0.8374006	0.401061	0.598939	5.23279
1236	-3801.157	-3946.321	145.1645	0.8829521	0.8374006	0.347477	0.652523	5.730945
1242	-3798.43	-3943.811	145.3806	0.8868536	0.8019799	0.465042	0.534958	5.63284
1248	-3797.41	-3942.651	145.2411	0.80401	0.761574	0.454102	0.545898	5.781256
1254	-3809.665	-3952.584	142.9189	0.8561867	0.8646531	0.432949	0.567051	6.948043
1260	-3811.611	-3956.258	144.6466	0.7074063	0.7269686	0.423201	0.576799	6.181867
1266	-3806.397	-3951.66	145.2628	0.8755086	0.6642121	0.33617	0.66383	5.79878
1272	-3814.597	-3960.347	145.7504	0.9289479	0.8303304	0.453282	0.546718	5.388203
1278	-3802.965	-3948.267	145.3019	0.9376011	0.8185612	0.312941	0.687059	5.63754
1284	-3818.722	-3964.84	146.1179	0.8420624	0.8054182	0.36217	0.63783	5.249311
1290	-3817.564	-3963.731	146.1672	0.9759237	0.8817859	0.258594	0.741406	5.099921
1296	-3808.567	-3955.975	147.4081	1.050404	0.8216159	0.337457	0.662543	4.402652
1302	-3820.359	-3964.674	144.3147	0.9147361	1.03535	0.453059	0.546941	6.063986
1308	-3805.461	-3950.526	145.0645	0.9147361	0.9437328	0.466521	0.533479	5.704744
1314	-3805.265	-3950.107	144.8414	0.8388307	0.7996574	0.343613	0.656387	5.955716
1320	-3815.644	-3960.949	145.3055	0.8934143	0.9445004	0.409201	0.590799	5.583794
1326	-3804.292	-3951.309	147.0163	0.884715	0.7594292	0.525019	0.474981	4.757148
1332	-3811.046	-3957.333	146.2868	0.9559619	0.872223	0.344117	0.655883	5.050548
1338	-3804.215	-3951.637	147.422	0.8878693	0.7115723	0.346895	0.653105	4.561787
1344	-3803.523	-3950.534	147.0117	1.037781	0.7115723	0.400238	0.599762	4.70773
1350	-3804.486	-3951.047	146.5619	0.9606799	0.6786279	0.406607	0.593393	5.025408
1356	-3807.834	-3954.548	146.7139	0.92947	0.6615513	0.426357	0.573643	4.971011
1362	-3807.2	-3954.299	147.0989	0.950416	0.7303228	0.433013	0.566987	4.694484
1368	-3814.936	-3961.7	146.7634	0.982385	0.6726025	0.288986	0.711014	4.905759
1374	-3817.075	-3962.787	145.7126	0.9823237	0.7694929	0.35857	0.64143	5.419221
1380	-3809.882	-3955.534	145.6523	0.9384206	0.7276775	0.376535	0.623465	5.505098
1386	-3818.481	-3964.115	145.6341	0.882266	0.9097281	0.31822	0.68178	5.429452
1392	-3811.969	-3958.505	146.5365	1.099217	0.9374032	0.288816	0.711184	4.792728
1398	-3812.172	-3958.923	146.7515	0.8874515	0.9342853	0.298687	0.701313	4.792728
1404	-3807.554	-3953.927	146.3733	0.8874515	0.7702891	0.312225	0.687775	5.106068
1410	-3813.777	-3959.609	145.8318	0.8811337	0.726805	0.389566	0.610434	5.438432
1416	-3797.17	-3943.078	145.9082	0.9518415	0.6171867	0.389566	0.610434	5.438432
1422	-3799.806	-3945.45	145.6439	0.8481313	0.7426127	0.389566	0.610434	5.549015
1428	-3797.354	-3943.346	145.9922	0.8481313	0.8239277	0.351966	0.648034	5.303478
1434	-3804.696	-3950.361	145.6652	0.8881078	0.8923897	0.351966	0.648034	5.419423
1440	-3802.592	-3948.25	145.6579	0.9762281	0.7510308	0.351966	0.648034	5.465128
1446	-3800.807	-3946.043	145.2357	0.8305098	0.8344093	0.305259	0.694741	5.722572
1452	-3800.815	-3946.911	146.0965	0.9040655	0.9637255	0.445718	0.554282	5.130721
1458	-3802.781	-3949.489	146.7079	0.939952	0.6871431	0.374252	0.625748	4.949523
1464	-3814.973	-3961.218	146.2451	0.9344217	0.5907427	0.307083	0.692917	5.283354
1470	-3812.436	-3958.752	146.316	0.923974	0.9580607	0.266672	0.733328	5.001135
1476	-3802.099	-3946.988	144.8893	0.7824464	0.736131	0.322776	0.677224	6.002521
1482	-3800.045	-3945.058	145.0128	0.7544577	0.7976337	0.395134	0.604866	5.909483
1488	-3812.475	-3958.956	146.4812	0.878046	0.7922713	0.339063	0.660937	5.036763
1494	-3805.84	-3953.039	147.1992	0.955903	0.8683333	0.351228	0.648772	4.543626
1500	-3809.104	-3955.617	146.5129	0.9184934	1.009368	0.358766	0.641234	4.865743
1506	-3803.073	-3949.822	146.7487	0.9462788	0.8397203	0.315888	0.684112	4.819219
1512	-3805.596	-3950.612	145.0165	0.8888916	0.8055025	0.380117	0.619883	5.828944
1518	-3797.724	-3942.182	144.4582	0.9188692	0.995263	0.3341	0.6659	6.005112
1524	-3803.389	-3945.991	142.6015	0.7216309	1.063128	0.344192	0.655808	7.081277
1530	-3807.688	-3954.248	146.5606	0.960164	0.7866618	0.335037	0.664963	4.950732
1536	-3813.275	-3956.565	143.2896	0.7603097	0.7714064	0.395032	0.604968	6.858291
1542	-3797.199	-3942.796	145.5971	0.828311	0.8722018	0.365754	0.634246	5.502047
1548	-3791.088	-3937.772	146.6839	0.9979959	0.8444595	0.30978	0.69022	4.8235
1554	-3789.32	-3936.241	146.9208	0.9979959	0.7305558	0.293397	0.706603	4.767272
1560	-3794.539	-3939.938	145.399	0.8666944	0.6162243	0.370416	0.629584	5.765522
1566	-3799.357	-3944.306	144.9492	0.8454187	0.8138291	0.389283	0.610717	5.884167
1572	-3799.462	-3945.654	146.1924	0.8462366	0.9300447	0.35257	0.64743	5.12907
1578	-3802.773	-3948.699	145.9266	0.9505006	0.9300447	0.35257	0.64743	5.218434
1584	-3802.966	-3948.703	145.7366	0.9706635	0.9381836	0.481537	0.518463	5.307578
1590	-3803.029	-3948.519	145.49	0.8207242	0.7462287	0.500106	0.499894	5.646118
1596	-3797.048	-3942.509	145.4608	0.7955312	0.7909638	0.314039	0.685961	5.646118
1602	-3797.203	-3942.364	145.1606	0.8365301	0.9939771	0.390894	0.609106	5.666741
1608	-3809.771	-3954.459	144.6878	0.859327	0.9832598	0.324875	0.675125	5.918909
1614	-3806.853	-3951.927	145.0738	0.8224259	0.7439434	0.348214	0.651786	5.8746
1620	-3806.471	-3953.395	146.9239	1.088248	0.7801312	0.348214	0.651786	4.68093
1626	-3813.983	-3959.262	145.2792	0.7948042	1.074289	0.374368	0.625632	5.581554
1632	-3812.508	-3958.685	146.1764	0.9279585	0.7473128	0.319461	0.680539	5.20824
1638	-3795.231	-3940.965	145.7337	0.9965098	0.6876899	0.319461	0.680539	5.456745
1644	-3797.448	-3943.278	145.8298	0.9038372	0.8039059	0.319549	0.680451	5.37523
1650	-3797.694	-3943.559	145.865	0.8479027	0.9371653	0.291332	0.708668	5.305042
1656	-3798.602	-3943.084	144.4818	0.7453704	0.837949	0.446511	0.553489	6.178345
1662	-3794.801	-3940.318	145.5164	0.8756109	0.9175628	0.389925	0.610075	5.493285
1668	-3801.618	-3944.919	143.3014	0.7748028	0.8201481	0.405761	0.594239	6.812963
1674	-3809.811	-3956.642	146.8309	1.006837	0.9818004	0.275217	0.724783	4.654125
1680	-3796.393	-3943.006	146.6129	1.061876	0.9447005	0.310051	0.689949	4.766639
1686	-3793.819	-3938.569	144.7502	0.8407276	0.7317027	0.355509	0.644491	6.049581
1692	-3795.402	-3940.869	145.4671	0.8968026	1.006666	0.355509	0.644491	5.458286
1698	-3799.114	-3945.023	145.9097	1.005815	0.8320625	0.380011	0.619989	5.256816
1704	-3801.785	-3945.36	143.5745	0.9060327	0.6606664	0.297031	0.702969	6.702488
1710	-3790.532	-3935.707	145.1749	0.8986386	1.008891	0.433456	0.566544	5.616649
1716	-3798.985	-3944.927	145.9422	0.9283892	0.8878715	0.358026	0.641974	5.247114
1722	-3793.219	-3939.799	146.5802	0.9469813	0.9403853	0.435857	0.564143	4.851544
1728	-3796.376	-3942.209	145.8329	0.9831067	0.9583559	0.324637	0.675363	5.23592
1734	-3801.376	-3946.705	145.3289	0.8663918	0.8796746	0.324959	0.675041	5.623899
1740	-3798.772	-3944.679	145.9071	0.8544982	0.8701245	0.408174	0.591826	5.31806
1746	-3799.892	-3944.383	144.4908	0.8560429	0.94017	0.444937	0.555063	6.052409
1752	-3803.707	-3947.911	144.2041	0.7741499	1.029435	0.379881	0.620119	6.203901
1758	-3794.089	-3939.623	145.5336	0.8783542	0.8429271	0.335892	0.664108	5.527471
1764	-3810.323	-3955.244	144.921	0.6954787	0.7690373	0.372892	0.627108	6.010475
1770	-3797.316	-3940.055	142.7389	0.6424696	0.7690373	0.351144	0.648856	7.219678
1776	-3796.398	-3939.754	143.3557	0.764285	0.9970946	0.351144	0.648856	6.68647
1782	-3794.578	-3938.511	143.9327	0.8430264	0.9245823	0.360716	0.639284	6.371869
1788	-3798.606	-3943.204	144.5984	0.8132275	0.9351222	0.401751	0.598249	6.019977
1794	-3801.514	-3946.982	145.4674	0.8206825	0.940339	0.332379	0.667621	5.537182
1800	-3790.953	-3936.053	145.1003	0.8825677	0.940339	0.397867	0.602133	5.704717
1806	-3800.207	-3945.705	145.4975	0.8768648	0.7426307	0.555227	0.444773	5.613617
1812	-3798.578	-3943.378	144.8	0.8472827	1.010402	0.351658	0.648342	5.849327
1818	-3806.363	-3952.278	145.9154	0.9370188	0.7292992	0.455704	0.544296	5.359844
1824	-3802.991	-3948.774	145.7831	0.8586172	0.9106098	0.386561	0.613439	5.359844
1830	-3799.825	-3947.025	147.1994	0.982317	0.8961668	0.435448	0.564552	4.511471
1836	-3808.73	-3954.698	145.9678	0.9367758	0.9953221	0.41094	0.58906	5.166091
1842	-3805.045	-3950.065	145.0194	0.7861266	0.8886074	0.32463	0.67537	5.832099
1848	-3808.503	-3953.463	144.9598	1.059281	0.8886074	0.460755	0.539245	5.715197
1854	-3810.231	-3955.591	145.3605	0.90116	0.9096895	0.346547	0.653453	5.569598
1860	-3821.907	-3967.706	145.7989	0.8618381	0.6556534	0.314763	0.685237	5.518598
1866	-3812.752	-3958.366	145.6144	0.8579927	0.6265442	0.341594	0.658406	5.644183
1872	-3817.674	-3964.422	146.7487	0.9267731	0.8530657	0.361502	0.638498	4.821707
1878	-3798.919	-3944.415	145.4966	0.9294797	1.004526	0.402783	0.597217	5.425193
1884	-3811.091	-3957.652	146.5617	0.9670099	0.9177325	0.37484	0.62516	4.864026
1890	-3797.541	-3942.976	145.435	0.7860066	0.828126	0.375621	0.624379	5.641635
1896	-3812.937	-3957.558	144.621	0.8382345	0.9211632	0.347956	0.652044	6.002032
1902	-3810.204	-3955.017	144.8137	0.8001041	0.6651214	0.351312	0.648688	6.084444
1908	-3803.958	-3949.661	145.7032	0.88284	0.8399454	0.433233	0.566767	5.433558
1914	-3807.928	-3954.288	146.3602	0.8529706	0.8702378	0.399279	0.600721	5.068149
1920	-3797.607	-3942.918	145.3111	0.8931089	0.7004465	0.413314	0.586686	5.736385
1926	-3797.976	-3943.248	145.2715	0.8898452	0.855062	0.317564	0.682436	5.657563
1932	-3807.555	-3952.148	144.5925	0.9944377	0.8121648	0.373032	0.626968	5.998579
1938	-3816.264	-3962.926	146.6619	0.9315979	0.7647114	0.359986	0.640014	4.925003
1944	-3815.05	-3961.181	146.1317	1.008607	0.8212557	0.369672	0.630328	5.139322
1950	-3809.69	-3956.344	146.6531	0.9103329	0.7821771	0.415877	0.584123	4.929983
1956	-3795.716	-3941.493	145.7768	0.8873597	0.8001233	0.358624	0.641376	5.415939
1962	-3803.009	-3949.636	146.6277	0.8187536	0.6650364	0.332334	0.667666	5.07776
1968	-3802.526	-3948.474	145.9478	0.9257262	0.9184782	0.335993	0.664007	5.227238
1974	-3812.855	-3957.831	144.9753	0.7789247	0.8309262	0.224704	0.775296	5.895404
1980	-3801.695	-3946.783	145.0887	0.9334249	0.66256	0.420754	0.579246	5.86354
1986	-3801.074	-3945.199	144.1249	0.8286479	0.7734134	0.393542	0.606458	6.368233
1992	-3806.812	-3952.766	145.9542	1.039581	0.7734134	0.490124	0.509876	5.251682
1998	-3808.704	-3954.538	145.8338	0.9956966	0.9182917	0.376761	0.623239	5.251682
2004	-3806.635	-3952.92	146.2852	1.052683	1.024647	0.378424	0.621576	4.909375
2010	-3804.048	-3949.375	145.3274	0.9588256	0.7865698	0.378424	0.621576	5.632566
2016	-3801.383	-3947.603	146.22	0.9479237	0.9923982	0.385905	0.614095	5.021728
2022	-3798.296	-3945.96	147.6645	0.96328	0.8578971	0.397174	0.602826	4.283632
2028	-3802.043	-3948.246	146.2029	0.9347764	0.8578971	0.454233	0.545767	5.117652
2034	-3801.169	-3946.969	145.7996	0.9487529	1.024726	0.399991	0.600009	5.236343
2040	-3794.834	-3940.776	145.9417	1.034662	0.8114752	0.436482	0.563518	5.236343
2046	-3790.611	-3936.863	146.2525	1.036491	0.7733047	0.311183	0.688817	5.088395
2052	-3800.751	-3945.991	145.24	0.8872552	0.7733047	0.315083	0.684917	5.72847
2058	-3791.207	-3936.267	145.0597	0.8441326	0.7942898	0.468354	0.531646	5.837004
2064	-3803.772	-3948.165	144.3936	0.8789125	1.234243	0.453449	0.546551	5.94171
2070	-3800.164	-3945.185	145.0212	0.8967339	1.058452	0.396344	0.603656	5.675509
2076	-3804.58	-3949.872	145.2926	0.9260984	1.147614	0.334637	0.665363	5.464735
2082	-3803.762	-3950.803	147.0411	1.027164	0.8403938	0.444885	0.555115	4.610013
2088	-3809.029	-3955.076	146.0471	0.9256004	0.8728514	0.347035	0.652965	5.199781
2094	-3801.194	-3946.556	145.3627	0.9614339	0.890975	0.326128	0.673872	5.546369
2100	-3795.601	-3940.459	144.8585	0.8283512	0.890975	0.364909	0.635091	5.89552
2106	-3814.214	-3960.535	146.3211	0.9046764	0.7155901	0.371434	0.628566	5.163172
2112	-3793.795	-3939.549	145.7541	0.8581407	0.8796937	0.312018	0.687982	5.394642
2118	-3792.987	-3940.095	147.1079	0.9826121	0.8025187	0.393765	0.606235	4.62211
2124	-3802.312	-3950.084	147.7721	0.9812043	0.9649433	0.34449	0.65551	4.147344
2130	-3802.273	-3949.17	146.8964	1.033871	0.9649433	0.373388	0.626612	4.611932
2136	-3798.017	-3945.158	147.1408	0.9943938	0.7802401	0.423182	0.576818	4.611932
2142	-3808.024	-3953.916	145.8915	0.9471285	0.7802401	0.33695	0.66305	5.332806
2148	-3808.494	-3953.179	144.6847	1.017025	0.7802401	0.407973	0.592027	5.956612
2154	-3811.932	-3957.682	145.7496	0.792187	0.8759473	0.312106	0.687894	5.435684
2160	-3820.989	-3967.108	146.1189	0.9810569	0.6236027	0.333722	0.666278	5.301168
2166	-3814.746	-3961.269	146.5236	0.8085514	0.8130827	0.465706	0.534294	5.03824
2172	-3813.041	-3957.171	144.1303	0.7685541	0.9404331	0.348685	0.651315	6.295982
2178	-3811.086	-3957.164	146.0773	0.9853427	0.8479619	0.396303	0.603697	5.165402
2184	-3805.593	-3951.484	145.8905	0.8293555	0.9037295	0.491162	0.508838	5.320862
2190	-3813.838	-3960.366	146.5276	0.8801278	0.681899	0.347649	0.652351	5.086682
2196	-3813.51	-3958.624	145.1139	0.9145785	1.003171	0.408298	0.591702	5.644516
2202	-3802.604	-3947.475	144.8709	0.7572735	0.7269326	0.278569	0.721431	6.032563
2208	-3800.078	-3946.206	146.1275	0.8023086	0.6576389	0.459063	0.540937	5.368987
2214	-3806.782	-3951.936	145.1549	0.9329203	0.8538977	0.437864	0.562136	5.69861
2220	-3808.369	-3954.869	146.5	0.8902596	0.9180648	0.437864	0.562136	4.940901
2226	-3811.045	-3955.906	144.8615	0.9617309	0.9411602	0.350583	0.649417	5.791665
2232	-3817.575	-3961.701	144.126	0.8195058	0.7620988	0.43794	0.56206	6.380028
2238	-3806.345	-3951.631	145.2859	0.9206727	0.681889	0.420658	0.579342	5.74841
2244	-3807.248	-3953.528	146.2794	0.9793668	0.7967016	0.408981	0.591019	5.089621
2250	-3807.632	-3953.143	145.5112	1.066618	0.9299015	0.325183	0.674817	5.383755
2256	-3807.18	-3953.162	145.9823	0.887803	1.029662	0.414617	0.585383	5.166356
2262	-3794.527	-3938.881	144.354	0.887803	0.7291652	0.414617	0.585383	6.241354
2268	-3791.906	-3936.203	144.2969	0.7814459	1.0611	0.385394	0.614606	6.132746
2274	-3807.322	-3953.122	145.8001	0.805928	0.6408488	0.295372	0.704628	5.55986
2280	-3804.488	-3949.727	145.2383	0.7700781	0.7933936	0.311389	0.688611	5.780391
2286	-3816.714	-3962.819	146.1057	0.9195563	0.6863635	0.443345	0.556655	5.295032
2292	-3810.835	-3957.21	146.3753	0.8614651	0.7437948	0.499049	0.500951	5.137374
2298	-3803.604	-3949.627	146.0237	0.9146096	0.9317401	0.499049	0.500951	5.183639
2304	-3800.485	-3946.671	146.1862	0.9470428	0.7917612	0.396589	0.603411	5.162379
2310	-3797.347	-3942.199	144.8527	0.8054621	0.897678	0.467266	0.532734	5.907252
2316	-3802.509	-3947.231	144.7216	0.942251	0.9313493	0.380437	0.619563	5.884442
2322	-3805.829	-3951.223	145.3937	0.8663907	1.002574	0.32558	0.67442	5.517606
2328	-3807.863	-3953.869	146.0062	0.9087296	0.7663474	0.382716	0.617284	5.299985
2334	-3796.764	-3942.956	146.1921	0.9252347	1.147566	0.380253	0.619747	4.967813
2340	-3791.89	-3937.771	145.8814	0.8712487	0.8441104	0.367553	0.632447	5.339098
2346	-3792.977	-3939.133	146.1561	0.8709147	0.8877078	0.465094	0.534906	5.160694
2352	-3796.509	-3942.921	146.4118	1.08544	0.9417417	0.390458	0.609542	4.867435
2358	-3794.806	-3940.131	145.3247	0.8513641	0.8973603	0.309238	0.690762	5.623893
2364	-3815.172	-3961.155	145.9831	0.9305189	0.7524657	0.407191	0.592809	5.310126
2370	-3807.839	-3953	145.1613	0.8236554	0.8302721	0.420442	0.579558	5.769656
2376	-3803.333	-3948.678	145.3445	0.8447824	0.9701649	0.426932	0.573068	5.574504
2382	-3814.178	-3960.351	146.1732	1.055976	0.6652864	0.376805	0.623195	5.197921
2388	-3800.853	-3947.197	146.344	1.014093	0.979627	0.361792	0.638208	4.923194
2394	-3812.924	-3957.627	144.7024	0.9757753	1.066994	0.404106	0.595894	5.802351
2400	-3808.396	-3953.23	144.8344	0.8137657	1.070786	0.389184	0.610816	5.816785
2406	-3804.7	-3949.457	144.7569	0.8234665	0.9603166	0.364235	0.635765	5.91354
2412	-3796.007	-3941.507	145.4994	0.9003082	0.7952283	0.438949	0.561051	5.564621
2418	-3807.39	-3953.826	146.4363	0.9133251	0.6921966	0.380893	0.619107	5.111412
2424	-3806.455	-3950.826	144.3705	0.7235331	0.7546185	0.405365	0.594635	6.304422
2430	-3814.109	-3960.811	146.7026	0.9088872	0.7262142	0.278197	0.721803	4.941659
2436	-3811.344	-3956.889	145.5453	0.7548151	0.865369	0.399206	0.600794	5.575069
2442	-3819.043	-3963.801	144.7583	0.9099877	0.7595409	0.390181	0.609819	5.988577
2448	-3809.375	-3954.934	145.5596	0.9001375	0.6630454	0.37571	0.62429	5.623474
2454	-3807.08	-3951.566	144.4857	0.7917495	0.8572823	0.369377	0.630623	6.139101
2460	-3801.262	-3947.626	146.3642	0.8951108	0.9226298	0.507947	0.492053	5.011004
2466	-3809.378	-3955.731	146.3536	0.8953342	0.9324707	0.54945	0.45055	5.011004
2472	-3802.951	-3948.074	145.1234	0.8443673	0.9246029	0.342351	0.657649	5.722046
2478	-3808.131	-3954.681	146.5497	0.9362701	0.816627	0.346304	0.653696	4.950459
2484	-3804.65	-3949.931	145.2807	0.9142722	0.8356316	0.326531	0.673469	5.651215
2490	-3810.915	-3954.942	144.0273	0.8295098	0.9065361	0.41197	0.58803	6.338341
2496	-3816.516	-3959.627	143.1108	0.7559513	0.7291931	0.282781	0.717219	6.985163
2502	-3794.87	-3939.63	144.7595	0.8199914	0.7823601	0.395332	0.604668	6.021875
2508	-3797.377	-3942.191	144.8145	0.8727669	0.9378898	0.315829	0.684171	5.8679
2514	-3804.236	-3949.025	144.789	0.7672039	0.9759566	0.305521	0.694479	5.918009
2520	-3808.585	-3954.735	146.15	0.7877687	0.7625486	0.333206	0.666794	5.289946
2526	-3808.467	-3956.123	147.6568	0.9563587	0.9989921	0.343016	0.656984	4.207288
2532	-3802.345	-3949.964	147.6194	0.9842875	0.7623129	0.39585	0.60415	4.360517
2538	-3803.944	-3950.996	147.0525	0.8752786	0.9028587	0.398508	0.601492	4.649946
2544	-3798.811	-3944.078	145.2667	0.8973169	0.6571707	0.357741	0.642259	5.78991
2550	-3798.425	-3943.975	145.5494	0.792846	0.8322313	0.334285	0.665715	5.572503
2556	-3798.71	-3945.105	146.3947	0.8531461	0.7340898	0.34119	0.65881	5.137949
2562	-3807.729	-3953.29	145.5611	0.8152617	0.7156428	0.369894	0.630106	5.631243
2568	-3809.72	-3955.893	146.1729	0.9752699	0.9082497	0.435764	0.564236	5.081195
2574	-3808.375	-3952.627	144.2519	0.7137501	0.6460862	0.353424	0.646576	6.450755
2580	-3804.653	-3950.002	145.3491	0.786205	0.7960247	0.45215	0.54785	5.709172
2586	-3798.056	-3943.526	145.4696	0.8086864	0.8767094	0.390137	0.609863	5.580133
2592	-3807.037	-3952.298	145.2611	0.830726	0.8767094	0.35458	0.64542	5.682441
2598	-3814.796	-3959.814	145.0185	0.9442362	0.9997069	0.487677	0.512323	5.682441
2604	-3810.794	-3958.083	147.2892	1.001238	0.8776516	0.372337	0.627663	4.461735
2610	-3806.707	-3953.794	147.0873	1.107894	1.019864	0.465975	0.534025	4.431936
2616	-3811.405	-3958.107	146.7022	1.10108	1.019864	0.370183	0.629817	4.652169
2622	-3818.373	-3964.773	146.3998	0.9462982	0.8948076	0.302164	0.697836	4.979395
2628	-3810.162	-3955.34	145.1781	0.8864316	0.7021753	0.333324	0.666676	5.811634
2634	-3802.54	-3949.463	146.9229	0.9252197	0.9002864	0.360529	0.639471	4.696098
2640	-3813.727	-3958.972	145.2456	0.8534915	0.8613435	0.302112	0.697888	5.687847
2646	-3797.374	-3944.317	146.9431	0.9941551	0.9773085	0.31694	0.68306	4.600935
2652	-3795.454	-3941.659	146.2053	0.8449408	0.8923652	0.359372	0.640628	5.144995
2658	-3801.933	-3947.097	145.1637	0.8030091	0.8923652	0.408128	0.591872	5.741618
2664	-3818.973	-3963.254	144.2811	0.7836996	0.929627	0.370195	0.629805	6.211981
2670	-3807.803	-3953.829	146.0254	0.8688772	0.7769509	0.441695	0.558305	5.304297
2676	-3811.984	-3958.156	146.1714	0.9768685	0.7769509	0.251226	0.748774	5.163885
2682	-3795.085	-3939.486	144.4009	0.8673489	0.7394882	0.359404	0.640596	6.219934
2688	-3798.651	-3942.574	143.9231	0.8111862	0.7218172	0.3874	0.6126	6.521776
2694	-3788.38	-3933.847	145.4668	0.8749597	0.8540218	0.42831	0.57169	5.559171
2700	-3803.061	-3949.387	146.3259	0.9334043	0.9061384	0.3617	0.6383	5.020768
2706	-3803.137	-3948.153	145.0158	0.8873629	0.6432171	0.387106	0.612894	5.942991
2712	-3793.654	-3940.859	147.2047	0.9851171	0.8571208	0.387106	0.612894	4.53116
2718	-3791.294	-3936.337	145.043	0.8546317	0.9065364	0.395059	0.604941	5.771058
2724	-3798.166	-3944.168	146.0013	1.011577	0.9065364	0.437597	0.562403	5.157174
2730	-3791.003	-3936.677	145.674	0.8735051	0.7019341	0.448764	0.551236	5.546977
2736	-3797.866	-3943.74	145.874	0.8261132	0.8880162	0.322519	0.677481	5.341122
2742	-3800.417	-3944.904	144.487	0.9851287	1.092072	0.445945	0.554055	5.902027
2748	-3795.013	-3941.208	146.195	0.8949091	0.9043541	0.440543	0.559457	5.115827
2754	-3785.197	-3932.172	146.975	0.9579996	0.863592	0.341457	0.658543	4.671193
2760	-3795.16	-3940.623	145.4628	0.8020548	0.9201956	0.438581	0.561419	5.561678
2766	-3798.518	-3944.124	145.6063	0.8321615	0.7674399	0.402823	0.597177	5.561678
2772	-3815.025	-3961.592	146.567	0.9504178	0.6748768	0.438065	0.561935	5.031033
2778	-3804.408	-3951.041	146.633	0.8802091	0.8506965	0.345355	0.654645	4.913568
2784	-3811.465	-3957.748	146.2822	1.100361	0.9725486	0.345355	0.654645	4.913568
2790	-3800.835	-3947.032	146.1967	0.8635218	0.9635888	0.389404	0.610596	5.097747
2796	-3804.798	-3950.692	145.8941	0.9381942	1.007383	0.3677	0.6323	5.199449
2802	-3805.557	-3950.998	145.441	0.9262078	0.7740573	0.411963	0.588037	5.596401
2808	-3800.939	-3947.407	146.468	0.8533783	0.77951	0.377886	0.622114	5.066262
2814	-3799.571	-3945.375	145.8041	0.9206637	0.77951	0.316529	0.683471	5.396077
2820	-3803.553	-3949.161	145.6079	0.9143038	1.030934	0.404071	0.595929	5.357855
2826	-3799.77	-3945.859	146.0893	0.898327	1.035777	0.30598	0.69402	5.097911
2832	-3791.13	-3937.241	146.1108	0.9841614	1.046676	0.382305	0.617695	5.032532
2838	-3797.931	-3942.467	144.536	0.9220809	0.7666514	0.430023	0.569977	6.098396
2844	-3804.703	-3949.22	144.5165	0.8984705	1.104778	0.44779	0.55221	5.926779
2850	-3804.673	-3948.247	143.5744	0.8125455	0.988445	0.453536	0.546464	6.546799
2856	-3797.409	-3942.278	144.8693	0.7590273	0.9352369	0.388863	0.611137	5.901599
2862	-3795.449	-3942.16	146.7113	0.8976304	0.8716874	0.366958	0.633042	4.847182
2868	-3800.109	-3945.14	145.0309	0.8679957	1.082531	0.489444	0.510556	5.673369
2874	-3799.874	-3945.003	145.1293	0.8156157	0.7315751	0.331841	0.668159	5.85645
2880	-3796.585	-3942	145.4145	0.894256	0.9979708	0.381217	0.618783	5.493391
2886	-3809.108	-3956.493	147.3854	1.04115	0.9979708	0.253782	0.746218	4.313607
2892	-3804.987	-3952.169	147.1814	1.014529	0.7329419	0.28306	0.71694	4.610467
2898	-3812.346	-3959.873	147.5276	1.039486	0.7527982	0.424714	0.575286	4.38776
2904	-3802.045	-3948.644	146.5997	0.8560905	0.8320724	0.411412	0.588588	4.957345
2910	-3796.123	-3943.23	147.1064	0.9974759	0.8422043	0.382757	0.617243	4.588861
2916	-3808.489	-3953.537	145.0479	0.8195415	0.7531881	0.333621	0.666379	5.884057
2922	-3806.149	-3951.608	145.4593	0.8312738	0.8141988	0.337153	0.662847	5.612331
2928	-3820.049	-3965.64	145.5916	0.7302636	0.7876093	0.346259	0.653741	5.612331
2934	-3823.919	-3968.513	144.5938	0.8631858	0.7657363	0.437826	0.562174	6.099618
2940	-3800.528	-3946.646	146.1182	0.8705342	0.7554731	0.39046	0.60954	5.266607
2946	-3814.948	-3960.836	145.8881	0.9784452	0.8791284	0.39046	0.60954	5.254622
2952	-3814.252	-3960.564	146.3119	0.7930631	0.7105534	0.360221	0.639779	5.233604
2958	-3803.369	-3949.593	146.2247	0.9481071	0.8443839	0.426532	0.573468	5.106605
2964	-3807.517	-3953.003	145.4856	0.8784919	0.9007671	0.315007	0.684993	5.518562
2970	-3821.197	-3967.475	146.2779	0.8969903	0.8747649	0.484722	0.515278	5.086623
2976	-3816.32	-3962.522	146.2018	0.9711131	0.8765101	0.396926	0.603074	5.086623
2982	-3819.242	-3965.253	146.0107	0.7986858	0.8668198	0.344553	0.655447	5.293739
2988	-3817.243	-3960.726	143.4834	0.8149795	0.8340877	0.258125	0.741875	6.684314
2994	-3813.793	-3959.703	145.9106	1.08953	0.9056554	0.34541	0.65459	5.164772
3000	-3817.302	-3963.24	145.9381	0.8964478	0.6805268	0.362027	0.637973	5.404513
3006	-3812.057	-3957.531	145.4741	0.9649356	1.13619	0.351995	0.648005	5.349085
3012	-3827.475	-3972.18	144.7048	0.8679323	1.052193	0.403721	0.596279	5.867753
3018	-3825.095	-3970.689	145.594	0.8794513	0.9283898	0.406914	0.593086	5.442132
3024	-3800.864	-3946.442	145.5778	0.8919066	0.7535209	0.436631	0.563369	5.553848
3030	-3799.833	-3946.897	147.064	1.024941	0.8147427	0.449084	0.550916	4.614954
3036	-3800.862	-3946.999	146.1366	1.011942	0.631324	0.345502	0.654498	5.268312
3042	-3801.193	-3946.629	145.4354	0.9567246	0.6018154	0.420407	0.579593	5.707583
3048	-3815.278	-3960.23	144.9529	1.028501	0.7400317	0.290561	0.709439	5.830739
3054	-3811.664	-3957.271	145.6067	0.9433715	0.7124788	0.38895	0.61105	5.538062
3060	-3816.859	-3964.449	147.5905	0.8992261	0.7402579	0.38895	0.61105	4.440208
3066	-3810.56	-3958.024	147.464	0.995605	0.7625725	0.38895	0.61105	4.441619
3072	-3806.109	-3953.8	147.6913	1.188239	0.724024	0.383717	0.616283	4.23145
3078	-3808.165	-3953.859	145.6932	0.8745668	0.7763655	0.383717	0.616283	5.484628
3084	-3812.324	-3956.197	143.8736	0.8496819	0.7944957	0.295787	0.704213	6.479351
3090	-3801.902	-3945.88	143.978	0.7653312	0.7777325	0.397429	0.602571	6.479351
3096	-3806.648	-3952.814	146.1662	1.024802	0.7777325	0.357698	0.642302	5.139711
3102	-3805.733	-3951.539	145.8067	0.8054979	0.8848789	0.386606	0.613394	5.391493
3108	-3804.966	-3950.317	145.3507	0.7598757	0.8379287	0.413041	0.586959	5.696056
3114	-3803.755	-3949.463	145.7089	0.8460808	0.7650732	0.434189	0.565811	5.499209
3120	-3800.362	-3945.591	145.2292	0.8500459	0.6731067	0.371352	0.628648	5.824544
3126	-3792.008	-3937.882	145.874	0.8566567	0.6731067	0.339086	0.660914	5.46717
3132	-3807.419	-3954.803	147.384	0.9973837	0.7074517	0.323706	0.676294	4.524589
3138	-3806.714	-3951.647	144.9329	0.8902854	0.844952	0.366891	0.633109	5.849007
3144	-3809.589	-3954.2	144.611	0.7901592	0.8421296	0.366891	0.633109	6.081032
3150	-3820.406	-3965.799	145.3923	0.9604657	0.6270557	0.256734	0.743266	5.709412
3156	-3812.08	-3958.5	146.4208	0.8358129	0.713037	0.324303	0.675697	5.147955
3162	-3804.403	-3950.82	146.4165	0.8609762	0.6950962	0.311476	0.688524	5.149265
3168	-3805.262	-3951.647	146.3855	0.9379389	0.7092056	0.374797	0.625203	5.113633
3174	-3806.562	-3952.489	145.9266	0.9963279	0.8861375	0.475052	0.524948	5.219215
3180	-3805.901	-3952.875	146.9735	0.9175781	0.8292434	0.237838	0.762162	4.716374
3186	-3803.644	-3949.55	145.906	0.9749466	0.6269283	0.269784	0.730216	5.419329
3192	-3810.285	-3956.202	145.9171	0.9510083	1.024412	0.407535	0.592465	5.170312
3198	-3816.478	-3962.638	146.1594	0.8772969	0.6590602	0.261127	0.738873	5.308957
3204	-3823.805	-3971.263	147.4583	0.9913125	0.695381	0.371669	0.628331	4.495048
3210	-3804.927	-3951.765	146.8377	1.102882	1.004712	0.356217	0.643783	4.58356
3216	-3815.764	-3963.647	147.8833	1.118035	0.8870299	0.289632	0.710368	4.053086
3222	-3810.56	-3956.662	146.1018	0.8645083	0.8787033	0.411027	0.588973	5.199714
3228	-3820.049	-3966.89	146.8404	0.9574247	0.8279221	0.423596	0.576404	4.769353
3234	-3810.003	-3954.586	144.5829	0.9007466	0.9546421	0.428458	0.571542	5.969583
3240	-3807.889	-3954.845	146.9566	1.138646	0.7388501	0.278997	0.721003	4.662769
3246	-3802.258	-3948.247	145.9888	0.8836829	1.126225	0.293028	0.706972	5.114464
3252	-3799.384	-3947.035	147.6511	1.01506	0.860192	0.370632	0.629368	4.260498
3258	-3798.455	-3944.858	146.4024	0.8828876	0.8045313	0.405833	0.594167	5.06978
3264	-3805.826	-3952.291	146.4648	0.9176711	0.8045313	0.332273	0.667727	5.015812
3270	-3800.204	-3946.078	145.874	0.8982733	0.6481953	0.38877	0.61123	5.462864
3276	-3793.041	-3939.132	146.0917	0.8689612	0.8300499	0.375854	0.624146	5.233112
3282	-3794.534	-3939.218	144.6838	0.7799777	0.8592403	0.350648	0.649352	6.036433
3288	-3796.683	-3941.743	145.0606	0.8124818	0.8413676	0.350648	0.649352	5.823902
3294	-3794.388	-3939.526	145.1387	0.8469235	0.9458324	0.406326	0.593674	5.700052
3300	-3804.947	-3950.44	145.4925	0.8225647	1.059871	0.406326	0.593674	5.456552
3306	-3802.443	-3949.398	146.9547	1.058148	1.061463	0.342276	0.657724	4.511844
3312	-3791.775	-3937.318	145.5435	0.8804413	0.8026804	0.316369	0.683631	5.546441
3318	-3792.274	-3936.249	143.975	0.8209767	0.8657997	0.392582	0.607418	6.395547
3324	-3806.425	-3950.858	144.4327	0.8605053	0.9813383	0.323487	0.676513	6.058484
3330	-3819.39	-3964.853	145.4627	0.8177711	0.8814344	0.363737	0.636263	5.576089
3336	-3812.338	-3957.329	144.9908	0.7928933	0.8485071	0.363737	0.636263	5.868358
3342	-3807.005	-3953.333	146.3276	0.9744633	0.8485071	0.351226	0.648774	5.032331
3348	-3808.601	-3954.413	145.8118	0.8271317	0.9148477	0.399905	0.600095	5.358908
3354	-3810.552	-3957.139	146.5865	0.953079	1.107215	0.338086	0.661914	4.752998
3360	-3809.697	-3955.715	146.0179	0.8520545	0.8403084	0.451031	0.548969	5.276766
3366	-3802.505	-3947.001	144.4962	0.8716325	0.7611685	0.324934	0.675066	6.151156
3372	-3809.192	-3952.37	143.178	0.8590221	0.8819705	0.435603	0.564397	6.796495
3378	-3791.619	-3934.864	143.2448	0.8211831	0.8558493	0.331605	0.668395	6.796495
3384	-3788.667	-3934.222	145.5552	0.9071702	0.8558493	0.381828	0.618172	5.491748
3390	-3799.728	-3944.166	144.4379	0.8986471	0.8090042	0.218078	0.781922	6.137017
3396	-3793.35	-3937.922	144.5721	0.856598	0.8939189	0.420662	0.579338	6.034692
3402	-3803.374	-3947.93	144.5561	0.856598	0.9933832	0.340114	0.659886	5.986744
3408	-3804.709	-3951.877	147.1674	1.065026	0.8611626	0.349456	0.650544	4.504645
3414	-3808.016	-3954.839	146.8231	1.065026	1.146791	0.353993	0.646007	4.537414
3420	-3795.803	-3942.763	146.9598	0.9749532	0.8815409	0.359832	0.640168	4.659029
3426	-3807.442	-3952.206	144.764	0.9130358	0.6873944	0.355842	0.644158	6.033778
3432	-3812.214	-3957.45	145.236	0.7886183	0.6535772	0.38588	0.61412	5.868843
3438	-3805.061	-3950.008	144.9471	0.8357227	0.6862095	0.380563	0.619437	5.976965
3444	-3810.421	-3954.521	144.0998	0.7773965	0.8901745	0.401598	0.598402	6.336881
3450	-3802.832	-3949.725	146.8925	0.9663948	0.8901745	0.414738	0.585262	4.696221
3456	-3809.13	-3955.67	146.5403	1.126464	1.079781	0.417857	0.582143	4.696221
3462	-3810.284	-3958.023	147.7393	1.1268	1.079781	0.287437	0.712563	4.018666
3468	-3819.84	-3968.224	148.3836	1.206795	1.14999	0.321608	0.678392	3.564153
3474	-3815.33	-3959.042	143.7123	0.7814297	0.735004	0.339616	0.660384	6.642888
3480	-3800.066	-3944.136	144.0697	0.8062624	0.8676017	0.339616	0.660384	6.351084
3486	-3799.302	-3942.781	143.4788	0.7355099	0.842425	0.496569	0.503431	6.724589
3492	-3799.05	-3944.402	145.3513	0.9994126	0.842425	0.422114	0.577886	5.561467
3498	-3805.697	-3952.036	146.3395	0.9559628	0.712933	0.370311	0.629689	5.126491
3504	-3824.227	-3970.041	145.814	1.009657	0.8598746	0.40521	0.59479	5.290138
3510	-3796.187	-3941.41	145.2227	0.8083456	0.9994951	0.324349	0.675651	5.645091
3516	-3790.371	-3935.451	145.0801	0.8562105	0.9994951	0.344939	0.655061	5.697046
3522	-3792.234	-3937.93	145.6957	0.8908314	0.8560756	0.402916	0.597084	5.423233
3528	-3800.554	-3945.977	145.4232	1.001906	1.12081	0.388828	0.611172	5.364477
3534	-3801.042	-3946.669	145.6266	0.9077211	0.8487549	0.386995	0.613005	5.456509
3540	-3807.894	-3955.072	147.1779	1.072032	0.9268091	0.362567	0.637433	4.454633
3546	-3813.981	-3960.616	146.6347	0.9097241	0.7905768	0.494924	0.505076	4.934988
3552	-3807.422	-3951.758	144.3366	0.755172	0.9292433	0.340416	0.659584	6.197542
3558	-3800.531	-3945.442	144.9108	0.8828738	0.9292433	0.381723	0.618277	5.81469
3564	-3797.973	-3943.221	145.2483	0.9771797	0.927061	0.348666	0.651334	5.579278
3570	-3798.201	-3943.715	145.5138	0.8916711	0.927061	0.354945	0.645055	5.480325
3576	-3802.469	-3948.627	146.1581	0.8916711	0.8486724	0.327764	0.672236	5.172076
3582	-3797.828	-3943.142	145.3142	0.8146755	0.8553191	0.394455	0.605545	5.675224
3588	-3801.649	-3945.924	144.2756	0.8442027	0.8553191	0.437446	0.562554	6.226089
3594	-3809.381	-3953.693	144.3125	0.904057	0.7722832	0.392162	0.607838	6.226089
3600	-3805.128	-3951.078	145.9499	0.8799078	0.7552756	0.362687	0.637313	5.354427
3606	-3796.159	-3942.051	145.8915	0.8166716	0.8589163	0.352547	0.647453	5.354427
3612	-3794.776	-3940.764	145.9877	0.8630444	0.7543922	0.417775	0.582225	5.343515
3618	-3810.763	-3956.438	145.6746	0.8810217	0.8510769	0.486021	0.513979	5.443375
3624	-3808.123	-3955.014	146.8909	1.057078	0.564053	0.331	0.669	4.879275
3630	-3809.873	-3957.2	147.3261	1.023828	0.564053	0.308951	0.691049	4.654745
3636	-3808.105	-3951.716	143.611	0.7296623	0.8439834	0.308951	0.691049	6.655383
3642	-3810.458	-3957.05	146.5915	0.8894646	0.7925793	0.382889	0.617111	4.968957
3648	-3803.709	-3950.051	146.3418	0.9417408	0.9726228	0.384741	0.615259	4.968596
3654	-3799.85	-3945.498	145.6482	0.8147097	0.6558576	0.384741	0.615259	5.627118
3660	-3799.906	-3945.525	145.6193	0.9102036	0.8012183	0.384741	0.615259	5.489363
3666	-3806.845	-3952.417	145.572	0.9551994	0.8031849	0.38489	0.61511	5.489363
3672	-3806.345	-3952.454	146.1086	1.030512	0.905475	0.455829	0.544171	5.087862
3678	-3804.863	-3951.018	146.1547	0.9342875	0.69661	0.455829	0.544171	5.252429
3684	-3798.984	-3944.427	145.4433	0.9296554	0.7990714	0.375319	0.624681	5.576793
3690	-3801.511	-3948.46	146.9491	1.084712	0.7537774	0.405799	0.594201	4.686761
3696	-3804.616	-3949.815	145.1999	0.7268027	0.6774085	0.302303	0.697697	5.904782
3702	-3799.121	-3944.687	145.5662	0.8873947	0.7727409	0.464479	0.535521	5.549813
3708	-3804.054	-3949.763	145.7098	0.9406934	0.9015001	0.434303	0.565697	5.360415
3714	-3809.641	-3955.786	146.145	0.9174714	0.8239277	0.347389	0.652611	5.18072
3720	-3810.263	-3956.379	146.1159	0.8601417	0.7568379	0.3185	0.6815	5.272674
3726	-3817.988	-3961.969	143.9804	0.8098147	0.7272547	0.281394	0.718606	6.487725
3732	-3805.508	-3950.994	145.4859	0.8659337	0.7610901	0.362468	0.637532	5.613494
3738	-3811.317	-3958.4	147.083	0.8170815	0.6360509	0.308138	0.691862	4.8476
3744	-3810.421	-3955.95	145.5295	0.9070949	0.8420899	0.417512	0.582488	5.514439
3750	-3803.381	-3948.539	145.1584	0.8043984	0.7713658	0.36785	0.63215	5.819782
3756	-3800.292	-3944.02	143.7279	0.8043984	0.9452389	0.348417	0.651583	6.49208
3762	-3793.677	-3939.99	146.3126	0.900404	0.7790059	0.397504	0.602496	5.12666
3768	-3805.964	-3952.759	146.7952	0.8587677	0.6295763	0.37619	0.62381	4.98967
3774	-3803.596	-3950.062	146.467	0.8587677	0.8898952	0.380547	0.619453	4.99367
3780	-3784.716	-3930.296	145.5806	0.8342319	0.7846077	0.361928	0.638072	5.563283
3786	-3788.371	-3932.793	144.4218	0.7457348	0.7417183	0.34347	0.65653	6.273191
3792	-3793.37	-3939.744	146.3741	0.9553455	0.7998043	0.376963	0.623037	5.04834
3798	-3801.586	-3949.218	147.6313	0.9479782	0.6305971	0.369405	0.630595	4.471433
3804	-3799.587	-3945.456	145.8687	0.7960186	0.7681348	0.447244	0.552756	5.436749
3810	-3791.947	-3937.74	145.7932	0.8433333	0.9805567	0.338494	0.661506	5.322458
3816	-3798.368	-3944.323	145.9548	0.8574968	0.883386	0.416346	0.583654	5.28203
3822	-3790.406	-3934.974	144.5676	0.7321449	0.9129048	0.376734	0.623266	6.093809
3828	-3793.067	-3938.828	145.7612	0.8654657	0.7407671	0.397472	0.602528	5.476289
3834	-3793.09	-3939.172	146.0817	0.9265821	0.840416	0.38826	0.61174	5.200209
3840	-3803.092	-3948.82	145.7278	0.9846179	0.9065078	0.466554	0.533446	5.323268
3846	-3806.277	-3954.405	148.1276	1.077629	0.8781622	0.391222	0.608778	3.942141
3852	-3809.019	-3954.058	145.0393	0.9493643	0.8640561	0.469093	0.530907	5.746683
3858	-3808.29	-3954.575	146.2849	0.9230171	0.911531	0.448945	0.551055	5.046083
3864	-3809.004	-3954.598	145.5943	0.8703	0.8635745	0.32172	0.67828	5.485724
3870	-3815.702	-3958.999	143.2969	0.7388281	1.17696	0.42769	0.57231	6.640562
3876	-3812.879	-3957.908	145.0292	0.9571569	0.898663	0.414623	0.585377	5.727104
3882	-3814.67	-3959.839	145.1686	0.8280778	0.7465714	0.393274	0.606726	5.817877
3888	-3816.039	-3960.207	144.1679	0.9186062	1.079671	0.376121	0.623879	6.118698
3894	-3806.509	-3952.874	146.3649	0.8720955	0.9149164	0.417754	0.582246	5.027977
3900	-3802.468	-3949.608	147.1399	0.913001	0.7988586	0.363481	0.636519	4.645622
3906	-3810.905	-3957.997	147.0919	1.051111	0.7988586	0.388947	0.611053	4.595087
3912	-3802.835	-3948.405	145.5704	0.9810898	0.8207104	0.261379	0.738621	5.464755
3918	-3812.14	-3957.567	145.4269	1.00821	0.9488313	0.298273	0.701727	5.451479
3924	-3809.995	-3955.605	145.6109	0.9843994	0.6826621	0.386114	0.613886	5.534631
3930	-3806.788	-3953.779	146.9917	0.9638413	0.7055814	0.390148	0.609852	4.764598
3936	-3808.414	-3955.092	146.6776	0.9879665	0.6981061	0.390148	0.609852	4.931652
3942	-3805.256	-3952.358	147.1014	0.9879665	0.8879448	0.475293	0.524707	4.568417
3948	-3802.034	-3949.158	147.1239	0.965471	0.8879448	0.488465	0.511535	4.568417
3954	-3800.473	-3947.096	146.6235	0.9389019	0.9233565	0.417487	0.582513	4.841893
3960	-3799.945	-3945.937	145.9929	0.879422	0.923642	0.400935	0.599065	5.224831
3966	-3788.234	-3933.308	145.0746	0.8244905	0.8462492	0.44456	0.55544	5.806681
3972	-3801.103	-3946.282	145.1795	0.9439603	0.8123799	0.400911	0.599089	5.7051
3978	-3808.527	-3953.318	144.7916	0.918658	0.8123799	0.364941	0.635059	5.93118
3984	-3802.558	-3947.421	144.8625	0.8967869	0.8123799	0.365814	0.634186	5.904374
3990	-3803.335	-3947.881	144.5456	0.8052122	0.8889662	0.382643	0.617357	6.080047
3996	-3815.619	-3961.004	145.3855	0.8069587	0.8889662	0.447833	0.552167	5.619891
4002	-3812.91	-3959.948	147.0375	1.040352	0.6994409	0.311331	0.688669	4.700636
4008	-3809.047	-3956.037	146.9896	1.025016	0.9981183	0.318367	0.681633	4.545702
4014	-3809.717	-3953.095	143.3773	0.7987075	0.8006256	0.30985	0.69015	6.771405
4020	-3802.469	-3946.75	144.2813	0.7891466	0.9159652	0.256583	0.743417	6.216781
4026	-3817.465	-3962.607	145.1421	0.8201788	0.9159652	0.466014	0.533986	5.7301
4032	-3814.253	-3960.979	146.7262	0.8931256	0.6531551	0.320249	0.679751	4.990712
4038	-3812.077	-3958.855	146.7782	0.9960388	0.9556497	0.320133	0.679867	4.704698
4044	-3804.729	-3950.862	146.1335	0.9589677	1.002833	0.363135	0.636865	5.057809
4050	-3802.764	-3948.284	145.5207	0.9014929	0.7817578	0.389396	0.610604	5.561098
4056	-3807.952	-3954.12	146.1681	0.9069684	0.8181082	0.405744	0.594256	5.177469
4062	-3817.647	-3960.889	143.2417	0.7860034	0.9619153	0.354802	0.645198	6.755621
4068	-3798.404	-3942.929	144.5245	0.8882312	0.791544	0.351556	0.648444	6.106796
4074	-3814.428	-3961.833	147.404	1.020223	0.6381551	0.43947	0.56053	4.55268
4080	-3815.212	-3962.056	146.844	0.9002869	1.150941	0.427779	0.572221	4.616058
4086	-3813.62	-3959.449	145.8285	0.8933683	0.8588435	0.431984	0.568016	5.346923
4092	-3817.298	-3960.607	143.3087	0.7277082	0.7358278	0.307206	0.692794	6.889229
4098	-3810.771	-3954.477	143.7066	0.7796317	0.7537858	0.276702	0.723298	6.63433
4104	-3810.13	-3953.792	143.6622	0.8695551	0.8455321	0.403397	0.596603	6.551051
4110	-3830.626	-3973.126	142.5001	0.7112558	0.9385918	0.241849	0.758151	7.208337
4116	-3820.087	-3964.362	144.2748	0.8328993	0.9385918	0.241593	0.758407	6.183496
4122	-3815.652	-3960.782	145.1296	0.8215788	1.011745	0.269551	0.730449	5.682216
4128	-3806.453	-3951.969	145.5163	0.8260829	0.8714384	0.373559	0.626441	5.548142
4134	-3810.265	-3955.611	145.346	0.770344	0.8799885	0.396785	0.603215	5.667067
4140	-3803.633	-3949.061	145.4279	0.8539459	0.7039538	0.492551	0.507449	5.691357
4146	-3806.105	-3950.6	144.4949	0.892399	1.102639	0.4518	0.5482	5.942997
4152	-3815.322	-3960.115	144.793	0.9488433	0.9989338	0.301453	0.698547	5.803824
4158	-3804.98	-3950.211	145.2314	0.8408091	0.9989338	0.454841	0.545159	5.622848
4164	-3797.128	-3943.654	146.5264	0.9426105	0.9989338	0.355377	0.644623	4.850557
4170	-3816.872	-3961.211	144.3382	0.8499409	0.7891976	0.353131	0.646869	6.230484
4176	-3817.017	-3960.732	143.7146	0.7723165	0.9092183	0.361454	0.638546	6.537292
4182	-3812.337	-3956.143	143.806	0.766503	0.8260174	0.358322	0.641678	6.541053
4188	-3805.501	-3948.997	143.4953	0.766503	0.8260174	0.351205	0.648795	6.709108
4194	-3803.924	-3949.282	145.3576	0.8627046	0.7093231	0.357839	0.642161	5.721291
4200	-3799.112	-3944.448	145.3357	0.7774723	0.6786202	0.444719	0.555281	5.801917
4206	-3800.345	-3946.495	146.1506	0.921408	0.5507678	0.262138	0.737862	5.375927
4212	-3796.391	-3942.229	145.8389	0.8272866	0.8616276	0.343514	0.656486	5.375927
4218	-3801.521	-3946.982	145.4606	0.8886075	0.9059624	0.324967	0.675033	5.523677
4224	-3798.321	-3944.14	145.8195	0.8395327	0.6336428	0.335384	0.664616	5.536258
4230	-3797.058	-3941.683	144.6254	0.8352968	0.7105673	0.432084	0.567916	6.135204
4236	-3798.911	-3944.733	145.8219	0.816001	0.7616132	0.374848	0.625152	5.455879
4242	-3801.939	-3949.191	147.2525	0.9466707	0.7312494	0.348786	0.651214	4.609867
4248	-3807.627	-3953.805	146.178	0.9651025	1.055623	0.443482	0.556518	5.00099
4254	-3797.853	-3943.15	145.2972	0.9424854	0.9597674	0.359301	0.640699	5.552687
4260	-3800.161	-3944.522	144.3601	0.8345932	1.104142	0.429113	0.570887	6.047291
4266	-3793.863	-3939.104	145.2402	0.8345932	0.8983085	0.405856	0.594144	5.678841
4272	-3795.024	-3938.806	143.7822	0.7455651	1.074835	0.453758	0.546242	6.424789
4278	-3796.944	-3943.373	146.4291	0.9991475	0.7858901	0.37728	0.62272	5.002696
4284	-3793.527	-3938.565	145.0379	0.8012208	0.8113723	0.44441	0.55559	5.861409
4290	-3795.824	-3942.627	146.8028	0.9808366	0.8113723	0.343721	0.656279	4.788011
4296	-3794.679	-3941.517	146.838	1.029826	0.7416193	0.502507	0.497493	4.788011
4302	-3792.506	-3938.265	145.7588	0.9413312	0.7447171	0.377565	0.622435	5.433139
4308	-3804.13	-3946.338	142.208	0.7276869	1.013119	0.377565	0.622435	7.31563
4314	-3803.342	-3947.383	144.0411	0.8256257	0.8633006	0.417663	0.582337	6.358694
4320	-3806.261	-3951.821	145.56	0.9328722	0.7652223	0.349979	0.650021	5.533231
4326	-3809.937	-3955.482	145.5447	0.8036517	0.7793959	0.259794	0.740206	5.60318
4332	-3812.362	-3956.674	144.3123	0.9803601	0.7793959	0.313759	0.686241	6.180048
4338	-3799.338	-3944.723	145.3852	0.9539727	0.8801043	0.366443	0.633557	5.544637
4344	-3809.213	-3954.806	145.5928	0.9693368	0.9153256	0.386336	0.613664	5.400929
4350	-3803.385	-3949.601	146.2154	0.8633533	0.7850219	0.333769	0.666231	5.197018
4356	-3790.378	-3936.69	146.3125	0.9115808	0.7417346	0.378602	0.621398	5.145859
4362	-3800.729	-3949.322	148.5934	1.103285	0.793811	0.366062	0.633938	3.714923
4368	-3807.863	-3955.428	147.5649	1.038467	0.6725002	0.366062	0.633938	4.425524
4374	-3797.68	-3944.874	147.1946	1.023544	0.8266346	0.33767	0.66233	4.534704
4380	-3793.934	-3940.104	146.1705	0.9494371	0.6118799	0.325901	0.674099	5.299355
4386	-3793.793	-3940.203	146.4101	0.9590834	0.821094	0.584438	0.415562	5.012468
4392	-3799.541	-3944.821	145.2801	0.9118043	0.8451735	0.276384	0.723616	5.646915
4398	-3796.921	-3942.408	145.4868	0.875178	0.7779057	0.393564	0.606436	5.596699
4404	-3797.873	-3942.847	144.9742	0.8772043	0.7803841	0.371644	0.628356	5.874742
4410	-3801.442	-3946.831	145.3895	0.7556148	0.73572	0.402583	0.597417	5.744089
4416	-3806.564	-3953.137	146.573	0.8512552	0.9076003	0.392897	0.607103	4.928201
4422	-3808.737	-3956.922	148.1851	1.110585	0.5826911	0.500566	0.499434	4.105058
4428	-3798.596	-3945.093	146.4971	0.8250563	0.6698786	0.292139	0.707861	5.143017
4434	-3800.257	-3945.589	145.3323	0.860949	0.826831	0.309427	0.690573	5.657689
4440	-3809.128	-3956.257	147.1285	0.9956228	0.986041	0.392884	0.607116	4.490965
4446	-3802.481	-3949.846	147.3644	0.9600472	0.802217	0.393725	0.606275	4.490965
4452	-3807.723	-3955.171	147.4482	1.00697	0.802217	0.331126	0.668874	4.417299
4458	-3801.222	-3946.752	145.5298	0.8096297	0.802217	0.319769	0.680231	5.59319
4464	-3804.828	-3951.043	146.2144	0.8867754	0.8732739	0.302645	0.697355	5.128391
4470	-3806.698	-3954.427	147.7285	1.069981	0.7098773	0.376175	0.623825	4.287584
4476	-3808.394	-3955.868	147.4739	1.023306	0.7333087	0.348069	0.651931	4.440864
4482	-3814.551	-3959.799	145.2479	0.7598961	0.8370248	0.393227	0.606773	5.752924
4488	-3806.176	-3952.262	146.0864	0.9669977	0.7100283	0.491257	0.508743	5.262501
4494	-3823.279	-3970.623	147.3441	0.9646444	0.8611209	0.321374	0.678626	4.461766
4500	-3811.027	-3957.129	146.1014	0.9271443	0.9662755	0.351457	0.648543	5.113754
4506	-3814.73	-3958.827	144.0969	0.7199023	0.9556657	0.426428	0.573572	6.331928
4512	-3816.52	-3961.973	145.4529	0.8341643	1.099892	0.336409	0.663591	5.451179
4518	-3804.994	-3951.357	146.3628	0.9368428	1.099892	0.433305	0.566695	4.89064
4524	-3803.421	-3949.19	145.7691	0.8767836	0.8859792	0.406122	0.593878	5.372254
4530	-3807.344	-3953.844	146.4999	0.9185215	0.7900857	0.351718	0.648282	5.005378
4536	-3798.148	-3943.756	145.6077	0.9019407	1.020032	0.351718	0.648282	5.370677
4542	-3794.156	-3940.284	146.1281	0.8756652	1.007874	0.390957	0.609043	5.104223
4548	-3799.775	-3945.591	145.8162	0.9421409	0.6994792	0.323152	0.676848	5.432782
4554	-3796.242	-3941.685	145.4432	0.8637645	0.8576175	0.324567	0.675433	5.576062
4560	-3803.752	-3949.621	145.8684	0.9706464	1.118636	0.388857	0.611143	5.136852
4566	-3799.345	-3945.682	146.3373	0.9013435	0.8380022	0.368063	0.631937	5.074134
4572	-3796.664	-3941.827	145.1637	0.7834841	0.888582	0.368063	0.631937	5.754567
4578	-3805.501	-3950.791	145.2897	0.8778222	0.812341	0.466845	0.533155	5.681013
4584	-3802.749	-3949.341	146.5915	0.9166839	0.7419019	0.259866	0.740134	4.988106
4590	-3806.491	-3952.885	146.3936	0.9166839	0.9588309	0.399685	0.600315	4.961603
4596	-3801.229	-3947.543	146.314	0.8422635	1.060081	0.365953	0.634047	4.991284
4602	-3806.718	-3953.41	146.6925	0.8441085	1.220741	0.413458	0.586542	4.69805
4608	-3818.382	-3962.207	143.8256	0.8566141	0.7955751	0.413458	0.586542	6.500905
4614	-3811.079	-3956.525	145.4459	0.8566141	0.7992299	0.413458	0.586542	5.615418
4620	-3812.542	-3958.875	146.3331	0.9421414	0.7959506	0.378867	0.621133	5.080953
4626	-3802.681	-3948.524	145.8429	0.8434168	0.7778436	0.372316	0.627684	5.418386
4632	-3805.925	-3950.263	144.3379	0.8192075	0.771982	0.363541	0.636459	6.258593
4638	-3791.632	-3937.954	146.3217	0.9040039	0.8696015	0.363541	0.636459	5.061608
4644	-3795.38	-3941.843	146.463	0.9883619	0.9846441	0.401796	0.598204	4.86838
4650	-3796.62	-3943.858	147.2383	1.019509	0.8060063	0.437713	0.562287	4.525917
4656	-3795.002	-3941.931	146.929	1.059584	1.021616	0.393588	0.606412	4.5472
4662	-3799.281	-3944.678	145.3975	1.000786	0.9678607	0.418482	0.581518	5.460922
4668	-3807.167	-3953.127	145.9602	0.9803138	0.9678607	0.356316	0.643684	5.161621
4674	-3814.001	-3959.812	145.8117	0.825258	1.176449	0.354301	0.645699	5.219835
4680	-3801.479	-3947.321	145.8428	0.8639748	1.099463	0.399571	0.600429	5.219835
4686	-3807.442	-3955.873	148.4308	1.185548	0.8164167	0.37983	0.62017	3.745999
4692	-3799.949	-3946.511	146.562	0.9660613	0.9875362	0.418121	0.581879	4.824027
4698	-3796.447	-3943.062	146.6152	0.9128557	0.9875362	0.420229	0.579771	4.824027
4704	-3794.675	-3941.36	146.6849	1.047695	0.643032	0.413975	0.586025	4.935514
4710	-3792.619	-3939.317	146.6986	0.9399058	0.9077108	0.348411	0.651589	4.808767
4716	-3793.694	-3941.08	147.3858	1.048693	0.9077108	0.436501	0.563499	4.362041
4722	-3803.271	-3948.388	145.1172	0.935016	0.8005713	0.420674	0.579326	5.751729
4728	-3814.06	-3960.303	146.2436	0.8980966	1.10458	0.413665	0.586335	4.976078
4734	-3809.754	-3957.901	148.1464	1.122856	1.042006	0.439662	0.560338	3.808248
4740	-3814.2	-3958.749	144.5486	0.8760785	0.8763197	0.412255	0.587745	6.047387
4746	-3814.789	-3958.695	143.9058	0.7695194	0.7746021	0.282231	0.717769	6.51824
4752	-3802.735	-3947.139	144.4041	0.7899911	0.793775	0.317747	0.682253	6.22433
4758	-3798.933	-3944.883	145.9503	0.961296	0.85782	0.354588	0.645412	5.242807
4764	-3801.38	-3948.162	146.7818	1.011501	1.00701	0.507222	0.492778	4.664848
4770	-3796.039	-3943.289	147.2495	0.9988078	0.8219145	0.355936	0.644064	4.520842
4776	-3792.217	-3937.697	145.4792	0.9254883	0.7395509	0.39774	0.60226	5.599107
4782	-3801.25	-3945.297	144.0474	0.9166054	0.8299677	0.39774	0.60226	6.326359
4788	-3809.793	-3953.281	143.4879	0.7358644	0.9271251	0.411721	0.588279	6.669316
4794	-3803.013	-3949.348	146.3357	0.949684	0.6761725	0.422882	0.577118	5.158738
4800	-3795.286	-3940.676	145.3904	0.9517504	0.9612691	0.325249	0.674751	5.495526
4806	-3807.809	-3952.751	144.9421	0.822515	0.9332969	0.385983	0.614017	5.828234
4812	-3812.426	-3957.834	145.4075	0.9019281	1.155692	0.436727	0.563273	5.410828
4818	-3819.324	-3963.579	144.2554	0.7986656	1.131142	0.436727	0.563273	6.110364
4824	-3804.148	-3948.432	144.2834	0.8301599	0.8034812	0.444724	0.555276	6.261817
4830	-3821.531	-3963.962	142.4305	0.7358749	0.8938135	0.391584	0.608416	7.258189
4836	-3803.179	-3946.229	143.0502	0.796699	1.053099	0.430832	0.569168	6.80427
4842	-3787.726	-3933.585	145.859	0.9446811	0.7673185	0.361706	0.638294	5.36071
4848	-3785.816	-3930.986	145.1698	0.8339836	0.7810352	0.287653	0.712347	5.790992
4854	-3791.3	-3937.864	146.564	0.9590741	1.029312	0.287653	0.712347	4.803622
4860	-3783.044	-3929.576	146.532	0.9590741	0.6690029	0.333225	0.666775	5.05004
4866	-3785.952	-3930.751	144.7992	0.9044976	0.9392685	0.333225	0.666775	5.858112
4872	-3790.01	-3935.086	145.0765	0.834522	0.9594275	0.231128	0.768872	5.733199
4878	-3795.563	-3940.406	144.8428	0.8596953	0.8666863	0.397631	0.602369	5.901599
4884	-3792.723	-3936.616	143.8927	0.8065443	0.7497994	0.481719	0.518281	6.52171
4890	-3796.712	-3941.895	145.1828	0.7630425	0.881455	0.439345	0.560655	5.759577
4896	-3790.003	-3935.58	145.5773	0.843635	0.8832747	0.463435	0.536565	5.497797
4902	-3797.819	-3943.784	145.9645	0.8825911	0.9567017	0.28178	0.71822	5.219674
4908	-3801.633	-3945.783	144.1498	0.8242583	1.123426	0.45408	0.54592	6.157783
4914	-3798.866	-3945.234	146.3678	0.8731965	0.8607868	0.498572	0.501428	5.058575
4920	-3799.673	-3945.685	146.0115	0.828506	0.7146037	0.42483	0.57517	5.377003
4926	-3800.184	-3944.585	144.4015	0.8257184	0.9080233	0.42483	0.57517	6.136123
4932	-3790.523	-3935.865	145.3422	0.7647137	0.6925479	0.385559	0.614441	5.795314
4938	-3802.252	-3948.092	145.8401	0.8026908	0.9820474	0.323759	0.676241	5.318178
4944	-3806.937	-3951.584	144.6472	0.8922349	1.185697	0.419091	0.580909	5.818838
4950	-3808.473	-3953.463	144.9895	0.9538282	0.7890317	0.423615	0.576385	5.818838
4956	-3807.968	-3953.642	145.6737	0.8664721	0.7890317	0.352926	0.647074	5.49147
4962	-3824.284	-3968.875	144.5915	0.8441927	0.6426002	0.344721	0.655279	6.198165
4968	-3816.639	-3960.906	144.2663	0.9100492	1.012037	0.341854	0.658146	6.105421
4974	-3820.776	-3966.981	146.2049	0.9785654	1.012037	0.35592	0.64408	5.002192
4980	-3810.305	-3955.814	145.5085	0.8818908	1.073726	0.35592	0.64408	5.407818
4986	-3813.104	-3958.531	145.4269	0.8174878	1.410891	0.349465	0.650535	5.329932
4992	-3803.645	-3949.71	146.0649	0.9232858	1.175765	0.387846	0.612154	5.025566
4998	-3796.293	-3941.328	145.035	0.8645771	0.9687603	0.344318	0.655682	5.734227
5004	-3808.98	-3954.877	145.8974	0.8135352	0.8041047	0.350414	0.649586	5.387619
5010	-3813.794	-3957.683	143.8891	0.7909248	0.7369023	0.329221	0.670779	6.540817
5016	-3815.007	-3960.048	145.0415	0.9613802	0.862249	0.366612	0.633388	5.73998
5022	-3813.217	-3958.28	145.0626	0.8683776	0.862249	0.419418	0.580582	5.779365
5028	-3822.778	-3966.962	144.1842	0.8267807	0.7968754	0.326799	0.673201	6.321816
5034	-3820.512	-3966.124	145.6126	1.061815	0.6256503	0.416184	0.583816	5.533967
5040	-3808.357	-3952.746	144.389	0.9555529	0.8664248	0.335229	0.664771	6.096996
5046	-3808.725	-3952.729	144.0048	0.7391047	0.6684198	0.335229	0.664771	6.554361
5052	-3810.881	-3956.266	145.3849	0.8907899	0.6684198	0.444688	0.555312	5.720438
5058	-3807.063	-3952.36	145.2972	0.95306	0.7225815	0.336443	0.663557	5.695538
5064	-3803.782	-3949.826	146.044	0.8461258	0.7044708	0.366017	0.633983	5.356541
5070	-3794.829	-3941.96	147.1317	1.156094	0.9095447	0.369434	0.630566	4.443677
5076	-3807.657	-3954.134	146.4768	1.050445	0.7080016	0.312	0.688	5.001433
5082	-3799.418	-3945.388	145.9696	0.967507	0.921748	0.322728	0.677272	5.190105
5088	-3800.159	-3947.284	147.1251	1.015217	0.9330714	0.523483	0.476517	4.512584
5094	-3806.409	-3953.848	147.4389	1.057349	0.6376952	0.294519	0.705481	4.512584
5100	-3801.184	-3948.489	147.3056	1.034387	0.6958283	0.353575	0.646425	4.556363
5106	-3803.405	-3950.889	147.4836	1.004186	0.8381827	0.353575	0.646425	4.375372
5112	-3798.871	-3946.219	147.3482	1.029922	0.8147565	0.353575	0.646425	4.452478
5118	-3797.382	-3941.94	144.5575	0.7757116	0.7941848	0.3342	0.6658	6.148356
5124	-3809.001	-3955.463	146.4625	1.080393	0.9814034	0.494709	0.505291	4.819203
5130	-3804.73	-3949.926	145.1958	0.8466895	0.9351856	0.453436	0.546564	5.674973
5136	-3796.451	-3941.015	144.5636	0.7963634	0.8078754	0.350726	0.649274	6.125008
5142	-3800.009	-3944.452	144.4422	0.9619816	1.080418	0.392665	0.607335	5.945126
5148	-3800.21	-3946.512	146.3015	0.9667181	0.9515127	0.377115	0.622885	4.989212
5154	-3803.215	-3947.859	144.6441	0.8588448	1.057354	0.436054	0.563946	5.903159
5160	-3812.115	-3957.298	145.183	0.834419	0.8206108	0.353643	0.646357	5.757981
5166	-3804.408	-3950.115	145.7066	0.8603208	0.9273262	0.380094	0.619906	5.391284
5172	-3794.693	-3939.82	145.1272	0.769131	0.855964	0.385445	0.614555	5.802179
5178	-3799.799	-3944.7	144.901	0.8787237	0.7620712	0.380843	0.619157	5.926011
5184	-3806.199	-3949.419	143.2198	0.8143359	0.9204905	0.282031	0.717969	6.775565
5190	-3800.587	-3945.222	144.6348	0.7672652	0.9511506	0.311392	0.688608	6.016063
5196	-3810.234	-3955.107	144.8737	0.9101609	0.8288544	0.340001	0.659999	5.880505
5202	-3800.277	-3946.444	146.1673	0.9716408	0.9150018	0.340001	0.659999	5.082285
5208	-3791.027	-3936.802	145.7758	0.9716408	0.8593177	0.383767	0.616233	5.332558
5214	-3798.585	-3944.807	146.2217	0.9716408	0.8109504	0.454174	0.545826	5.116572
5220	-3793.795	-3938.764	144.9694	0.8307944	0.6849616	0.367201	0.632799	5.968378
5226	-3802.278	-3947.979	145.7018	0.9505112	0.9402512	0.46701	0.53299	5.336711
5232	-3802.634	-3949.105	146.4713	1.002878	0.7615653	0.448226	0.551774	4.993524
5238	-3807.268	-3953.421	146.1537	0.9746317	0.9528421	0.402819	0.597181	5.066092
5244	-3799.892	-3945.66	145.7682	0.8374988	0.7984632	0.394681	0.605319	5.449225
5250	-3803.407	-3948.642	145.2352	0.8539907	0.6576504	0.348708	0.651292	5.830493
5256	-3800.057	-3944.678	144.6209	0.9519353	0.9091566	0.3602	0.6398	5.947063
5262	-3813.87	-3956.44	142.5702	0.799813	0.9910407	0.326892	0.673108	7.09411
5268	-3815.506	-3959.519	144.0134	0.7690307	0.6758025	0.311827	0.688173	6.52817
5274	-3808.974	-3955.262	146.2888	0.9779534	0.8064509	0.373348	0.626652	5.078822
5280	-3806.767	-3954.344	147.5773	1.07987	0.8353163	0.370587	0.629413	4.281467
5286	-3807.16	-3953.989	146.8285	0.8980327	0.8259	0.371449	0.628551	4.810445
5292	-3806.604	-3952.46	145.8563	1.008161	0.8259	0.394845	0.605155	5.288887
5298	-3797.459	-3943.3	145.8413	0.9785136	0.8796102	0.403182	0.596818	5.280157
5304	-3789.554	-3935.404	145.8495	0.9368001	0.8365331	0.327258	0.672742	5.325328
5310	-3797.921	-3942.884	144.9631	1.063712	1.064973	0.381057	0.618943	5.61233
5316	-3787.61	-3933.841	146.2302	0.932624	0.8754406	0.290566	0.709434	5.092888
5322	-3793.177	-3938.186	145.0089	0.8953719	0.9905929	0.304559	0.695441	5.719479
5328	-3798.352	-3944.906	146.5539	1.069932	0.7179142	0.321699	0.678301	4.940648
5334	-3804.621	-3952.492	147.87	1.071224	0.8236528	0.443556	0.556444	4.127888
5340	-3803.29	-3948.493	145.2031	0.8192222	0.8236528	0.337445	0.662555	5.753376
5346	-3807.149	-3952.983	145.8344	0.7392969	1.117655	0.42871	0.57129	5.284086
5352	-3804.369	-3950.187	145.8181	1.047061	0.8417585	0.320277	0.679723	5.27847
5358	-3807.313	-3954.019	146.7057	0.9906627	0.9238518	0.337255	0.662745	4.766873
5364	-3798.916	-3944.9	145.984	0.9388794	0.7321048	0.337255	0.662745	5.319029
5370	-3797.686	-3943.459	145.7725	0.9019565	0.7377543	0.27823	0.72177	5.452015
5376	-3794.736	-3940.427	145.6905	0.9238372	0.9320155	0.380971	0.619029	5.362415
5382	-3799.825	-3945.839	146.0141	0.8347602	0.8046992	0.388498	0.611502	5.311161
5388	-3803.016	-3948.356	145.3399	0.9153554	0.8531935	0.388498	0.611502	5.607175
5394	-3803.611	-3950.051	146.4391	0.9208086	0.8014524	0.375134	0.624866	5.030358
5400	-3803.786	-3950.336	146.5501	0.9454543	0.9261952	0.441408	0.558592	4.877465
5406	-3806.726	-3951.944	145.2174	0.803026	0.7378547	0.369133	0.630867	5.81084
5412	-3794.693	-3940.161	145.4673	0.871641	0.7342931	0.369133	0.630867	5.638795
5418	-3793.031	-3937.883	144.852	0.7637224	0.8343421	0.413378	0.586622	5.968885
5424	-3797.673	-3943.044	145.3714	0.8395265	0.8757524	0.413378	0.586622	5.617691
5430	-3799.259	-3947.134	147.8747	1.005276	0.7456702	0.393896	0.606104	4.215782
5436	-3795.596	-3942.438	146.8427	0.9859854	0.7456702	0.361705	0.638295	4.807049
5442	-3796.639	-3943.419	146.7803	1.005972	1.030522	0.364369	0.635631	4.655832
5448	-3804.221	-3950.448	146.2266	1.125635	0.8713298	0.29721	0.70279	4.990316
5454	-3801.996	-3948.688	146.6918	1.03121	0.9350439	0.406245	0.593755	4.745352
5460	-3806.542	-3952.607	146.0656	0.8498171	0.7055801	0.286588	0.713412	5.341792
5466	-3829.508	-3974.476	144.9686	0.904529	0.8581073	0.431555	0.568445	5.813554
5472	-3812.124	-3957.248	145.1243	0.8393936	0.9563138	0.289268	0.710732	5.706088
5478	-3806.328	-3951.393	145.0642	0.881212	0.7738202	0.358756	0.641244	5.827677
5484	-3789.918	-3935.95	146.0316	0.8817727	0.7463431	0.343275	0.656725	5.314455
5490	-3792.837	-3939.74	146.9036	0.976008	0.8605588	0.34056	0.65944	4.702929
5496	-3796.215	-3943.016	146.8002	0.9305312	0.9339169	0.355516	0.644484	4.74172
5502	-3797.322	-3943.863	146.541	0.8452036	0.9339169	0.355516	0.644484	4.933828
5508	-3802.362	-3947.134	144.7721	0.7721448	0.9407336	0.408622	0.591378	5.94438
5514	-3799.482	-3943.443	143.9615	0.7710377	1.025091	0.442281	0.557719	6.339703
5520	-3816.934	-3964.017	147.0839	0.9572679	0.760111	0.370288	0.629712	4.678328
5526	-3808.135	-3954.267	146.1315	0.8615714	1.006504	0.387267	0.612733	5.110881
5532	-3803.848	-3950.623	146.7752	0.9904576	0.7587842	0.402334	0.597666	4.833158
5538	-3800.579	-3946.73	146.1508	0.9237345	0.8879059	0.290108	0.709892	5.134214
5544	-3796.343	-3941.556	145.2129	0.7850171	0.9796214	0.377434	0.622566	5.674235
5550	-3805.44	-3949.252	143.8122	0.7844296	1.106188	0.421044	0.578956	6.371499
5556	-3805.723	-3950.459	144.7356	0.8345814	1.042715	0.356383	0.643617	5.874158
5562	-3798.108	-3943.925	145.8174	0.8940518	0.7268857	0.421438	0.578562	5.439195
5568	-3785.72	-3931.387	145.6664	0.9013568	0.9427527	0.369001	0.630999	5.381881
5574	-3792.181	-3937.498	145.3174	0.9661442	0.9108999	0.369001	0.630999	5.55681
5580	-3795.319	-3941.045	145.7259	0.8388696	0.8013835	0.257166	0.742834	5.469887
5586	-3795.4	-3939.873	144.4728	0.8847938	0.7855892	0.324547	0.675453	6.140674
5592	-3812.433	-3957.444	145.0107	0.8548999	0.9290849	0.339599	0.660401	5.775444
5598	-3823.32	-3968.195	144.8752	0.8413353	0.8722049	0.239914	0.760086	5.890591
5604	-3800.974	-3947.702	146.7279	0.8863292	0.7863696	0.291077	0.708923	4.898907
5610	-3804.724	-3949.007	144.2825	0.8329432	0.8240486	0.379613	0.620387	6.247808
5616	-3800.886	-3945.06	144.1741	0.9030818	0.8647887	0.375458	0.624542	6.24345
5622	-3809.29	-3955.94	146.6501	0.9577823	1.05677	0.406114	0.593886	4.74141
5628	-3805.4	-3950.908	145.5076	0.8802538	0.9667455	0.444625	0.555375	5.467291
5634	-3810.249	-3955.113	144.8633	0.7262745	0.8426212	0.434684	0.565316	5.977999
5640	-3809.354	-3954.78	145.4265	0.8321896	0.7365419	0.332327	0.667673	5.681292
5646	-3811.93	-3957.49	145.5598	0.8468664	0.7031087	0.318728	0.681272	5.623501
5652	-3809.011	-3955.201	146.1908	0.8777069	0.7693383	0.387742	0.612258	5.213127
5658	-3806.503	-3952.991	146.4884	0.8944564	0.8345495	0.351924	0.648076	4.996261
5664	-3810.725	-3956.439	145.7144	0.832013	0.8626559	0.343787	0.656213	5.441292
5670	-3802.233	-3947.351	145.1184	0.887076	0.7387638	0.28269	0.71731	5.818402
5676	-3795.981	-3942.004	146.0229	0.9829483	0.8940778	0.523263	0.476737	5.168527
5682	-3789.717	-3935.083	145.3663	0.9107788	0.9424375	0.524461	0.475539	5.542031
5688	-3796.806	-3942.478	145.6722	0.8453229	0.9503429	0.388495	0.611505	5.405184
5694	-3814.381	-3960.094	145.7129	0.9255281	0.7944363	0.382698	0.617302	5.433839
5700	-3807.122	-3951.294	144.1719	0.7725587	0.8996866	0.487271	0.512729	6.294782
5706	-3802.117	-3946.474	144.3571	0.8406255	0.9536442	0.487271	0.512729	6.125952
5712	-3812.45	-3958.885	146.4357	0.9574401	0.7364587	0.370355	0.629645	5.055797
5718	-3809.604	-3955.3	145.6962	0.8775446	0.6408474	0.396279	0.603721	5.577609
5724	-3803.814	-3948.185	144.3712	0.8340202	0.9982671	0.370534	0.629466	6.097121
5730	-3805.188	-3950.178	144.9899	0.9523414	0.8393538	0.396079	0.603921	5.787348
5736	-3808.743	-3955.28	146.5367	1.000342	0.7718309	0.311041	0.688959	4.95159
5742	-3806.07	-3951.569	145.4997	0.9315839	0.7658611	0.392422	0.607578	5.566661
5748	-3800.186	-3946.49	146.3046	0.9482504	0.6986079	0.408291	0.591709	5.16034
5754	-3794.293	-3939.492	145.1992	0.8296763	0.6986079	0.394969	0.605031	5.833645
5760	-3795	-3941.998	146.9981	0.9210127	0.9254079	0.470559	0.529441	4.641288
5766	-3789.773	-3935.004	145.2312	0.9376905	0.9106437	0.374896	0.625104	5.619927
5772	-3789.722	-3934.672	144.9504	0.8425309	0.6873549	0.374896	0.625104	5.970605
5778	-3804.331	-3948.303	143.9719	0.7913017	0.9412003	0.385016	0.614984	6.36921
5784	-3802.038	-3947.767	145.7287	0.8322065	0.7937538	0.279242	0.720758	5.47696
5790	-3816.788	-3961.376	144.5883	0.8335248	0.6434045	0.371501	0.628499	6.205101
5796	-3809.964	-3956.83	146.8664	1.006525	0.7487107	0.36538	0.63462	4.780242
5802	-3805.794	-3951.458	145.6641	0.8632941	1.0874	0.401154	0.598846	5.325183
5808	-3809.811	-3954.407	144.5965	0.8346005	0.8225167	0.3229	0.6771	6.077008
5814	-3802.046	-3947.271	145.225	0.9079449	0.8061802	0.428574	0.571426	5.703926
5820	-3808.116	-3953.449	145.333	0.8142869	0.7940131	0.379291	0.620709	5.703926
5826	-3800.995	-3947.84	146.8446	0.9951066	0.9026485	0.415815	0.584185	4.699373
5832	-3801.667	-3947.36	145.6925	0.9037132	1.065973	0.348301	0.651699	5.298359
5838	-3806.21	-3950.626	144.4166	0.9058237	0.742275	0.366015	0.633985	6.188607
5844	-3812.78	-3957.755	144.9747	0.9765195	0.8721692	0.414554	0.585446	5.762248
5850	-3811.163	-3955.349	144.1863	0.8707832	1.039256	0.342609	0.657391	6.155814
5856	-3809.819	-3954.726	144.9078	0.765272	1.000863	0.440146	0.559854	5.840428
5862	-3804.883	-3950.365	145.4822	0.8050112	0.635098	0.296222	0.703778	5.739157
5868	-3802.795	-3947.738	144.9432	0.9129765	0.8413237	0.343313	0.656687	5.833178
5874	-3807.825	-3953.473	145.6482	0.8396757	0.9842382	0.425351	0.574649	5.402408
5880	-3809.685	-3954.292	144.6067	0.8699912	0.7823127	0.443492	0.556508	6.077961
5886	-3803.295	-3949.337	146.0422	0.9420376	0.8902643	0.366284	0.633716	5.182806
5892	-3792.602	-3940.549	147.947	1.103627	0.8230709	0.353402	0.646598	4.065998
5898	-3796.267	-3942.223	145.9562	0.8901333	0.9697701	0.353402	0.646598	5.212667
5904	-3806.946	-3952.254	145.3081	0.8106764	0.7610421	0.393252	0.606748	5.741282
5910	-3797.425	-3942.283	144.8577	0.7528125	0.77392	0.347676	0.652324	6.010494
5916	-3802.492	-3946.273	143.7803	0.8098494	0.9886301	0.372863	0.627137	6.43659
5922	-3816.311	-3958.768	142.4571	0.7159102	0.8421201	0.433627	0.566373	7.285489
5928	-3814.28	-3958.971	144.691	0.7690501	0.804199	0.26916	0.73084	6.072875
5934	-3819.328	-3964.67	145.3416	0.7690501	0.7620698	0.305729	0.694271	5.745083
5940	-3797.749	-3942.241	144.4915	0.8565676	0.8390132	0.338408	0.661592	6.111879
5946	-3803.091	-3948.242	145.1506	0.9199228	0.7847098	0.294816	0.705184	5.752058
5952	-3799.259	-3943.792	144.5334	0.814354	0.713287	0.294816	0.705184	6.194741
5958	-3798.337	-3943.503	145.1659	0.8899666	0.8327699	0.447504	0.552496	5.729262
5964	-3817.153	-3963.555	146.4016	1.068505	0.735977	0.347288	0.652712	5.013372
5970	-3805.997	-3952.912	146.9149	1.068505	0.849068	0.352158	0.647842	4.652053
5976	-3808.074	-3953.506	145.4321	1.084627	0.9040457	0.273984	0.726016	5.432629
5982	-3805.171	-3951.268	146.0965	0.8929471	0.927628	0.380908	0.619092	5.157686
5988	-3804.311	-3951.093	146.7814	1.001331	0.820212	0.44394	0.55606	4.782776
5994	-3799.603	-3944.887	145.2842	0.8472956	0.8833111	0.306336	0.693664	5.65675
6000	-3807.289	-3952.518	145.2289	0.8721084	0.8161895	0.361004	0.638996	5.714976
6006	-3809.097	-3954.622	145.5249	0.9846111	0.7875165	0.417088	0.582912	5.509289
6012	-3807.991	-3953.159	145.1682	0.8976263	0.8887553	0.343172	0.656828	5.689464
6018	-3802.742	-3947.541	144.7982	0.8132677	0.8887553	0.343172	0.656828	5.938032
6024	-3803.685	-3947.734	144.0489	0.888239	0.8578149	0.285393	0.714607	6.323772
6030	-3795.701	-3940.785	145.0843	0.9132388	0.8578149	0.461805	0.538195	5.745649
6036	-3802.274	-3947.932	145.6582	0.8608233	0.7526191	0.34381	0.65619	5.527358
6042	-3800.291	-3947.813	147.522	0.9149192	0.6885538	0.305912	0.694088	4.507262
6048	-3800.44	-3947.188	146.7477	0.9503117	0.8660497	0.431472	0.568528	4.800978
6054	-3796.208	-3943.225	147.0162	0.9646282	0.9896038	0.323801	0.676199	4.569459
6060	-3808.518	-3956.209	147.6907	1.070598	0.7954849	0.323901	0.676099	4.248771
6066	-3797.135	-3944.11	146.9753	0.9830225	0.8059977	0.336455	0.663545	4.693879
6072	-3806.068	-3951.466	145.3985	1.014482	0.8261682	0.439014	0.560986	5.537464
6078	-3804.382	-3949	144.6185	0.8787341	0.9195707	0.439014	0.560986	5.982222
6084	-3808.474	-3953.083	144.6094	0.8145516	0.9121016	0.351313	0.648687	6.026571
6090	-3810.837	-3957.27	146.4328	0.9233601	0.9121016	0.284721	0.715279	4.963413
6096	-3812.904	-3959.279	146.3755	1.063779	1.115971	0.299611	0.700389	4.804477
6102	-3811.342	-3959.084	147.7419	1.095767	0.7584852	0.371631	0.628369	4.230803
6108	-3796.984	-3944.323	147.3396	1.024633	0.8161282	0.4301	0.5699	4.459366
6114	-3809.242	-3957.276	148.0344	1.07093	0.8224184	0.435022	0.564978	4.035198
6120	-3807.907	-3955.122	147.2144	0.9926993	1.012045	0.397474	0.602526	4.4296
6126	-3798.965	-3944.128	145.1634	0.8317157	0.8727865	0.413281	0.586719	5.737853
6132	-3805.774	-3951.832	146.0577	0.9329235	0.7670044	0.424297	0.575703	5.257746
6138	-3792.758	-3937.626	144.868	0.851926	0.9503593	0.424297	0.575703	5.842903
6144	-3801.356	-3947.606	146.2496	0.8729735	0.9004123	0.375575	0.624425	5.100095
6150	-3803.124	-3948.088	144.9635	0.8814776	0.9207755	0.350257	0.649743	5.791528
6156	-3802.841	-3949.632	146.7908	0.8691472	0.9053749	0.350257	0.649743	4.798219
6162	-3790.819	-3936.904	146.0849	0.8876291	1.009875	0.399068	0.600932	5.120424
6168	-3804.164	-3949.233	145.0685	0.8316346	0.894676	0.393266	0.606734	5.776693
6174	-3800.455	-3945.282	144.8273	0.860105	0.745145	0.319626	0.680374	5.987833
6180	-3808.612	-3956.252	147.6396	0.9557796	0.8225379	0.279863	0.720137	4.324745
6186	-3793.256	-3940.821	147.5649	0.9323809	0.8398107	0.351928	0.648072	4.369005
6192	-3793.337	-3938.219	144.8819	0.7142547	0.9128463	0.428764	0.571236	5.93217
6198	-3788.25	-3933.708	145.4579	0.821629	0.8501612	0.289584	0.710416	5.595706
6204	-3789.859	-3935.8	145.9412	0.9242338	0.9072869	0.390288	0.609712	5.23833
6210	-3791.288	-3936.288	144.9999	0.7585597	0.751677	0.337338	0.662662	5.944599
6216	-3793.498	-3940.59	147.0917	0.9011396	0.6850799	0.419799	0.580201	4.758723
6222	-3795.273	-3941.42	146.1473	0.8893272	0.8070104	0.301517	0.698483	5.205902
6228	-3791.322	-3937.309	145.9876	0.9392287	0.8070104	0.425444	0.574556	5.266575
6234	-3794.376	-3939.237	144.8602	0.9151232	1.022689	0.399096	0.600904	5.772655
6240	-3801.651	-3946.657	145.0055	0.818711	0.8882958	0.361761	0.638239	5.822025
6246	-3802.457	-3948.513	146.0564	0.8217055	0.7931772	0.352653	0.647347	5.302525
6252	-3795.309	-3940.542	145.2334	0.8596457	0.8372111	0.336373	0.663627	5.706082
6258	-3814.967	-3960.425	145.4587	0.8687794	0.8074177	0.388315	0.611685	5.596385
6264	-3800.315	-3945.963	145.6473	0.8687794	0.9162854	0.389843	0.610157	5.42575
6270	-3805.116	-3951.196	146.0805	0.8480294	0.7662157	0.442067	0.557933	5.292597
6276	-3807.967	-3954.339	146.3724	0.9457797	0.8733201	0.393618	0.606382	5.007965
6282	-3804.79	-3951.468	146.6785	1.061525	0.7939887	0.370045	0.629955	4.823746
6288	-3806.309	-3952.689	146.3799	0.9381453	0.7443008	0.437433	0.562567	5.091982
6294	-3810.634	-3957.897	147.2629	1.050385	0.9224348	0.346714	0.653286	4.421536
6300	-3787.716	-3934.033	146.317	0.9460552	0.8354469	0.33633	0.66367	5.06224
6306	-3787.403	-3932.912	145.5088	0.983966	0.8436804	0.307461	0.692539	5.482556
6312	-3794.385	-3940.709	146.3239	0.9158217	0.948941	0.371809	0.628191	5.006516
6318	-3792.941	-3939.137	146.1959	0.9425521	0.9075117	0.268629	0.731371	5.087053
6324	-3796.186	-3941.565	145.3793	0.9026681	0.9525956	0.454186	0.545814	5.533525
6330	-3796.016	-3941.305	145.2886	0.8705503	0.9418214	0.384576	0.615424	5.607178
6336	-3806.26	-3951.837	145.5763	0.9244025	0.8592947	0.375794	0.624206	5.468494
6342	-3798.762	-3945.666	146.904	0.9730468	0.9315798	0.338564	0.661436	4.661223
6348	-3808.109	-3953.7	145.5911	0.9465611	1.149274	0.331319	0.668681	5.288113
6354	-3822.678	-3966.652	143.9738	0.9134933	0.8320123	0.368883	0.631117	6.36673
6360	-3800.006	-3945.556	145.5503	0.982575	0.9060019	0.343245	0.656755	5.422582
6366	-3815.512	-3961.989	146.4772	0.9591573	0.6867576	0.37584	0.62416	5.067256
6372	-3804.706	-3949.727	145.0211	0.8737343	0.8042585	0.448547	0.551453	5.835467
6378	-3796.891	-3942.195	145.3041	0.9284324	1.183787	0.366907	0.633093	5.439386
6384	-3788.972	-3934.618	145.6458	0.8000799	0.8499046	0.325555	0.674445	5.504478
6390	-3781.377	-3926.029	144.6516	0.8865454	0.8499046	0.398578	0.601422	6.001571
6396	-3798.987	-3943.217	144.2293	0.9320216	0.89453	0.393594	0.606406	6.179925
6402	-3827.233	-3970.187	142.9547	0.7743032	0.8041855	0.460216	0.539784	7.010173
6408	-3812.079	-3956.611	144.5316	0.7650053	0.816733	0.400406	0.599594	6.153896
6414	-3809.681	-3955.001	145.3194	0.7892582	0.7142342	0.305453	0.694547	5.778948
6420	-3810	-3955.988	145.9872	0.9643009	0.7771408	0.473075	0.526925	5.272579
6426	-3813.773	-3960.291	146.5181	1.064672	0.9613357	0.440332	0.559668	4.808409
6432	-3808.924	-3956.602	147.6779	1.013288	0.8828221	0.398035	0.601965	4.232081
6438	-3806.98	-3954.254	147.2732	0.8824839	0.9266259	0.384379	0.615621	4.507763
6444	-3804.181	-3948.93	144.7496	0.7259982	1.128815	0.297012	0.702988	5.881599
6450	-3800.587	-3946.274	145.6876	0.9189689	0.7569729	0.29613	0.70387	5.476289
6456	-3804.187	-3950.009	145.8221	0.9180897	0.7018342	0.366232	0.633768	5.441075
6462	-3805.742	-3952.334	146.5913	0.8980913	1.136727	0.43109	0.56891	4.76593
6468	-3810.495	-3956.026	145.5316	0.8980913	0.758262	0.340758	0.659242	5.572645
6474	-3813.221	-3958.967	145.7459	0.7653731	0.6615951	0.378016	0.621984	5.596304
6480	-3816.018	-3963.557	147.5386	1.094089	0.7893854	0.298743	0.701257	4.325647
6486	-3808.89	-3956.082	147.1918	0.8864435	0.8121925	0.368738	0.631262	4.622664
6492	-3806.323	-3952.283	145.9594	0.8367848	0.738511	0.422154	0.577846	5.384437
6498	-3801.933	-3947.704	145.7715	0.9940306	0.8611802	0.402202	0.597798	5.321438
6504	-3813.177	-3958.9	145.7229	0.8767593	0.9433181	0.438006	0.561994	5.363959
6510	-3800.28	-3945.502	145.2226	1.013182	0.777656	0.377899	0.622101	5.666142
6516	-3802.522	-3946.144	143.6226	0.7633882	0.7805411	0.377899	0.622101	6.670911
6522	-3799.276	-3943.445	144.1692	0.7490233	1.213349	0.390084	0.609916	6.144652
6528	-3795.905	-3940.364	144.4587	0.8371112	0.9337426	0.365383	0.634617	6.083861
6534	-3799.119	-3945.023	145.904	0.77051	0.6593532	0.289838	0.710162	5.508261
6540	-3801.041	-3947.104	146.0631	0.839223	0.9366195	0.45157	0.54843	5.200703
6546	-3806.351	-3951.906	145.555	0.9217249	0.9431181	0.307998	0.692002	5.431846
6552	-3809.123	-3955.55	146.4277	1.022725	0.7456725	0.443518	0.556482	5.017611
6558	-3814.289	-3959.373	145.0843	0.8755219	0.8231509	0.243464	0.756536	5.787883
6564	-3803.255	-3948.818	145.5626	1.019575	0.9978838	0.394482	0.605518	5.342816
6570	-3812.897	-3956.742	143.8453	0.8280236	0.8519904	0.438455	0.561545	6.470431
6576	-3807.124	-3951.364	144.2407	0.8280236	0.9867674	0.376323	0.623677	6.177724
6582	-3815.105	-3959.679	144.574	0.9381536	1.159717	0.358036	0.641964	5.846338
6588	-3799.906	-3944.526	144.6203	0.8507694	0.818872	0.38083	0.61917	6.057487
6594	-3788.889	-3933.547	144.6581	0.8409061	0.818872	0.431342	0.568658	6.042293
6600	-3793.074	-3940.344	147.2704	1.038701	0.7040923	0.428311	0.571689	4.567642
6606	-3793.56	-3939.494	145.9338	0.9055249	0.8146153	0.311466	0.688534	5.310016
6612	-3797.408	-3943.036	145.6284	0.9455311	0.9530274	0.311466	0.688534	5.372557
6618	-3797.964	-3942.423	144.4585	0.8971507	0.9037409	0.291439	0.708561	6.068683
6624	-3792.72	-3936.607	143.8869	0.8443547	0.8790175	0.490645	0.509355	6.422731
6630	-3792.657	-3938.31	145.6533	0.8809785	0.6430292	0.392917	0.607083	5.597611
6636	-3797.61	-3942.946	145.3359	0.8979835	0.8882037	0.367948	0.632052	5.597611
6642	-3800.276	-3945.217	144.9419	0.876718	0.941513	0.313437	0.686563	5.793998
6648	-3798.461	-3943.525	145.0646	0.8692716	0.8360358	0.385092	0.614908	5.793998
6654	-3794.002	-3938.089	144.0864	0.7961281	1.021045	0.301349	0.698651	6.260396
6660	-3791.163	-3936.055	144.8914	0.8231036	0.8215842	0.377601	0.622399	5.922993
6666	-3791.626	-3937.924	146.298	0.8809817	0.8793586	0.417655	0.582345	5.08155
6672	-3792.393	-3938.333	145.9399	0.933781	0.9773495	0.48446	0.51554	5.193238
6678	-3798.42	-3942.472	144.0515	0.7233616	0.7892784	0.375364	0.624636	6.454777
6684	-3799.296	-3945.077	145.7813	0.8917632	0.7572235	0.422826	0.577174	5.439481
6690	-3814.448	-3959.988	145.5403	0.8976618	0.798215	0.454333	0.545667	5.541633
6696	-3800.983	-3945.94	144.9578	0.807423	0.9006318	0.432521	0.567479	5.846992
6702	-3808.967	-3954.846	145.8788	0.8849452	1.039783	0.384971	0.615029	5.219707
6708	-3799.31	-3945.006	145.6955	0.7804504	0.7077125	0.336983	0.663017	5.582171
6714	-3800.567	-3947.927	147.36	1.022751	0.8067009	0.403799	0.596201	4.455144
6720	-3800.582	-3945.18	144.5978	0.853544	0.795036	0.403799	0.596201	6.083497
6726	-3795.373	-3940.639	145.2655	0.8860406	0.9378059	0.341449	0.658551	5.613676
6732	-3791.209	-3936.529	145.3204	0.9252553	0.951577	0.43471	0.56529	5.554055
6738	-3801.669	-3946.375	144.7056	0.8859311	0.8533117	0.395034	0.604966	5.970377
6744	-3793.247	-3939.168	145.9208	0.8824424	0.8533117	0.340436	0.659564	5.305463
6750	-3791.685	-3938.816	147.1306	1.07023	0.8555341	0.324028	0.675972	4.525952
6756	-3799.108	-3944.794	145.6868	0.9542761	1.223326	0.376581	0.623419	5.194981
6762	-3802.325	-3946.846	144.5211	0.8811685	0.8517598	0.3836	0.6164	6.074506
6768	-3802.415	-3948.856	146.4418	0.9326069	0.8517598	0.378466	0.621534	4.990107
6774	-3803.567	-3949.201	145.6336	0.8886627	0.7872778	0.340458	0.659542	5.502446
6780	-3802.124	-3948.561	146.4368	0.882483	0.7872778	0.280461	0.719539	5.062259
6786	-3805.716	-3950.461	144.7453	0.7462052	0.7500826	0.296863	0.703137	6.091279
6792	-3809.847	-3954.966	145.1185	0.8175598	0.8219239	0.359832	0.640168	5.801676
6798	-3813.894	-3960.086	146.192	0.8263793	0.9190653	0.314358	0.685642	5.146727
6804	-3800.816	-3944.775	143.9591	0.8149386	0.615399	0.27681	0.72319	6.577844
6810	-3801.347	-3946.164	144.8164	0.7866459	0.817965	0.41458	0.58542	5.98613
6816	-3791.615	-3936.165	144.5498	0.8382134	0.7956977	0.379689	0.620311	6.117545
6822	-3802.619	-3948.625	146.0053	0.8452878	0.8782263	0.371552	0.628448	5.26399
6828	-3799.359	-3943.691	144.332	0.8302412	0.6769115	0.310031	0.689969	6.321395
6834	-3801.738	-3948.292	146.554	0.9473744	0.640936	0.280226	0.719774	5.065572
6840	-3793.086	-3938.171	145.085	0.8484303	1.008864	0.368982	0.631018	5.693483
6846	-3787.77	-3933.222	145.4526	0.9432719	0.7706286	0.377142	0.622858	5.582906
6852	-3804.501	-3950.879	146.3774	1.035407	0.8640278	0.352616	0.647384	4.961131
6858	-3808.053	-3952.709	144.6555	0.8298528	0.7851026	0.389655	0.610345	6.071393
6864	-3805.39	-3950.98	145.5895	0.7697825	0.6669868	0.39211	0.60789	5.675675
6870	-3806.413	-3951.182	144.7688	0.9319875	0.74391	0.358615	0.641385	5.981351
6876	-3805.062	-3951.079	146.0172	0.979709	0.9637831	0.358615	0.641385	5.132692
6882	-3796.766	-3943.099	146.3328	0.8960656	0.6422332	0.440283	0.559717	5.215535
6888	-3801.842	-3949.834	147.9913	1.007149	0.7044567	0.349832	0.650168	4.178165
6894	-3808.403	-3954.872	146.4692	0.8006907	0.7193652	0.349832	0.650168	5.136106
6900	-3800.27	-3946.351	146.0812	0.8811081	0.7926388	0.407818	0.592182	5.256349
6906	-3801.851	-3948.36	146.5089	0.9720003	0.721227	0.347449	0.652551	5.017736
6912	-3804.161	-3950.26	146.099	0.9789544	0.8650456	0.440116	0.559884	5.146293
6918	-3801.657	-3947.271	145.6137	0.9457757	0.777038	0.330824	0.669176	5.488726
6924	-3799.811	-3944.156	144.3447	0.8160373	0.9955245	0.454972	0.545028	6.122842
6930	-3806.047	-3952.885	146.8381	0.9510054	0.8822714	0.368242	0.631758	4.740115
6936	-3794.802	-3940.007	145.2049	0.8714416	0.771244	0.332126	0.667874	5.757712
6942	-3804.672	-3950.058	145.3863	0.9311738	0.8072486	0.355214	0.644786	5.602004
6948	-3809.992	-3956.693	146.7003	0.9730879	0.7351904	0.427501	0.572499	4.900882
6954	-3803.017	-3949.05	146.033	0.8703955	0.6313924	0.355014	0.644986	5.403482
6960	-3808.849	-3953.251	144.4018	0.8478341	0.6771584	0.355014	0.644986	6.2738
6966	-3807.083	-3951.792	144.709	0.8839628	0.6771584	0.414985	0.585015	6.087012
6972	-3812.105	-3957.122	145.0169	0.7373843	0.6245697	0.365998	0.634002	6.03843
6978	-3803.769	-3948.577	144.8086	0.8062283	0.7290037	0.370726	0.629274	6.03843
6984	-3795.81	-3942.514	146.704	0.9229366	0.8206979	0.370726	0.629274	4.869328
6990	-3786.452	-3934.068	147.6153	1.036293	0.7661999	0.278103	0.721897	4.330776
6996	-3797.331	-3943.459	146.1283	0.9267334	0.9431519	0.452776	0.547224	5.11235
7002	-3801.781	-3949.351	147.57	0.8359591	0.7921079	0.410531	0.589469	4.451797
7008	-3806.745	-3953.808	147.0633	1.073969	1.043123	0.33189	0.66811	4.451797
7014	-3800.742	-3946.365	145.6234	0.9329315	0.7706034	0.425946	0.574054	5.49476
7020	-3794.155	-3939.24	145.0849	0.8264912	0.8937238	0.387794	0.612206	5.771113
7026	-3813.673	-3957.971	144.2979	0.8592482	0.8036269	0.371699	0.628301	6.238037
7032	-3813.639	-3959.294	145.6547	0.9807671	0.7953638	0.362759	0.637241	5.434866
7038	-3827.43	-3974.201	146.7707	0.985591	0.755548	0.495623	0.504377	4.840587
7044	-3813.547	-3960.21	146.6624	1.016851	0.755548	0.351573	0.648427	4.883553
7050	-3815.627	-3961.48	145.8533	1.05722	0.9386559	0.351573	0.648427	5.194952
7056	-3805.91	-3951.365	145.4549	0.8961593	0.7550237	0.308105	0.691895	5.617978
7062	-3799.693	-3944.909	145.2152	0.8460625	1.198621	0.335518	0.664482	5.526467
7068	-3795.399	-3941.015	145.6164	0.809152	0.8326201	0.472842	0.527158	5.526467
7074	-3793.115	-3938.546	145.4313	0.8499259	0.9657619	0.376091	0.623909	5.526467
7080	-3794.36	-3939.978	145.6181	0.8286553	0.8143143	0.333943	0.666057	5.526467
7086	-3802.124	-3946.577	144.4527	0.8032388	0.8842063	0.46411	0.53589	6.134577
7092	-3805.956	-3952.993	147.0368	0.9907848	0.7804669	0.410001	0.589999	4.672066
7098	-3802.155	-3949.201	147.0455	0.9038991	0.8475657	0.320052	0.679948	4.672066
7104	-3797.299	-3942.746	145.4475	0.9245111	0.7524279	0.359148	0.640852	5.608259
7110	-3803.128	-3948.418	145.2908	0.83744	1.059497	0.462446	0.537554	5.559515
7116	-3811.413	-3955.472	144.059	0.7892953	0.8326878	0.32647	0.67353	6.387471
7122	-3802.313	-3948.351	146.0387	0.9870703	1.012215	0.398943	0.601057	5.08962
7128	-3807.491	-3955.213	147.7224	0.985105	0.6626354	0.361192	0.638808	4.374257
7134	-3800.073	-3946.322	146.2489	0.9530733	0.9831111	0.30583	0.69417	5.008033
7140	-3801.917	-3948.797	146.88	0.9741522	0.7081081	0.386571	0.613429	4.819373
7146	-3800.868	-3946.4	145.5321	0.8817446	0.8572019	0.309268	0.690732	5.517563
7152	-3797.283	-3942.926	145.6429	0.8325171	0.803631	0.323854	0.676146	5.517563
7158	-3797.437	-3944.775	147.3387	0.9618101	0.64073	0.38669	0.61331	4.620139
7164	-3807.213	-3954.233	147.0204	1.054231	0.8369065	0.398915	0.601085	4.608658
7170	-3808.087	-3953.102	145.0142	0.8503715	0.6333938	0.338925	0.661075	5.971487
7176	-3803.24	-3948.284	145.0443	0.8230029	0.7023336	0.478797	0.521203	5.919287
7182	-3801.01	-3946.993	145.9831	0.981933	0.7496224	0.39231	0.60769	5.283654
7188	-3808.542	-3954.894	146.3519	0.8857777	0.7166275	0.381252	0.618748	5.155844
7194	-3809.314	-3954.07	144.7555	0.9671949	1.118014	0.372723	0.627277	5.751814
7200	-3810.66	-3956.626	145.9667	0.885122	0.9187758	0.391579	0.608421	5.239025
7206	-3822.09	-3967.465	145.3749	0.8349864	0.8530683	0.302687	0.697313	5.632173
7212	-3809.313	-3955.457	146.1435	0.789652	0.7244318	0.391476	0.608524	5.318698
7218	-3805.482	-3949.624	144.1419	0.8219672	0.815194	0.4648	0.5352	6.335715
7224	-3805.791	-3952.264	146.4725	1.017517	0.7466705	0.325071	0.674929	4.994885
7230	-3809.756	-3957.087	147.3304	0.9784773	0.7466705	0.397485	0.602515	4.537437
7236	-3801.793	-3947.513	145.7202	0.9258522	0.7156475	0.469047	0.530953	5.483074
7242	-3801.536	-3947.345	145.8096	0.9124206	0.791462	0.376761	0.623239	5.389734
7248	-3815.558	-3961.442	145.8849	0.8440731	0.791462	0.436826	0.563174	5.385904
7254	-3808.311	-3954.165	145.8536	0.9286903	0.7475825	0.34166	0.65834	5.385904
7260	-3807.106	-3953.185	146.0794	0.8922153	0.6058794	0.403678	0.596322	5.385904
7266	-3805.642	-3951.819	146.1774	0.8664089	0.6058794	0.429979	0.570021	5.346083
7272	-3801.766	-3946.181	144.4148	0.9185155	0.8946486	0.375068	0.624932	6.086214
7278	-3805.641	-3950.93	145.2892	0.8698539	0.8361595	0.417695	0.582305	5.670545
7284	-3812.523	-3957.765	145.2425	0.8495338	0.8361595	0.417695	0.582305	5.70729
7290	-3811.777	-3956.37	144.5931	0.7595503	0.9323664	0.267167	0.732833	6.053712
7296	-3806.678	-3951.427	144.7496	0.8050705	0.7547576	0.334595	0.665405	6.053712
7302	-3806.267	-3952.427	146.1601	0.8759134	1.051468	0.406069	0.593931	5.062686
7308	-3809.23	-3955.655	146.425	0.9423658	0.7471577	0.355431	0.644569	5.062686
7314	-3804.535	-3949.713	145.1773	0.9197023	0.8206998	0.446591	0.553409	5.714335
7320	-3808.338	-3953.196	144.8581	0.8298351	0.7723602	0.354289	0.645711	5.969318
7326	-3804.565	-3948.279	143.7146	0.8781022	0.8077127	0.322518	0.677482	6.54167
7332	-3809.295	-3953.711	144.4157	0.9010519	0.6454342	0.390555	0.609445	6.260696
7338	-3808.813	-3954.896	146.083	0.8872566	0.8837612	0.362228	0.637772	5.194484
7344	-3803.146	-3949.373	146.2272	0.8715686	0.9792689	0.350851	0.649149	5.06744
7350	-3811.839	-3956.629	144.7902	0.7459322	0.9152164	0.436375	0.563625	5.963546
7356	-3810.486	-3956.858	146.3721	0.9654226	1.016211	0.364775	0.635225	4.914229
7362	-3817.198	-3961.509	144.3114	0.8682499	0.9060226	0.364265	0.635735	6.163212
7368	-3810.715	-3956.959	146.2437	1.035093	0.7977655	0.398466	0.601534	5.077807
7374	-3813.233	-3958.576	145.3439	0.8802644	1.088645	0.398466	0.601534	5.491614
7380	-3813.8	-3959.327	145.5268	0.8639376	0.9216665	0.368013	0.631987	5.491614
7386	-3803.745	-3949.977	146.2319	0.9966911	1.010835	0.433559	0.566441	4.977789
7392	-3813.644	-3959.121	145.4765	0.8857359	0.883842	0.276821	0.723179	5.529695
7398	-3809.342	-3954.932	145.5903	0.9586249	0.725341	0.426553	0.573447	5.529695
7404	-3802.209	-3949.071	146.8613	0.9564644	0.953341	0.289643	0.710357	4.681679
7410	-3809.114	-3956.196	147.0821	0.9859307	0.7718103	0.371435	0.628565	4.6553
7416	-3812.152	-3960.783	148.6311	1.227472	0.7069541	0.338303	0.661697	3.683513
7422	-3801.5	-3948.47	146.9699	0.9288614	0.8172629	0.367416	0.632584	4.719844
7428	-3800.96	-3947.569	146.6082	0.9868521	0.7489807	0.337811	0.662189	4.934916
7434	-3805.418	-3951.819	146.4009	0.9368685	0.9324483	0.474122	0.525878	4.961616
7440	-3798.856	-3945.055	146.1991	0.9940753	0.9036504	0.336026	0.663974	5.058986
7446	-3788.477	-3934.945	146.4684	0.9211843	0.9036504	0.336026	0.663974	4.949886
7452	-3790.118	-3936.752	146.6339	0.8487022	0.6443756	0.336026	0.663974	5.073321
7458	-3795.553	-3942.15	146.5964	0.7720758	0.8624684	0.396115	0.603885	4.986723
7464	-3793.243	-3938.742	145.4991	0.8964007	0.749607	0.433958	0.566042	5.597305
7470	-3802.39	-3948.362	145.9719	0.9686363	0.7285013	0.432039	0.567961	5.311802
7476	-3806.523	-3953.44	146.9172	0.997048	0.689997	0.47263	0.52737	4.798959
7482	-3805.458	-3953.893	148.4358	1.096883	0.7217156	0.358052	0.641948	3.860439
7488	-3810.478	-3957.978	147.4993	1.096883	0.9442365	0.343969	0.656031	4.248677
7494	-3798.947	-3946.099	147.1516	1.070189	0.7406721	0.37574	0.62426	4.590577
7500	-3796.025	-3943.088	147.0622	0.9570839	0.9162404	0.376984	0.623016	4.590577
7506	-3797.678	-3942.977	145.2995	0.8829422	0.9546903	0.363507	0.636493	5.587024
7512	-3807.04	-3955.088	148.0482	1.043669	0.7376584	0.384173	0.615827	4.101037
7518	-3809.434	-3956.761	147.3271	1.019137	0.743012	0.415397	0.584603	4.519006
7524	-3820.554	-3965.41	144.8558	0.7683724	0.8188802	0.390619	0.609381	5.97404
7530	-3815.374	-3961.576	146.2018	0.9792025	0.797017	0.391806	0.608194	5.132506
7536	-3801.082	-3945.353	144.2712	0.8297498	0.797017	0.379981	0.620019	6.272833
7542	-3803.762	-3948.538	144.7756	0.8563692	0.8157454	0.394343	0.605657	5.971762
7548	-3807.145	-3952.864	145.718	0.9435821	0.7645805	0.394343	0.605657	5.440841
7554	-3807.554	-3953.288	145.7342	0.8214159	0.6927132	0.384702	0.615298	5.54911
7560	-3801.212	-3947.225	146.0125	0.8392097	0.7300879	0.331314	0.668686	5.359695
7566	-3791.041	-3935.966	144.9249	0.7842447	0.7300879	0.365222	0.634778	5.986252
7572	-3805.376	-3951.175	145.7996	0.9059562	1.103647	0.404111	0.595889	5.218372
7578	-3808.434	-3954.678	146.2447	0.9602098	0.8119131	0.35718	0.64282	5.109562
7584	-3797.999	-3944.91	146.9115	0.9333146	0.9012421	0.310239	0.689761	4.69738
7590	-3798.496	-3945.091	146.5951	1.009901	0.8532515	0.386399	0.613601	4.860851
7596	-3798.463	-3942.856	144.3937	0.7496503	0.8240517	0.349985	0.650015	6.232604
7602	-3805.368	-3949.201	143.8325	0.8563429	1.001455	0.415336	0.584664	6.376096
7608	-3808.072	-3953.763	145.6907	0.9003294	0.8783687	0.512902	0.487098	5.40714
7614	-3798.365	-3943.607	145.2422	0.8231764	0.8783687	0.252505	0.747495	5.695973
7620	-3791.772	-3936.361	144.5892	0.7889142	0.8783687	0.312017	0.687983	6.071505
7626	-3806.339	-3951.106	144.7664	0.925506	0.7520988	0.427358	0.572642	5.980654
7632	-3798.921	-3944.278	145.3568	0.8880524	0.7971822	0.538109	0.461891	5.648364
7638	-3790.865	-3936.47	145.6051	0.8547501	0.7986002	0.298403	0.701597	5.529372
7644	-3786.045	-3932.084	146.0394	0.9029212	0.7809783	0.337958	0.662042	5.275118
7650	-3796.465	-3942.068	145.6032	0.870878	0.810759	0.313774	0.686226	5.513694
7656	-3808.009	-3953.079	145.07	0.8149538	1.185535	0.45281	0.54719	5.629628
7662	-3796.833	-3942.351	145.5184	0.8103104	0.8135927	0.437858	0.562142	5.591765
7668	-3794.608	-3939.347	144.7397	0.9241084	0.958441	0.460189	0.539811	5.869008
7674	-3792.867	-3937.962	145.0947	0.8487807	0.9299043	0.384721	0.615279	5.732323
7680	-3798.73	-3943.221	144.4904	0.7811939	1.111546	0.295865	0.704135	6.001606
7686	-3794.704	-3938.694	143.9896	0.7727114	0.7472919	0.390356	0.609644	6.489234
7692	-3798.947	-3943.728	144.7816	0.9464007	0.833052	0.381015	0.618985	5.908436
7698	-3806.232	-3951.831	145.5994	0.9129382	0.9326168	0.324787	0.675213	5.418271
7704	-3814.46	-3961.823	147.3628	1.036547	0.7541154	0.462699	0.537301	4.481384
7710	-3802.966	-3949.661	146.6948	0.8629151	0.621717	0.403478	0.596522	5.049264
7716	-3814.113	-3961.174	147.0611	1.099663	0.6194168	0.385425	0.614575	4.715121
7722	-3809.015	-3958.097	149.0815	1.298086	0.9525166	0.39445	0.60555	3.212939
7728	-3802.538	-3952.32	149.7818	1.368454	1.015373	0.39445	0.60555	2.710858
7734	-3805.787	-3951.514	145.7269	0.8734358	0.7273346	0.3338	0.6662	5.500041
7740	-3804.501	-3950.245	145.7431	0.8999791	0.8034402	0.39445	0.60555	5.425437
7746	-3815.408	-3961.846	146.4379	0.9496683	1.002219	0.292666	0.707334	4.89409
7752	-3809.418	-3954.018	144.5994	0.8644517	0.871962	0.396143	0.603857	6.028632
7758	-3796.814	-3943.771	146.9571	0.9189496	0.6448764	0.396143	0.603857	4.854171
7764	-3808.909	-3953.339	144.43	0.8512667	0.9171101	0.243439	0.756561	6.101382
7770	-3812.677	-3957.677	144.9998	0.7636752	0.8212136	0.437448	0.562552	5.896499
7776	-3795.58	-3939.873	144.293	0.7698431	0.8558592	0.368424	0.631576	6.25671
7782	-3787.697	-3931.556	143.8585	0.8500315	0.8558592	0.361737	0.638263	6.448991
7788	-3792.091	-3938.611	146.5196	0.88507	0.8558592	0.361737	0.638263	4.970746
7794	-3799.568	-3945.773	146.2053	0.9883215	0.8186568	0.462948	0.537052	5.11147
7800	-3806.747	-3951.275	144.5283	0.8749448	0.7882845	0.544179	0.455821	6.114083
7806	-3801.645	-3948.511	146.8662	0.9422526	0.8957674	0.524013	0.475987	4.721042
7812	-3810.278	-3956.492	146.2144	0.8157481	0.7875569	0.249705	0.750295	5.222234
7818	-3809.029	-3954.836	145.8067	0.820617	0.7110003	0.227983	0.772017	5.496664
7824	-3809.146	-3954.517	145.3713	0.995754	0.6510895	0.445627	0.554373	5.683246
7830	-3808.564	-3956.153	147.5892	0.9670441	0.7279905	0.467995	0.532005	4.411371
7836	-3813.074	-3960.326	147.2524	0.9774435	0.8525482	0.27037	0.72963	4.511546
7842	-3813.704	-3957.165	143.4612	0.804634	0.8854953	0.30967	0.69033	6.670831
7848	-3806.286	-3952.292	146.0059	0.8524673	0.9162446	0.409999	0.590001	5.236934
7854	-3806.73	-3952.293	145.5634	0.8892587	0.7363698	0.484938	0.515062	5.574962
7860	-3808.394	-3954.217	145.823	0.9301611	0.7363698	0.322711	0.677289	5.409675
7866	-3811.255	-3955.966	144.7116	0.9023112	0.759014	0.28196	0.71804	6.018548
7872	-3799.79	-3945.163	145.3728	0.8422578	0.7960527	0.404312	0.595688	5.665446
7878	-3798.673	-3945.224	146.5509	0.8893177	0.5857627	0.365776	0.634224	5.143281
7884	-3790.321	-3937.208	146.8871	0.967445	0.76363	0.309747	0.690253	4.780224
7890	-3788.204	-3934.259	146.0555	0.8446251	0.6584011	0.27759	0.72241	5.384735
7896	-3792.899	-3938.561	145.6616	0.9595929	0.8497173	0.355841	0.644159	5.408113
7902	-3800.091	-3946.364	146.273	1.005947	0.8035163	0.354883	0.645117	5.073937
7908	-3795.454	-3942.435	146.9806	0.9375771	0.7723155	0.353928	0.646072	4.738799
7914	-3792.949	-3939.483	146.5343	1.002972	0.8181104	0.424706	0.575294	4.920959
7920	-3795.749	-3941.691	145.9417	0.9769033	0.8884858	0.332164	0.667836	5.220183
7926	-3806.391	-3952.561	146.1697	0.901011	0.7285866	0.374288	0.625712	5.239823
7932	-3798.904	-3943.578	144.6747	0.9280259	0.7745762	0.394654	0.605346	6.014315
7938	-3800.217	-3944.949	144.7319	0.7421591	0.886569	0.452527	0.547473	6.014315
7944	-3798.755	-3945.668	146.9126	1.018257	0.7861669	0.379893	0.620107	4.722371
7950	-3799.327	-3946.028	146.7014	0.913953	0.7601735	0.373007	0.626993	4.915974
7956	-3804.135	-3950.734	146.5986	0.9376004	0.8267823	0.472524	0.527476	4.915974
7962	-3787.604	-3933.729	146.1253	0.9970178	0.9749301	0.41576	0.58424	5.056864
7968	-3789.503	-3935.727	146.2246	0.9979581	0.9646932	0.509716	0.490284	5.007012
7974	-3790.474	-3936.219	145.7456	0.8909361	0.8226949	0.380869	0.619131	5.416659
7980	-3793.291	-3937.636	144.3447	0.8085443	0.7578846	0.465091	0.534909	6.27008
7986	-3799.856	-3945.258	145.4021	0.8752477	0.8895515	0.311139	0.688861	5.572953
7992	-3798.576	-3944	145.4245	0.9264245	0.7137934	0.348962	0.651038	5.646495
7998	-3797.576	-3942.885	145.3087	0.9179399	0.7218248	0.292904	0.707096	5.709032
8004	-3805.684	-3951.146	145.4617	0.8696566	0.8974314	0.425802	0.574198	5.538529
8010	-3811.317	-3955.947	144.6303	0.8206484	0.757799	0.303663	0.696337	6.108182
8016	-3816.637	-3960.224	143.5866	0.7451459	0.7918641	0.376455	0.623545	6.692883
8022	-3805.178	-3949.781	144.6023	0.747727	0.8046461	0.378367	0.621633	6.132478
8028	-3793.892	-3938.433	144.5412	0.8088718	0.8046461	0.375752	0.624248	6.132478
8034	-3806.672	-3953.354	146.682	0.9824852	1.006161	0.340067	0.659933	4.737386
8040	-3807.177	-3953.565	146.388	0.8689307	0.8555126	0.386987	0.613013	5.05302
8046	-3796.409	-3942.401	145.9921	0.8972313	0.7149154	0.366903	0.633097	5.349577
8052	-3806.124	-3951.29	145.1654	0.862193	0.7000805	0.366903	0.633097	5.833314
8058	-3793.337	-3938.664	145.3267	0.8638467	0.7520873	0.395078	0.604922	5.708016
8064	-3801.619	-3947.776	146.1575	0.9303776	0.7520873	0.379226	0.620774	5.214115
8070	-3800.429	-3945.907	145.478	0.8270789	0.8802708	0.379226	0.620774	5.563268
8076	-3800.468	-3946.485	146.0179	0.9944155	1.047651	0.472384	0.527616	5.077869
8082	-3805.023	-3951.376	146.3531	0.8850118	0.9089843	0.361914	0.638086	5.030873
8088	-3789.265	-3936.898	147.6325	1.017363	0.8082083	0.375521	0.624479	4.30338
8094	-3791.964	-3939.504	147.5396	0.9734078	0.7665559	0.367441	0.632559	4.408763
8100	-3789.849	-3936.21	146.3609	1.02786	0.7167287	0.343325	0.656675	5.072074
8106	-3808.055	-3953.656	145.6016	0.9645778	0.7845736	0.306449	0.693551	5.480079
8112	-3793.311	-3938.931	145.62	0.8678174	0.8473869	0.322367	0.677633	5.482956
8118	-3800.104	-3945.593	145.4888	0.8758908	0.9263833	0.351777	0.648223	5.503157
8124	-3807.587	-3953.164	145.5763	0.9764575	1.015942	0.312425	0.687575	5.349158
8130	-3797.76	-3944.026	146.2666	1.006222	0.8369418	0.335821	0.664179	5.055843
8136	-3798.757	-3943.614	144.8573	0.9880594	0.9558506	0.423575	0.576425	5.771199
8142	-3798.448	-3943.745	145.2977	0.9399833	0.6997913	0.376991	0.623009	5.718523
8148	-3805.886	-3951.908	146.0224	0.9040661	0.7276541	0.368111	0.631889	5.320121
8154	-3797.557	-3944.533	146.9759	0.9916985	0.7216152	0.275226	0.724774	4.74634
8160	-3797.031	-3941.325	144.2938	0.7934808	0.658896	0.264535	0.735465	6.375288
8166	-3785.113	-3931.921	146.8083	0.9667314	0.7667675	0.353171	0.646829	4.822504
8172	-3799.508	-3944.072	144.5642	0.8931117	0.711602	0.38713	0.61287	6.13631
8178	-3812.567	-3956.882	144.3147	0.7778872	0.8009015	0.455943	0.544057	6.274869
8184	-3803.545	-3947.782	144.2362	0.821559	0.7522527	0.343112	0.656888	6.32566
8190	-3801.24	-3946.871	145.6308	0.8306788	0.9474225	0.449184	0.550816	5.437764
8196	-3799.503	-3943.691	144.1879	0.7771064	0.8257398	0.371785	0.628215	6.32847
8202	-3807.243	-3952.053	144.8098	0.7998983	0.7411037	0.304673	0.695327	6.032954
8208	-3805.943	-3950.831	144.8882	0.8732819	0.6265855	0.382059	0.617941	6.032954
8214	-3798.459	-3944.122	145.6625	0.877154	0.7396314	0.428436	0.571564	5.524885
8220	-3808.89	-3954.263	145.3732	0.8971041	0.7396314	0.218097	0.781903	5.672806
8226	-3802.414	-3949.463	147.0495	0.8971041	0.7396314	0.330098	0.669902	4.745374
8232	-3807.397	-3953.42	146.0228	0.881301	0.8283813	0.343066	0.656934	5.265418
8238	-3817.951	-3963.289	145.3386	0.7890541	0.8230092	0.399273	0.600727	5.696056
8244	-3803.891	-3948.56	144.6693	0.824793	0.8048634	0.405679	0.594321	6.053891
8250	-3807.75	-3953.034	145.2843	0.829494	0.8048634	0.392933	0.607067	5.715251
8256	-3812.74	-3957.746	145.0061	0.7924764	0.8422071	0.424721	0.575279	5.864142
8262	-3816.194	-3961.642	145.4478	0.803516	0.8422071	0.346152	0.653848	5.616153
8268	-3806.092	-3951.897	145.8049	0.7619722	0.8870046	0.342404	0.657596	5.415225
8274	-3792.651	-3939.027	146.3758	0.9488093	0.8515426	0.292279	0.707721	5.017893
8280	-3791.594	-3938.193	146.5987	0.9559551	0.8944064	0.460876	0.539124	4.863582
8286	-3806.498	-3952.986	146.4886	1.032872	1.166516	0.391319	0.608681	4.733051
8292	-3805.329	-3951.494	146.1652	1.05339	1.090442	0.331845	0.668155	4.940651
8298	-3808.208	-3953.978	145.7705	1.016577	1.023545	0.43419	0.56581	5.2156
8304	-3795.316	-3942.805	147.4894	1.111988	0.9229876	0.354305	0.645695	4.258426
8310	-3788.454	-3934.937	146.4824	0.9184095	0.996897	0.412931	0.587069	4.889706
8316	-3791.995	-3937.627	145.6328	0.9237302	0.8754607	0.393574	0.606426	5.427857
8322	-3801.146	-3946.532	145.3864	0.9617097	0.7804279	0.411835	0.588165	5.602679
8328	-3811.654	-3957.125	145.4705	0.9334698	1.024111	0.344653	0.655347	5.426687
8334	-3795.737	-3941.18	145.4433	0.9862107	1.043216	0.344653	0.655347	5.402353
8340	-3800.388	-3945.852	145.4636	0.9553088	0.8209102	0.340406	0.659594	5.537508
8346	-3814.702	-3962.456	147.7546	1.009295	0.7559106	0.343344	0.656656	4.274368
8352	-3801.787	-3946.588	144.8006	0.8699398	1.135409	0.400522	0.599478	5.771663
8358	-3806.344	-3951.318	144.9733	0.8246776	1.299605	0.435645	0.564355	5.624197
8364	-3796.888	-3942.617	145.7288	0.8660442	0.7022417	0.339727	0.660273	5.520769
8370	-3800.089	-3947.217	147.1283	0.9200545	0.8856959	0.251096	0.748904	4.592834
8376	-3800.511	-3946.134	145.6231	0.9298017	0.8990755	0.313881	0.686119	5.415635
8382	-3811.583	-3959.885	148.3025	1.137533	0.6896714	0.330727	0.669273	3.937338
8388	-3809.246	-3957.965	148.7192	1.125596	0.6465164	0.301518	0.698482	3.738056
8394	-3802.01	-3946.71	144.6992	0.7690993	0.7923015	0.369072	0.630928	6.076009
8400	-3795.108	-3940.616	145.508	0.8983887	0.6488617	0.360514	0.639486	5.663362
8406	-3804.943	-3950.732	145.7887	0.8684702	0.8127285	0.368392	0.631608	5.411639
8412	-3796.16	-3941.536	145.3764	0.8663503	0.6620987	0.353251	0.646749	5.743125
8418	-3795.099	-3940.607	145.5083	0.8290704	0.9159891	0.435391	0.564609	5.524266
8424	-3808.755	-3955.781	147.0258	0.9422714	0.633229	0.270202	0.729798	4.811907
8430	-3807.235	-3953.124	145.8889	0.8809875	0.633229	0.369518	0.630482	5.475595
8436	-3807.392	-3953.658	146.2663	0.870129	0.6967231	0.410786	0.589214	5.226146
8442	-3805.402	-3951.98	146.5782	0.8311044	0.6827902	0.32559	0.67441	5.085176
8448	-3803.032	-3948.41	145.3784	0.8252185	0.9443482	0.28753	0.71247	5.581294
8454	-3805.626	-3950.37	144.744	0.7619826	0.9443482	0.335991	0.664009	5.963209
8460	-3815.339	-3961.052	145.7129	0.8915087	0.8737941	0.429246	0.570754	5.402512
8466	-3808.029	-3951.662	143.6333	0.8030136	0.7851584	0.395924	0.604076	6.640694
8472	-3820.745	-3963.974	143.229	0.9017759	0.8154904	0.308682	0.691318	6.78642
8478	-3806.362	-3951.017	144.6553	0.9227452	0.7529756	0.427487	0.572513	6.04214
8484	-3807.864	-3954.774	146.9102	0.9933213	0.7454689	0.429877	0.570123	4.765379
8490	-3797.386	-3944.354	146.9678	0.9341758	0.7467445	0.356768	0.643232	4.765379
8496	-3807.186	-3953.379	146.1935	0.8962974	0.7703575	0.334836	0.665164	5.200676
8502	-3803.341	-3950.104	146.7631	1.004288	0.9593121	0.343501	0.656499	4.706393
8508	-3793.6	-3940.322	146.7226	1.047324	0.9401566	0.384753	0.615247	4.716101
8514	-3798.519	-3943.812	145.293	0.916372	0.8620575	0.434263	0.565737	5.626936
8520	-3806.622	-3953.382	146.7599	0.9501351	0.772022	0.407948	0.592052	4.855145
8526	-3804.021	-3950.397	146.3768	0.8865691	0.8751061	0.478381	0.521619	5.037342
8532	-3819.152	-3964.155	145.0035	0.7158441	0.9031062	0.329735	0.670265	5.870573
8538	-3808.912	-3952.507	143.595	0.7856462	0.9422319	0.387611	0.612389	6.5759
8544	-3816.67	-3962.428	145.7572	0.8787229	0.7114075	0.371066	0.628934	5.491626
8550	-3824.424	-3969.395	144.971	0.8883967	0.8665257	0.340675	0.659325	5.815948
8556	-3809.765	-3955.274	145.5087	0.8671092	0.8058567	0.356177	0.643823	5.570849
8562	-3797.133	-3942.634	145.5011	0.9070983	0.9600675	0.434025	0.565975	5.459856
8568	-3793.273	-3938.691	145.4176	0.9051086	0.8659115	0.339765	0.660235	5.562322
8574	-3809.297	-3955.397	146.0995	1.09886	0.769319	0.398807	0.601193	5.141256
8580	-3798.787	-3945.63	146.8428	1.039497	0.7554266	0.398259	0.601741	4.77038
8586	-3800.266	-3947.308	147.0423	1.039497	0.9567872	0.474146	0.525854	4.531602
8592	-3800.482	-3946.94	146.4581	0.9441379	0.7478754	0.323648	0.676352	5.042824
8598	-3802.354	-3948.661	146.307	0.8804432	0.9363938	0.409197	0.590803	5.042824
8604	-3800.823	-3945.45	144.6277	0.8338039	0.9411319	0.301833	0.698167	5.9893
8610	-3817.687	-3962.755	145.0685	0.8999231	0.860186	0.364172	0.635828	5.76014
8616	-3815.998	-3960.092	144.0938	0.8309627	0.9638556	0.218857	0.781143	6.268704
8622	-3809.588	-3955.876	146.2882	0.94147	0.8083181	0.396291	0.603709	5.098159
8628	-3808.499	-3954.171	145.6719	0.9041912	0.8633617	0.363724	0.636276	5.424487
8634	-3809.551	-3955.334	145.7834	0.9944866	0.6960037	0.363724	0.636276	5.424487
8640	-3804.469	-3949.259	144.7901	0.7839783	0.8720844	0.304579	0.695421	5.968449
8646	-3798.439	-3943.251	144.8118	0.7719428	0.7813142	0.428881	0.571119	6.02028
8652	-3814.716	-3960.966	146.2505	0.9189506	0.7813142	0.337626	0.662374	5.149261
8658	-3805.306	-3953.168	147.8619	1.08135	0.8082287	0.337626	0.662374	4.136933
8664	-3808.191	-3954.419	146.2272	1.022597	0.8809641	0.380479	0.619521	5.041255
8670	-3795.818	-3942.936	147.1177	0.9572389	0.8110672	0.35445	0.64555	4.625235
8676	-3799.927	-3945.246	145.3189	0.9560543	0.8051514	0.35445	0.64555	5.626678
8682	-3815.555	-3963.797	148.2416	1.069548	0.8607238	0.48408	0.51592	3.892523
8688	-3815.459	-3962.342	146.8832	1.021868	0.785385	0.363777	0.636223	4.737333
8694	-3796.018	-3940.461	144.4426	0.8799023	1.119338	0.283029	0.716971	5.969927
8700	-3805.045	-3950.821	145.7758	0.9838209	0.8716057	0.36709	0.63291	5.318285
8706	-3805.292	-3950.933	145.6412	0.9116405	0.9303262	0.397936	0.602064	5.397293
8712	-3803.652	-3949.398	145.7457	0.9502504	0.7499871	0.373239	0.626761	5.431833
8718	-3818.636	-3963.412	144.7766	0.9502504	0.6728051	0.380829	0.619171	6.017221
8724	-3810.442	-3953.669	143.227	0.8605671	0.81027	0.413503	0.586497	6.813067
8730	-3798.024	-3943.323	145.2984	0.781313	0.81027	0.358823	0.641177	5.730434
8736	-3798.792	-3943.314	144.5225	0.7113501	0.9483442	0.374394	0.625606	6.109311
8742	-3801.387	-3947.942	146.5549	0.9445191	0.9751164	0.433913	0.566087	4.847034
8748	-3806.563	-3952.158	145.5949	0.9012745	0.7641721	0.468869	0.531131	5.532151
8754	-3810.119	-3955.331	145.2119	0.8752201	0.7953916	0.322599	0.677401	5.736009
8760	-3810.931	-3956.209	145.2779	0.909208	0.9825345	0.337749	0.662251	5.568815
8766	-3820.119	-3965.5	145.3816	0.8060572	0.9819493	0.261094	0.738906	5.568815
8772	-3814.264	-3960.538	146.2744	1.001314	0.896363	0.386107	0.613893	5.017544
8778	-3800.708	-3946.381	145.6736	0.8822348	0.8245169	0.386107	0.613893	5.459937
8784	-3806.684	-3952.262	145.5789	1.058719	0.716032	0.350707	0.649293	5.487433
8790	-3800.348	-3946.543	146.1951	0.9006263	0.6797183	0.355309	0.644691	5.260975
8796	-3803.553	-3949.456	145.9028	0.8877832	0.716704	0.424099	0.575901	5.402748
8802	-3808.623	-3954.933	146.3099	0.9982604	0.8342114	0.389068	0.610932	5.037969
8808	-3809.571	-3956.056	146.4843	0.8946278	0.6243577	0.410472	0.589528	5.146279
8814	-3807.515	-3954.428	146.913	0.9868302	0.8287732	0.336721	0.663279	4.711822
8820	-3802.731	-3951.028	148.2968	1.148751	0.8244433	0.377212	0.622788	3.838985
8826	-3809.635	-3958.251	148.616	1.184904	0.714251	0.314156	0.685844	3.711388
8832	-3806.924	-3956.009	149.0852	1.107466	0.6822432	0.360575	0.639425	3.508277
8838	-3802.425	-3949.683	147.2578	0.9216709	0.9779144	0.46369	0.53631	4.464426
8844	-3801.658	-3948.494	146.8366	1.004768	0.9779144	0.417664	0.582336	4.654331
8850	-3802.365	-3947.984	145.619	0.8607192	1.054577	0.406885	0.593115	5.368642
8856	-3810.642	-3955.85	145.2073	0.8806106	0.927814	0.347393	0.652607	5.65437
8862	-3807.273	-3954.007	146.7337	0.9864897	0.7374057	0.391554	0.608446	4.873272
8868	-3802.693	-3948.544	145.851	1.003347	0.761959	0.315167	0.684833	5.336367
8874	-3806.354	-3953.285	146.9319	0.8846213	0.8182799	0.396956	0.603044	4.765129
8880	-3803.827	-3950.064	146.2373	0.9617843	0.733681	0.339585	0.660415	5.165284
8886	-3803.642	-3950.065	146.4228	0.9324592	0.7203315	0.398868	0.601132	5.088074
8892	-3810.189	-3956.171	145.9822	0.879082	0.7473411	0.500824	0.499176	5.342472
8898	-3804.533	-3950.539	146.0056	0.9697611	0.769217	0.37884	0.62116	5.264686
8904	-3805.104	-3951.258	146.1531	0.9419214	0.7046998	0.37884	0.62116	5.243253
8910	-3800.217	-3946.713	146.4962	0.96907	0.9992307	0.299116	0.700884	4.852471
8916	-3794.955	-3941.859	146.9041	0.9022392	0.9992307	0.381579	0.618421	4.661917
8922	-3800.951	-3945.277	144.3263	0.8807129	0.76887	0.244476	0.755524	6.233539
8928	-3803.964	-3947.657	143.6931	0.6362438	1.059352	0.328906	0.671094	6.540271
8934	-3805.859	-3951.005	145.1459	0.9047825	0.8351189	0.493902	0.506098	5.730623
8940	-3791.903	-3936.873	144.97	0.8983735	0.949376	0.432073	0.567927	5.762289
8946	-3802.198	-3947.834	145.6365	0.854595	0.906997	0.278647	0.721353	5.444982
8952	-3800.135	-3944.264	144.1284	0.8317276	0.7547048	0.278647	0.721353	6.377009
8958	-3799.127	-3943.935	144.808	0.8145532	0.8818405	0.399792	0.600208	5.936112
8964	-3806.119	-3949.86	143.7414	0.7914643	0.8164609	0.434435	0.565565	6.568533
8970	-3801.739	-3945.457	143.718	0.789533	0.7845366	0.322764	0.677236	6.602599
8976	-3789.69	-3935.391	145.7006	0.8970473	1.103056	0.304281	0.695719	5.278305
8982	-3788.399	-3933.901	145.5022	0.8616291	0.9259482	0.33847	0.66153	5.503882
8988	-3803.562	-3949.697	146.1341	1.01803	1.19905	0.325446	0.674554	4.923075
8994	-3811.778	-3956.532	144.7541	0.8466579	0.9593859	0.393694	0.606306	5.90293
9000	-3807.338	-3952.384	145.0464	0.8012054	1.020335	0.393694	0.606306	5.734303
9006	-3820.367	-3965.001	144.6346	0.7956064	0.8996039	0.373262	0.626738	6.030482
9012	-3801.8	-3949.013	147.2132	0.960257	0.846398	0.390368	0.609632	4.547165
9018	-3794.64	-3940.564	145.9239	0.960257	0.7691332	0.39443	0.60557	5.315116
9024	-3808.327	-3954.339	146.0113	0.935561	0.8036426	0.299999	0.700001	5.257708
9030	-3794.885	-3941.661	146.7758	0.9402006	0.8079858	0.358614	0.641386	4.827946
9036	-3806.073	-3954.131	148.058	1.103899	0.6234888	0.420662	0.579338	4.147578
9042	-3808.698	-3956.932	148.2334	1.064284	0.6234888	0.313369	0.686631	4.070254
9048	-3815.943	-3964.599	148.6563	1.075101	0.7874701	0.391485	0.608515	3.699248
9054	-3811.528	-3960.278	148.7502	1.085029	0.7874701	0.334373	0.665627	3.639132
9060	-3796.402	-3941.024	144.6222	0.8404372	0.9961526	0.320372	0.679628	5.95796
9066	-3797.214	-3941.89	144.6762	0.8404372	0.9433409	0.473873	0.526127	5.95796
9072	-3804.167	-3949.017	144.8504	0.8636739	0.8680714	0.405206	0.594794	5.894445
9078	-3801.932	-3948.716	146.7839	0.9656073	0.8742503	0.371817	0.628183	4.767151
9084	-3807.083	-3954.075	146.9919	1.071258	0.9170688	0.369864	0.630136	4.565455
9090	-3810.174	-3952.5	142.3257	0.8401943	1.046643	0.432322	0.567678	7.174349
9096	-3805.453	-3949.678	144.2249	0.8825573	0.8055131	0.396508	0.603492	6.263857
9102	-3806.118	-3952.1	145.9818	0.8444819	1.156212	0.431866	0.568134	5.125017
9108	-3810.08	-3955.921	145.8408	0.9664378	1.156212	0.359804	0.640196	5.13558
9114	-3819.042	-3964.346	145.3036	0.8638522	1.156212	0.373021	0.626979	5.488709
9120	-3821.94	-3967.045	145.1051	0.9445687	1.169183	0.347739	0.652261	5.547097
9126	-3804.596	-3950.223	145.6275	0.835414	0.7691658	0.368167	0.631833	5.547097
9132	-3799.648	-3944.321	144.6726	0.8033564	0.8549072	0.451548	0.548452	6.032437
9138	-3802.132	-3947.502	145.37	0.8671806	0.9359848	0.417684	0.582316	5.567682
9144	-3801.743	-3947.001	145.2574	0.8986095	0.9531288	0.446229	0.553771	5.602457
9150	-3812.781	-3959.14	146.3588	0.8727533	0.7714541	0.436765	0.563235	5.121442
9156	-3817.328	-3963.556	146.2282	0.9527213	0.7660419	0.424972	0.575028	5.153168
9162	-3809.19	-3954.033	144.842	0.8332178	0.6368035	0.396336	0.603664	6.072126
9168	-3808.245	-3953.398	145.1529	0.8629884	0.8346865	0.423792	0.576208	5.749911
9174	-3807.902	-3953.034	145.1322	0.9414592	0.6915016	0.304645	0.695355	5.81427
9180	-3821.161	-3968.166	147.0054	0.9977156	0.7198924	0.384761	0.615239	4.727723
9186	-3819.613	-3966.449	146.8359	0.9886806	0.7389332	0.394627	0.605373	4.814018
9192	-3812.323	-3959.42	147.0971	1.184573	0.7795422	0.300874	0.699126	4.530156
9198	-3798.856	-3946.16	147.3043	0.9937093	0.766102	0.300874	0.699126	4.530156
9204	-3793.298	-3941.307	148.0099	1.062755	0.766102	0.330392	0.669608	4.091971
9210	-3792.166	-3937.405	145.2388	0.8670726	0.9077264	0.368658	0.631342	5.656214
9216	-3799.493	-3943.574	144.0809	0.8581024	0.9077264	0.346094	0.653906	6.293008
9222	-3811.296	-3956.422	145.1255	0.8565117	0.9383989	0.346946	0.653054	5.706298
9228	-3803.261	-3947.911	144.6506	0.8858382	0.9881436	0.325001	0.674999	5.922047
9234	-3815.758	-3959.072	143.3138	0.8365372	0.724253	0.31876	0.68124	6.835706
9240	-3807.983	-3952.608	144.6249	0.8172664	0.891588	0.406042	0.593958	6.028737
9246	-3793.241	-3937.979	144.7375	0.926321	1.018186	0.413824	0.586176	5.836039
9252	-3806.746	-3952.816	146.0698	0.984416	0.8156355	0.3533	0.6467	5.190579
9258	-3805.856	-3951.311	145.4549	0.984416	0.8294974	0.311815	0.688185	5.520854
9264	-3800.876	-3946.055	145.1783	0.8940386	0.9969693	0.3853	0.6147	5.623836
9270	-3799.26	-3945.021	145.7608	0.9494687	0.832122	0.346126	0.653874	5.370022
9276	-3811.566	-3955.917	144.3507	0.8713688	0.832122	0.31709	0.68291	6.184791
9282	-3810.435	-3956.021	145.5864	0.8713688	0.7646651	0.31113	0.68887	5.552925
9288	-3816.43	-3961.469	145.0394	0.8729249	0.8359865	0.567359	0.432641	5.805826
9294	-3800.584	-3946.791	146.2076	0.9269922	1.065854	0.273536	0.726464	5.000306
9300	-3804.53	-3951.555	147.0257	1.055911	1.065854	0.398894	0.601106	4.470835
9306	-3799.4	-3945.592	146.1922	0.900457	0.8027837	0.342069	0.657931	5.17764
9312	-3808.493	-3954.915	146.4212	0.9438039	0.8668307	0.358821	0.641179	4.985955
9318	-3802.72	-3948.044	145.3242	1.013811	1.071506	0.316034	0.683966	5.437834
9324	-3805.109	-3952.509	147.4	0.9081473	0.7783698	0.427107	0.572893	4.51609
9330	-3803.901	-3946.678	142.7775	0.8103136	0.7472371	0.353085	0.646915	7.123114
9336	-3794.948	-3940.716	145.7681	0.8862993	0.7431551	0.367747	0.632253	5.459335
9342	-3797.337	-3943.444	146.1076	0.9085555	0.8767176	0.446497	0.553503	5.17338
9348	-3793.662	-3940.076	146.4138	0.9035495	0.8525023	0.442099	0.557901	5.021337
9354	-3795.284	-3940.638	145.3541	0.9098821	0.8928066	0.362795	0.637205	5.578325
9360	-3801.351	-3947.711	146.3605	1.030729	0.877917	0.362795	0.637205	4.964554
9366	-3791.867	-3938.5	146.6339	0.9425428	0.8622524	0.367901	0.632099	4.871169
9372	-3806.199	-3952.715	146.5168	0.9810669	0.9347228	0.374655	0.625345	4.871169
9378	-3804.135	-3951.272	147.1374	1.02653	0.7896578	0.372267	0.627733	4.589462
9384	-3804.124	-3950.056	145.9317	1.006301	1.022056	0.286032	0.713968	5.132855
9390	-3804.384	-3948.994	144.6103	0.7402361	0.7018052	0.383914	0.616086	6.201327
9396	-3811.446	-3955.898	144.4518	0.7097842	0.8586428	0.426734	0.573266	6.201327
9402	-3814.999	-3958.89	143.891	0.6531751	0.8647934	0.424164	0.575836	6.532606
9408	-3814.317	-3959.863	145.5465	0.8660864	0.8665197	0.319817	0.680183	5.512541
9414	-3808.599	-3954.192	145.5927	0.8209813	0.832918	0.302546	0.697454	5.532796
9420	-3815.181	-3959.967	144.7857	0.8633293	0.9088271	0.487585	0.512415	5.905654
9426	-3805.691	-3950.687	144.9954	0.7970017	0.8858285	0.350125	0.649875	5.840894
9432	-3810.573	-3955.393	144.8202	0.8047861	0.7362031	0.344956	0.655044	6.027938
9438	-3814.622	-3959.939	145.3167	0.8175342	0.8851248	0.453031	0.546969	5.654161
9444	-3804.123	-3951.917	147.7943	0.9178151	0.8052324	0.362888	0.637112	4.270109
9450	-3808.851	-3955.444	146.5925	1.072273	0.8834714	0.332102	0.667898	4.808796
9456	-3810.832	-3956.122	145.29	0.9396163	0.7973332	0.296541	0.703459	5.656634
9462	-3804.829	-3951.2	146.371	0.9362625	0.883834	0.358031	0.641969	5.007593
9468	-3815.778	-3961.695	145.9176	0.9882094	1.058868	0.306528	0.693472	5.130897
9474	-3823.819	-3968.127	144.3086	0.9520792	0.9984578	0.268046	0.731954	6.066804
9480	-3813.129	-3960.026	146.8978	0.9204956	1.008805	0.387603	0.612397	4.649867
9486	-3813.604	-3958.533	144.9285	0.84487	1.096272	0.397968	0.602032	5.735084
9492	-3811.57	-3959.001	147.4308	1.034119	0.9261069	0.397968	0.602032	4.333741
9498	-3799.086	-3945.013	145.9266	0.9647311	0.9073275	0.338527	0.661473	5.223988
9504	-3808.736	-3955.227	146.4908	0.9802428	1.167001	0.447376	0.552624	4.760997
9510	-3804.835	-3951.812	146.977	0.9081113	1.036405	0.368309	0.631691	4.597196
9516	-3798.678	-3944.339	145.6603	0.9595191	0.9954654	0.40927	0.59073	5.323382
9522	-3804.47	-3948.584	144.1135	0.8771278	0.8326256	0.267228	0.732772	6.310216
9528	-3802.278	-3949.117	146.8395	0.8945571	0.8133898	0.403327	0.596673	4.81434
9534	-3811.203	-3956.344	145.1408	0.8574752	0.7729028	0.297826	0.702174	5.799366
9540	-3791.756	-3937.783	146.0269	1.033512	1.050608	0.334295	0.665705	5.049579
9546	-3793.545	-3940.222	146.6768	0.937729	0.7169852	0.376662	0.623338	4.946492
9552	-3798.389	-3946.251	147.8625	1.091667	0.9022101	0.376662	0.623338	4.070559
9558	-3800.249	-3948.418	148.169	1.04188	0.9653556	0.425879	0.574121	3.885719
9564	-3808.59	-3953.673	145.0832	0.7713658	0.707794	0.356698	0.643302	5.922382
9570	-3814.377	-3960.644	146.2665	0.8455121	0.6784854	0.353161	0.646839	5.252894
9576	-3800.782	-3946.014	145.2322	0.9661688	0.8497493	0.406665	0.593335	5.640513
9582	-3801.663	-3947.052	145.3891	0.8381056	0.8841944	0.292837	0.707163	5.603664
9588	-3800.907	-3945.797	144.8901	0.8401453	0.891224	0.277918	0.722082	5.871667
9594	-3805.839	-3951.607	145.768	0.8880587	0.7526708	0.396657	0.603343	5.451952
9600	-3798.721	-3944.148	145.4272	0.8741887	0.9322787	0.401262	0.598738	5.534567
9606	-3802.105	-3947.186	145.0813	0.7935954	0.6986326	0.347078	0.652922	5.91781
9612	-3802.584	-3948.284	145.6994	0.8184174	0.7978372	0.438847	0.561153	5.498012
9618	-3801.524	-3945.722	144.1986	0.8449886	0.7978372	0.277544	0.722456	6.303453
9624	-3801.695	-3945.052	143.357	0.7835016	0.8832003	0.448089	0.551911	6.739878
9630	-3818.42	-3961.914	143.4946	0.7225419	0.9841671	0.457326	0.542674	6.641003
9636	-3809.384	-3954.366	144.9823	0.8157934	0.8596596	0.336	0.664	5.853646
9642	-3804.894	-3949.976	145.0813	0.849776	1.025651	0.348389	0.651611	5.685704
9648	-3793.494	-3938.258	144.7637	0.8856759	1.192517	0.422421	0.577579	5.755384
9654	-3806.356	-3951.269	144.913	1.022527	1.192517	0.43556	0.56444	5.598467
9660	-3807.754	-3952.716	144.9617	0.8387094	0.8470947	0.374157	0.625843	5.860123
9666	-3812.565	-3957.941	145.376	0.8957925	0.7689536	0.356987	0.643013	5.652165
9672	-3810.79	-3956.152	145.3622	0.9399189	1.015274	0.362303	0.637697	5.487569
9678	-3808.499	-3954.008	145.5094	0.9539565	0.8616987	0.299113	0.700887	5.487569
9684	-3814.943	-3960.561	145.6184	0.9868665	0.8644394	0.4318	0.5682	5.407797
9690	-3818.223	-3962.106	143.883	0.7732376	1.222497	0.439002	0.560998	6.282779
9696	-3808.857	-3952.591	143.7346	0.8512536	0.8917177	0.382356	0.617644	6.493975
9702	-3812.082	-3956.188	144.1058	0.9072787	0.9648883	0.346615	0.653385	6.220138
9708	-3819.928	-3965.931	146.0035	0.8548478	0.7869813	0.331855	0.668145	5.317508
9714	-3803.531	-3950.4	146.8685	0.9147915	0.9692866	0.355764	0.644236	4.691769
9720	-3806.304	-3953.658	147.3541	0.8801248	0.9089529	0.436248	0.563752	4.47417
9726	-3803.878	-3950.795	146.9173	0.9423483	1.128111	0.341496	0.658504	4.562939
9732	-3805.258	-3951.116	145.8581	0.89785	0.7949095	0.335184	0.664816	5.368784
9738	-3808.112	-3954.694	146.5825	0.9123705	0.9624449	0.299202	0.700798	4.856799
9744	-3807.14	-3953.692	146.5519	0.9798521	0.9457667	0.386753	0.613247	4.845875
9750	-3809.107	-3953.287	144.1805	0.7826769	0.9680938	0.335135	0.664865	6.245469
9756	-3806.88	-3952.965	146.0843	0.8303788	0.9701414	0.369291	0.630709	5.174614
9762	-3801.795	-3949.818	148.0226	0.9969081	0.8320442	0.274031	0.725969	4.077847
9768	-3805.3	-3951.383	146.0836	0.8519385	1.122687	0.357303	0.642697	5.081303
9774	-3800.435	-3946.288	145.8528	0.9482245	0.7892937	0.424391	0.575609	5.347615
9780	-3796.647	-3942.754	146.1071	0.9482245	0.8359414	0.364424	0.635576	5.177
9786	-3795.458	-3941.851	146.3932	0.8671147	0.5587802	0.364424	0.635576	5.265211
9792	-3790.93	-3936.234	145.3033	0.9362107	0.8112858	0.322837	0.677163	5.6422
9798	-3796.325	-3943.6	147.2747	0.9966271	0.6846997	0.346391	0.653609	4.603088
9804	-3814.64	-3961.076	146.4356	0.927911	0.6781371	0.461961	0.538039	5.113966
9810	-3796.196	-3941.54	145.3445	0.8115469	0.8063304	0.366112	0.633888	5.691129
9816	-3812.39	-3957.739	145.3493	0.8178714	0.8982917	0.386028	0.613972	5.628184
9822	-3799.605	-3945.754	146.1492	0.8175912	0.76744	0.344128	0.655872	5.270621
9828	-3790.68	-3937.405	146.725	0.9374587	0.740354	0.353459	0.646541	4.903351
9834	-3794.283	-3939.294	145.0104	0.8686715	0.8671709	0.330901	0.669099	5.804751
9840	-3796.587	-3940.111	143.5244	0.7375827	0.7483577	0.292044	0.707956	6.759103
9846	-3798.822	-3941.887	143.0648	0.7525601	0.6889884	0.390251	0.609749	7.039671
9852	-3791.017	-3937.027	146.0101	0.9606895	0.9646342	0.446352	0.553648	5.146701
9858	-3795.794	-3942.984	147.1899	0.9606895	0.6616344	0.311926	0.688074	4.688024
9864	-3809.579	-3957.28	147.7009	1.190219	0.8537491	0.31426	0.68574	4.13689
9870	-3795.04	-3941.639	146.5997	1.160546	0.847612	0.31426	0.68574	4.77782
9876	-3798.464	-3945.214	146.7501	0.9093356	0.9402785	0.418791	0.581209	4.77782
9882	-3793.7	-3941.809	148.1099	1.036144	0.5869089	0.383576	0.616424	4.186602
9888	-3795.627	-3941.208	145.5807	0.9510816	0.7217136	0.37589	0.62411	5.541647
9894	-3798.359	-3943.192	144.8327	0.8432008	0.7139762	0.328008	0.671992	6.015556
9900	-3789.358	-3935.171	145.8134	0.9212375	0.8229463	0.380067	0.619933	5.362417
9906	-3794.016	-3938.241	144.2254	0.9544104	0.812625	0.340974	0.659026	6.220032
9912	-3789.977	-3935.455	145.4776	0.8544277	0.7181793	0.45954	0.54046	5.653811
9918	-3799.185	-3944.071	144.886	0.7902358	0.7205315	0.364223	0.635777	6.010812
9924	-3798.218	-3944.66	146.4423	1.01473	0.8174176	0.359984	0.640016	4.966035
9930	-3805.648	-3950.976	145.3273	0.8133043	0.8519359	0.403807	0.596193	5.670849
9936	-3804.142	-3950.351	146.2095	0.9783458	0.8795868	0.389258	0.610742	5.07648
9942	-3803.839	-3949.765	145.926	0.8403477	0.8107111	0.333669	0.666331	5.352808
9948	-3807.804	-3953.975	146.1714	0.9356082	0.6976663	0.382869	0.617131	5.241696
9954	-3811.769	-3957.855	146.0862	0.9535269	0.9938172	0.291285	0.708715	5.092041
9960	-3789.918	-3936.123	146.205	0.9572958	0.8014765	0.306448	0.693552	5.139919
9966	-3793.856	-3941.668	147.8122	1.097772	0.7810681	0.352102	0.647898	4.174201
9972	-3804.073	-3948.852	144.7792	0.8507968	0.8076071	0.274839	0.725161	5.977998
9978	-3809.661	-3953.906	144.2452	0.8135921	0.7084101	0.380924	0.619076	6.35518
9984	-3793.185	-3937.343	144.158	0.7697279	0.8153727	0.380924	0.619076	6.35518
9990	-3795.589	-3941.859	146.2703	0.9606569	0.7674841	0.380924	0.619076	5.124471
9996	-3802.787	-3947.992	145.205	0.8966599	0.7674841	0.299058	0.700942	5.746387
10002	-3808.814	-3955.72	146.906	0.8968007	0.699865	0.314042	0.685958	4.853951
10008	-3801.165	-3947.025	145.8596	0.9987314	0.8488293	0.430027	0.569973	5.277829
10014	-3790.947	-3936.854	145.9064	0.8276266	0.7051722	0.430027	0.569973	5.442075
10020	-3795.779	-3940.514	144.7355	0.851466	0.8184077	0.404107	0.595893	5.994618
10026	-3803.135	-3949.922	146.7877	0.8957113	0.8368641	0.283363	0.716637	4.827529
10032	-3814.031	-3958.388	144.3567	0.7821393	1.097103	0.314652	0.685348	6.081282
10038	-3805.738	-3950.438	144.7002	0.7590859	0.791774	0.479473	0.520527	6.081282
10044	-3800.523	-3944.585	144.0615	0.8322461	0.9303998	0.362188	0.637812	6.304472
10050	-3799.279	-3944.147	144.8682	0.7555016	0.7226337	0.476818	0.523182	6.038013
10056	-3807.327	-3951.381	144.0536	0.6774281	0.8151964	0.308625	0.691375	6.462007
10062	-3807.635	-3954.297	146.6618	0.9291442	0.7350627	0.386683	0.613317	4.946845
10068	-3813.456	-3958.27	144.814	0.8842932	0.902581	0.401051	0.598949	5.882409
10074	-3796.072	-3941.386	145.3137	0.8530715	0.9251915	0.387045	0.612955	5.612583
10080	-3806.276	-3950.39	144.1136	0.8324078	0.902581	0.356133	0.643867	6.292196
10086	-3801.51	-3947.257	145.7464	0.907914	0.7629099	0.389768	0.610232	5.445993
10092	-3801.242	-3946.864	145.6222	0.9096187	0.6446079	0.389768	0.610232	5.597739
10098	-3803.823	-3949.006	145.1832	0.8204635	0.8360589	0.389768	0.610232	5.75577
10104	-3808.397	-3952.908	144.5112	0.7989858	0.9750258	0.377659	0.622341	6.052773
10110	-3812.512	-3957.306	144.7944	0.7130589	0.8684383	0.364202	0.635798	6.006986
10116	-3813.584	-3957.694	144.1101	0.8217812	0.961455	0.420237	0.579763	6.266201
10122	-3809.798	-3954.16	144.3621	0.9451039	0.7198996	0.324601	0.675399	6.212228
10128	-3804.707	-3950.668	145.9614	0.931823	0.9065926	0.276944	0.723056	5.223392
10134	-3803.849	-3949.371	145.5218	0.967808	0.7158291	0.359343	0.640657	5.568957
10140	-3802.811	-3948.08	145.2693	0.9301025	0.9702122	0.384126	0.615874	5.568957
10146	-3799.465	-3944.366	144.901	0.8230961	0.7948828	0.362528	0.637472	5.934834
10152	-3814.03	-3958.768	144.7383	0.8450088	1.025611	0.408653	0.591347	5.876074
10158	-3802.022	-3946.832	144.8099	0.8396736	0.9597386	0.369178	0.630822	5.876074
10164	-3806.177	-3951.998	145.821	0.9407771	0.7555698	0.322429	0.677571	5.391778
10170	-3809.312	-3954.25	144.9378	0.9066533	0.722067	0.323054	0.676946	5.91796
10176	-3806.953	-3952.208	145.2552	0.8241827	0.8302674	0.339624	0.660376	5.717942
10182	-3803.949	-3948.078	144.129	0.8464315	0.8436964	0.304816	0.695184	6.311617
10188	-3803.91	-3949.034	145.1233	0.8745229	0.6731196	0.43167	0.56833	5.869014
10194	-3811.933	-3956.275	144.3422	0.7272845	0.6513286	0.240667	0.759333	6.390508
10200	-3804.778	-3949.653	144.8744	0.7395234	0.6856438	0.482497	0.517503	6.069455
10206	-3802.527	-3947.319	144.7912	0.8425225	0.6944829	0.4146	0.5854	6.052312
10212	-3799.602	-3946.298	146.6956	0.8823713	0.6866642	0.374524	0.625476	4.988678
10218	-3799.53	-3944.269	144.7396	0.7901752	0.9317785	0.424568	0.575432	5.957429
10224	-3795.57	-3940.286	144.716	0.8545094	0.8937587	0.343447	0.656553	5.957429
10230	-3811.487	-3957.134	145.6469	0.869619	0.8937587	0.327219	0.672781	5.43889
10236	-3802.194	-3946.814	144.6198	0.8374083	0.7904919	0.364448	0.635552	6.08326
10242	-3804.012	-3949.772	145.76	0.8697591	0.8826282	0.283946	0.716054	5.383175
10248	-3801.713	-3946.288	144.5747	0.8856334	0.7657796	0.342499	0.657501	6.097771
10254	-3798.614	-3943.199	144.5854	0.9223029	0.9257787	0.238325	0.761675	5.972916
10260	-3794.426	-3939.07	144.6443	0.8948444	0.8309521	0.238325	0.761675	6.012787
10266	-3798.859	-3943.09	144.2318	0.7229552	0.7905224	0.428335	0.571665	6.356423
10272	-3808.755	-3953.392	144.6371	0.7684309	0.7905224	0.381327	0.618673	6.111362
10278	-3812.329	-3957.977	145.6483	0.8461358	0.6667594	0.26317	0.73683	5.601675
10284	-3803.503	-3948.759	145.2554	0.7670701	0.9110395	0.319564	0.680436	5.700013
10290	-3808.945	-3955.584	146.639	0.9999244	0.8774686	0.306062	0.693938	4.826893
10296	-3810.324	-3956.019	145.6959	0.9359767	0.7186877	0.444748	0.555252	5.488732
10302	-3811.307	-3957.256	145.9493	0.8647891	0.7256452	0.444748	0.555252	5.383524
10308	-3810.019	-3957.466	147.4472	0.9804125	0.7230774	0.27032	0.72968	4.487375
10314	-3807.955	-3953.312	145.3567	0.7677484	0.7531516	0.349637	0.650363	5.743506
10320	-3801.781	-3949.165	147.3837	1.081415	0.9226551	0.35052	0.64948	4.335719
10326	-3803.521	-3949.604	146.0832	0.988896	0.9705846	0.429324	0.570676	5.087177
10332	-3805.243	-3951.759	146.5163	0.988896	0.9556079	0.456714	0.543286	4.85498
10338	-3804.868	-3951.423	146.5553	0.988896	1.215359	0.573329	0.426671	4.696381
10344	-3808.06	-3954.973	146.9138	0.9650784	0.9818647	0.53358	0.46642	4.631069
10350	-3805.737	-3952.418	146.6814	0.9698386	1.153883	0.359743	0.640257	4.666735
10356	-3795.239	-3942.243	147.004	1.118127	0.8551815	0.359743	0.640257	4.570413
10362	-3795.536	-3942.36	146.8235	1.036558	0.9013808	0.359743	0.640257	4.688782
10368	-3789.548	-3936.85	147.3022	1.063913	0.8574191	0.329869	0.670131	4.43178
10374	-3805.955	-3953.39	147.4349	1.036406	0.787491	0.333435	0.666565	4.418052
10380	-3809.144	-3955.633	146.4887	0.8103884	0.8913165	0.449941	0.550059	5.007593
10386	-3810.997	-3955.819	144.8216	0.8061325	0.7538028	0.446605	0.553395	6.014505
10392	-3810.181	-3955.397	145.2166	0.8802788	0.9768392	0.379841	0.620159	5.621499
10398	-3810.203	-3954.894	144.6907	0.8802788	0.8947572	0.385894	0.614106	5.956539
10404	-3808.17	-3953.719	145.5488	0.9320511	0.8613123	0.327388	0.672612	5.478193
10410	-3805.744	-3951.084	145.3403	0.9134186	0.9153243	0.337134	0.662866	5.570632
10416	-3803.809	-3949.831	146.0217	0.9590708	1.039079	0.427747	0.572253	5.099924
10422	-3801.086	-3947.442	146.3556	0.9935838	0.8514748	0.432582	0.567418	5.004337
10428	-3819.043	-3965.579	146.5361	0.9799025	0.6966787	0.273073	0.726927	5.015838
10434	-3817.1	-3963.377	146.2774	0.985508	0.8576239	0.300148	0.699852	5.048355
10440	-3817.227	-3962.392	145.1651	0.8937334	0.9479802	0.427182	0.572818	5.658697
10446	-3801.198	-3946.949	145.7504	0.8937334	0.7253687	0.322472	0.677528	5.47732
10452	-3814.275	-3960.319	146.0434	0.8354594	0.733236	0.385752	0.614248	5.342509
10458	-3811.53	-3957.336	145.8057	0.976192	0.880646	0.390467	0.609533	5.300446
10464	-3811.743	-3956.481	144.7376	0.8687933	0.9721288	0.401437	0.598563	5.892729
10470	-3813.556	-3959.374	145.8186	0.9156502	1.011312	0.407364	0.592636	5.251453
10476	-3803.865	-3949.681	145.8164	0.9413922	0.9480285	0.487	0.513	5.274004
10482	-3802.713	-3949.475	146.7621	0.9961835	0.7860226	0.30605	0.69395	4.818877
10488	-3800.498	-3946.55	146.0518	0.8339558	0.7860226	0.457132	0.542868	5.302991
10494	-3789.352	-3936.015	146.6628	1.077562	0.8379336	0.398603	0.601397	4.79502
10500	-3790.042	-3936.229	146.1869	0.9323794	0.8783109	0.304683	0.695317	5.115295
10506	-3800.55	-3945.644	145.0943	0.9613114	0.8210518	0.367764	0.632236	5.736765
10512	-3807.11	-3951.832	144.7226	0.8687067	0.9758042	0.36027	0.63973	5.898896
10518	-3812.987	-3958.336	145.3496	0.901749	0.7562545	0.311678	0.688322	5.671852
10524	-3802.051	-3948.492	146.4407	0.9312485	0.9868493	0.360826	0.639174	4.911411
10530	-3817.742	-3964.212	146.4699	0.9464909	0.6446414	0.409409	0.590591	5.109876
10536	-3810.096	-3956.297	146.2015	0.9500559	0.858074	0.427434	0.572566	5.109876
10542	-3800.829	-3948.201	147.3722	1.06454	0.7381979	0.38471	0.61529	4.471494
10548	-3803.063	-3951.901	148.8386	1.227861	0.8238782	0.329166	0.670834	3.479776
10554	-3814.35	-3961.635	147.285	1.127768	0.8083421	0.285105	0.714895	4.437158
10560	-3810.394	-3955.87	145.4766	0.853605	0.9198294	0.413258	0.586742	5.525954
10566	-3811.156	-3957.664	146.508	0.8886297	0.8537497	0.275336	0.724664	4.976503
10572	-3804.274	-3950.696	146.4218	1.028323	0.8537497	0.401099	0.598901	4.946775
10578	-3800.015	-3946.924	146.9087	0.9553333	0.8494499	0.339161	0.660839	4.718634
10584	-3806.99	-3953.402	146.4117	1.045691	0.8209459	0.399104	0.600896	4.963555
10590	-3800.683	-3946.317	145.634	1.010701	0.8618989	0.421437	0.578563	5.387585
10596	-3806.052	-3952.478	146.4258	0.9785675	0.8021441	0.329365	0.670635	5.005233
10602	-3801.102	-3947.67	146.5683	0.9335155	0.735252	0.380826	0.619174	4.996295
10608	-3803.383	-3949.733	146.3508	1.054072	0.735252	0.38701	0.61299	5.05011
10614	-3795.809	-3941.414	145.6052	0.8996969	0.8295767	0.321968	0.678032	5.484739
10620	-3801.429	-3946.136	144.7071	0.8286879	0.8360284	0.386117	0.613883	6.011466
10626	-3801.22	-3946.065	144.8444	0.8685264	0.79305	0.289075	0.710925	5.942135
10632	-3807.043	-3952.124	145.0806	0.8546028	0.9118816	0.350574	0.649426	5.747354
10638	-3796.091	-3940.027	143.9358	0.7875759	0.7103615	0.318345	0.681655	6.535582
10644	-3795.157	-3940.304	145.1465	0.8557517	0.7353554	0.318345	0.681655	5.82249
10650	-3792.226	-3937.625	145.3983	0.9161574	0.7392621	0.327899	0.672101	5.6488
10656	-3802.453	-3948.729	146.2762	1.074448	0.6285736	0.326853	0.673147	5.158658
10662	-3802.272	-3948.045	145.7732	0.955693	0.7308379	0.397118	0.602882	5.426862
10668	-3812.519	-3956.7	144.1812	0.9756932	0.9568176	0.387691	0.612309	6.146426
10674	-3807.217	-3951.396	144.1791	0.7799346	0.7061587	0.339387	0.660613	6.410845
10680	-3810.83	-3956.015	145.1848	0.8250571	0.7067529	0.362208	0.637792	5.838301
10686	-3803.552	-3949.332	145.7794	0.8469457	0.7067529	0.362208	0.637792	5.50022
10692	-3804.623	-3949.109	144.4866	0.8367862	0.749214	0.284233	0.715767	6.183348
10698	-3798.213	-3942.65	144.437	0.779018	0.7695308	0.363127	0.636873	6.228238
10704	-3797.838	-3942.815	144.9771	0.8019607	0.7639938	0.400504	0.599496	5.92512
10710	-3792.607	-3937.67	145.0628	0.8614092	0.9211652	0.378722	0.621278	5.747907
10716	-3793.752	-3939.189	145.4367	0.8898473	0.7582919	0.412855	0.587145	5.62926
10722	-3796.912	-3942.692	145.7796	0.9896801	0.6972691	0.420167	0.579833	5.428311
10728	-3801.338	-3945.105	143.7671	0.7759713	0.6653617	0.420167	0.579833	6.665251
10734	-3791.382	-3936.922	145.5398	0.8651969	0.9178633	0.322012	0.677988	5.485997
10740	-3792.883	-3937.61	144.7265	0.8651969	0.9141346	0.464424	0.535576	5.93386
10746	-3792.047	-3936.413	144.3664	0.7891495	1.013249	0.34	0.66	6.116091
10752	-3796.669	-3941.289	144.6203	0.9043738	0.7946584	0.415126	0.584874	6.043801
10758	-3793.849	-3939.652	145.8036	0.8772734	0.8434289	0.415126	0.584874	5.379121
10764	-3812.18	-3957.561	145.3808	0.9217373	0.811996	0.373365	0.626635	5.607126
10770	-3810.602	-3956.658	146.0561	0.9459032	0.690697	0.39078	0.60922	5.304759
10776	-3803.37	-3948.435	145.065	0.9396284	0.690697	0.386284	0.613716	5.852584
10782	-3795.286	-3941.69	146.4045	0.8871248	1.018963	0.357921	0.642079	4.938246
10788	-3810.983	-3956.166	145.1828	0.9634404	0.9517916	0.387393	0.612607	5.608566
10794	-3800.8	-3946.541	145.7408	0.8969142	0.7602229	0.321264	0.678736	5.456939
10800	-3805.091	-3949.791	144.6993	0.8617053	0.9571492	0.468823	0.531177	5.925912
10806	-3812.031	-3958.475	146.4445	0.927126	0.985036	0.35614	0.64386	4.912608
10812	-3812.626	-3958.767	146.1417	0.9929919	1.278599	0.413185	0.586815	4.895101
10818	-3808.092	-3953.103	145.0106	0.8597854	0.9143211	0.337642	0.662358	5.781397
10824	-3804.374	-3948.883	144.5091	0.8762135	0.881766	0.312925	0.687075	6.065538
10830	-3792.824	-3938.305	145.4811	0.8595105	0.7460732	0.393724	0.606276	5.629833
10836	-3792.611	-3937.874	145.263	0.8368012	1.077925	0.437043	0.562957	5.565502
10842	-3782.406	-3929.195	146.7893	0.9130624	0.7871258	0.338986	0.661014	4.84934
10848	-3801.049	-3946.759	145.7106	0.9783621	1.071916	0.316321	0.683679	5.244041
10854	-3799.578	-3944.44	144.8619	0.9944515	0.986438	0.316321	0.683679	5.748059
10860	-3791.129	-3937.764	146.6349	1.04605	0.6774387	0.314565	0.685435	4.938255
10866	-3788.108	-3934.427	146.3192	0.9483597	1.049324	0.482834	0.517166	4.935177
10872	-3807.798	-3954.71	146.9119	1.024798	0.7997836	0.353299	0.646701	4.710042
10878	-3810.784	-3956.345	145.5611	0.9161064	0.6959212	0.33886	0.66114	5.589905
10884	-3795.921	-3944.119	148.198	1.218869	0.8733624	0.41878	0.58122	3.823683
10890	-3793.36	-3942.101	148.7404	1.193466	0.8733624	0.296756	0.703244	3.524442
10896	-3790.553	-3937.806	147.2535	1.100123	0.9864436	0.400106	0.599894	4.361345
10902	-3805.569	-3951.303	145.7342	1.07182	0.8273085	0.358274	0.641726	5.320272
10908	-3806.585	-3951.417	144.8326	0.8610467	0.9164735	0.393988	0.606012	5.876823
10914	-3803.863	-3950.68	146.8171	0.9393007	0.676669	0.35312	0.64688	4.896849
10920	-3804.241	-3949.826	145.5853	0.7235819	0.6887911	0.345629	0.654371	5.687372
10926	-3807.25	-3951.762	144.5123	0.8526527	0.6748521	0.402003	0.597997	6.212788
10932	-3809.968	-3954.233	144.2659	0.943224	0.7314139	0.327829	0.672171	6.25757
10938	-3816.396	-3960.626	144.2301	0.9052886	0.7917052	0.285821	0.714179	6.25757
10944	-3800.185	-3945.21	145.0243	0.8599937	0.8112319	0.406037	0.593963	5.836763
10950	-3795.031	-3941.839	146.8083	0.9301567	0.671259	0.295824	0.704176	4.910831
10956	-3799.851	-3946.154	146.3029	0.8908456	1.069773	0.399664	0.600336	4.965311
10962	-3807.116	-3952.356	145.2401	0.7615441	0.8139398	0.349695	0.650305	5.770872
10968	-3804.617	-3949.844	145.2273	0.7696792	0.8179374	0.349695	0.650305	5.770872
10974	-3800.022	-3945.858	145.8362	0.9126554	0.6309038	0.345464	0.654536	5.488954
10980	-3808.656	-3955.807	147.1517	1.097081	1.060488	0.381734	0.618266	4.37948
10986	-3803.525	-3950.478	146.9532	1.094427	1.144035	0.343737	0.656263	4.44909
10992	-3805.012	-3952.546	147.5338	0.994018	0.9599662	0.355764	0.644236	4.278161
10998	-3808.082	-3955.558	147.4759	1.006243	1.110501	0.416835	0.583165	4.220829
11004	-3812.444	-3959.509	147.0655	1.019093	1.133121	0.420385	0.579615	4.433846
11010	-3802.504	-3948.844	146.3405	0.9071277	1.228985	0.324437	0.675563	4.855441
11016	-3805.387	-3952.038	146.6511	0.9388885	0.8753978	0.389665	0.610335	4.855441
11022	-3817.219	-3962.745	145.5256	0.9103952	0.6599069	0.408219	0.591781	5.638857
11028	-3825.025	-3969.574	144.5489	0.9297272	0.7302641	0.518708	0.481292	6.111779
11034	-3818.344	-3963.136	144.7921	0.8318656	0.9273797	0.478234	0.521766	5.908515
11040	-3804.398	-3948.305	143.9063	0.8551923	0.7320297	0.305681	0.694319	6.500008
11046	-3805.852	-3950.88	145.0281	0.8184688	1.076444	0.363995	0.636005	5.705189
11052	-3802.906	-3947.226	144.3206	0.8903889	0.8892576	0.392386	0.607614	6.156015
11058	-3806.779	-3950.99	144.2108	0.7973359	0.8892576	0.363362	0.636638	6.266319
11064	-3808.833	-3953.619	144.7868	0.9188322	0.9700135	0.478588	0.521412	5.839642
11070	-3805.795	-3951.184	145.3882	0.894133	0.9700135	0.329838	0.670162	5.523461
11076	-3809.83	-3954.872	145.0416	0.9192616	1.034035	0.358762	0.641238	5.664872
11082	-3817.198	-3964.396	147.1983	0.9232214	0.6729371	0.254274	0.745726	4.695801
11088	-3811.016	-3955.985	144.9689	0.8680293	0.9160479	0.415591	0.584409	5.798691
11094	-3802.633	-3947.388	144.7552	0.8049134	0.6079322	0.363499	0.636501	6.157076
11100	-3799.949	-3943.796	143.8468	0.8578952	0.9465482	0.268275	0.731725	6.397884
11106	-3796.668	-3940.62	143.9524	0.7865335	0.9689375	0.376584	0.623416	6.36679
11112	-3797.885	-3942.033	144.1477	0.8422002	0.7458919	0.376584	0.623416	6.36679
11118	-3795.567	-3940.518	144.9512	0.8629362	0.8624445	0.401998	0.598002	5.843166
11124	-3788.951	-3935.741	146.7897	0.979433	0.9164684	0.399333	0.600667	4.730594
11130	-3791.69	-3938.32	146.6296	0.9821092	0.8154168	0.373646	0.626354	4.881277
11136	-3794.953	-3941.306	146.353	0.9645409	0.8483531	0.373646	0.626354	5.023827
11142	-3799.956	-3945.552	145.5961	0.9135417	0.91558	0.328695	0.671305	5.429705
11148	-3801.949	-3946.942	144.993	0.8461898	1.023581	0.358096	0.641904	5.737193
11154	-3804.888	-3951.218	146.3305	0.9497625	0.7825807	0.351654	0.648346	5.087034
11160	-3801.668	-3946.996	145.3279	0.8526968	0.7850493	0.305826	0.694174	5.691512
11166	-3809.096	-3954.696	145.5997	0.8949058	0.93866	0.347032	0.652968	5.42453
11172	-3811.517	-3959.003	147.486	1.010047	0.7311052	0.357586	0.642414	4.443094
11178	-3807.32	-3955.25	147.9297	1.077807	0.8912344	0.336078	0.663922	4.046929
11184	-3810.773	-3959.163	148.3896	1.181541	0.8398551	0.349301	0.650699	3.75649
11190	-3815.188	-3961.405	146.2173	0.9837215	0.7862267	0.381952	0.618048	5.128534
11196	-3809.89	-3955.225	145.3354	0.8931368	0.7726693	0.367716	0.632284	5.673398
11202	-3806.498	-3955.818	149.3198	1.265374	0.9392272	0.311315	0.688685	3.099034
11208	-3802.529	-3950.013	147.4842	1.03512	0.8239291	0.281745	0.718255	4.366816
11214	-3804.786	-3950.439	145.6523	0.892854	0.8592385	0.337115	0.662885	5.444086
11220	-3818.504	-3963.027	144.5233	0.7462785	0.6712081	0.346217	0.653783	6.267241
11226	-3810.526	-3956.328	145.802	0.8373232	0.6862433	0.459075	0.540925	5.507785
11232	-3804.49	-3950.014	145.5246	0.8515423	0.9119945	0.409788	0.590212	5.505297
11238	-3819.498	-3965.123	145.6252	0.8983168	0.7722049	0.439671	0.560329	5.511734
11244	-3809.502	-3954.346	144.8441	0.8071895	0.8711074	0.399789	0.600211	5.926875
11250	-3814.738	-3961.921	147.1831	1.062903	0.7714903	0.317406	0.682594	4.555646
11256	-3794.775	-3940.874	146.0991	0.9586376	0.9135447	0.336687	0.663313	5.12821
11262	-3815.036	-3962.183	147.1469	1.066711	1.235599	0.411565	0.588435	4.310048
11268	-3814.619	-3961.538	146.9191	1.075328	0.9411179	0.336005	0.663995	4.589819
11274	-3811.912	-3957.913	146.001	0.9726361	0.7643838	0.35342	0.64658	5.268885
11280	-3805.086	-3951.686	146.6	0.9203821	0.8026045	0.389049	0.610951	4.940428
11286	-3801.634	-3947.53	145.8958	0.8499847	0.8779187	0.328026	0.671974	5.322058
11292	-3807.21	-3953.245	146.0353	0.8342938	0.7707824	0.358533	0.641467	5.322058
11298	-3803.812	-3950.194	146.3825	0.9003066	0.7416972	0.296291	0.703709	5.113352
11304	-3801.948	-3948.689	146.7407	0.9698382	0.7026354	0.37853	0.62147	4.903338
11310	-3801.625	-3948.652	147.0269	0.9965034	0.7026354	0.315953	0.684047	4.728771
11316	-3794.75	-3940.812	146.0616	0.9559859	0.8364885	0.324155	0.675845	5.197546
11322	-3813.958	-3959.769	145.8112	0.8211869	0.8379467	0.367514	0.632486	5.409303
11328	-3812.12	-3956.287	144.167	0.8003738	0.7988061	0.326209	0.673791	6.344212
11334	-3813.655	-3957.511	143.8556	0.7604353	0.839715	0.37061	0.62939	6.508989
11340	-3813.177	-3958.007	144.8302	0.817884	1.122743	0.444965	0.555035	5.790323
11346	-3806.464	-3952.327	145.8636	0.817884	0.90707	0.322523	0.677477	5.340045
11352	-3810.291	-3955.369	145.0782	0.809589	0.9591681	0.31861	0.68139	5.746066
11358	-3804.2	-3950.357	146.1566	0.90704	0.6923927	0.322399	0.677601	5.269455
11364	-3804.153	-3948.506	144.3531	0.8273551	0.8848746	0.329113	0.670887	6.175236
11370	-3809.83	-3953.964	144.134	0.8683974	0.8442342	0.358768	0.641232	6.296657
11376	-3808.387	-3952.935	144.5473	0.8960903	0.736628	0.344799	0.655201	6.126623
11382	-3807.104	-3952.78	145.6763	0.8702095	0.7935172	0.416994	0.583006	5.485011
11388	-3812.655	-3959.958	147.3029	0.954615	0.6372573	0.352523	0.647477	4.646953
11394	-3804.848	-3951.52	146.6726	0.8738761	0.7700841	0.350359	0.649641	4.947543
11400	-3811.015	-3956.77	145.7548	0.9329523	0.8965568	0.38018	0.61982	5.342824
11406	-3796.21	-3942.313	146.1035	0.9650437	0.9297935	0.412992	0.587008	5.112609
11412	-3798.89	-3943.89	144.9996	0.839321	0.7838808	0.352542	0.647458	5.879261
11418	-3811.015	-3955.281	144.2663	0.8099618	0.8919663	0.406931	0.593069	6.227715
11424	-3805.244	-3950.35	145.1054	0.9528371	0.9396734	0.382879	0.617121	5.663759
11430	-3807.073	-3952.225	145.1522	0.8892955	0.9558178	0.313434	0.686566	5.663759
11436	-3793.718	-3939.655	145.937	0.8643557	0.9112814	0.347805	0.652195	5.271372
11442	-3810.15	-3955.045	144.8957	0.7749239	0.9733762	0.298978	0.701022	5.856914
11448	-3797.756	-3943.2	145.4432	0.914525	0.7724844	0.33318	0.66682	5.602618
11454	-3794.761	-3941.918	147.1575	0.9947693	0.7724844	0.311032	0.688968	4.607589
11460	-3789.265	-3935.647	146.3812	0.9133871	0.648615	0.371157	0.628843	5.174305
11466	-3803.244	-3949.064	145.8197	0.78794	0.8803117	0.408255	0.591745	5.396802
11472	-3798.864	-3942.921	144.0572	0.7112136	0.8135441	0.330572	0.669428	6.442745
11478	-3801.33	-3947.481	146.1519	0.8585284	0.8743471	0.498186	0.501814	5.177974
11484	-3801	-3946.029	145.0289	0.9109629	0.8416646	0.399879	0.600121	5.787201
11490	-3813.03	-3960.342	147.3124	0.9764048	0.6233876	0.36345	0.63655	4.640285
11496	-3808.471	-3954.18	145.709	0.9597325	0.7557733	0.36345	0.63655	5.442891
11502	-3811.414	-3956.271	144.8569	0.8828708	1.141894	0.351937	0.648063	5.730581
11508	-3804.031	-3949.228	145.1971	0.7801236	1.056744	0.390732	0.609268	5.643839
11514	-3797.151	-3944.882	147.7312	1.011348	0.7467766	0.398178	0.601822	4.292827
11520	-3803.401	-3948.448	145.0474	0.9167825	0.6697927	0.365175	0.634825	5.889853
11526	-3795.661	-3940.436	144.7754	0.8360724	1.114213	0.392542	0.607458	5.814628
11532	-3795.582	-3941.02	145.4378	0.8035326	1.114213	0.435755	0.564245	5.469058
11538	-3798.888	-3945.881	146.993	0.9784996	0.7448231	0.31455	0.68545	4.727849
11544	-3800.92	-3947.202	146.2825	0.9784996	0.7825189	0.447297	0.552703	5.097717
11550	-3810.918	-3957.51	146.5918	0.9219368	0.6044224	0.370148	0.629852	5.0874
11556	-3800.669	-3946.26	145.5905	0.8552972	0.6951475	0.434655	0.565345	5.607708
11562	-3797.507	-3944.516	147.009	0.8752668	0.7270237	0.420822	0.579178	4.78905
11568	-3798.218	-3945.3	147.082	0.9164111	0.7175539	0.316397	0.683603	4.731999
11574	-3794.507	-3941.32	146.8128	0.9193297	0.8261878	0.316397	0.683603	4.807178
11580	-3793.546	-3939.864	146.3179	0.9564704	0.8261878	0.339972	0.660028	5.061855
11586	-3798.968	-3944.294	145.3257	0.8196586	0.8261878	0.339972	0.660028	5.684356
11592	-3804.189	-3949.622	145.4334	0.8851893	0.9862405	0.339972	0.660028	5.494479
11598	-3799.164	-3947.147	147.9829	1.038694	0.6597648	0.288574	0.711426	4.198704
11604	-3799.244	-3945.545	146.3008	0.9474692	0.8597122	0.375513	0.624487	5.05523
11610	-3807.254	-3953.297	146.0432	1.047082	0.7824244	0.37357	0.62643	5.192346
11616	-3803.247	-3947.664	144.4175	0.8239595	0.7076813	0.371432	0.628568	6.256439
11622	-3798.744	-3944.528	145.7834	0.8886216	0.8077307	0.409666	0.590334	5.406686
11628	-3800.677	-3947.639	146.9623	1.049518	0.7926331	0.367455	0.632545	4.672743
11634	-3805.731	-3953.259	147.5279	1.135515	0.8066716	0.367455	0.632545	4.296755
11640	-3802.414	-3950.594	148.1793	1.035124	0.6939443	0.349704	0.650296	4.06307
11646	-3811.497	-3958.899	147.4018	1.011684	0.6686061	0.283054	0.716946	4.535331
11652	-3805.172	-3948.82	143.648	0.8401498	0.9136579	0.355326	0.644674	6.534082
11658	-3798.714	-3943.615	144.9002	0.8098228	1.022091	0.355326	0.644674	5.808698
11664	-3809.426	-3956.746	147.3194	1.067503	0.8369705	0.395485	0.604515	4.433073
11670	-3798.024	-3943.891	145.8669	0.9934182	0.7011517	0.338329	0.661671	5.375384
11676	-3790.241	-3937.297	147.0563	0.9934182	0.6727103	0.340063	0.659937	4.736142
11682	-3788.819	-3934.745	145.9262	0.8396329	0.7630347	0.344392	0.655608	5.384497
11688	-3809.304	-3954.958	145.6538	0.7686811	0.6862669	0.512042	0.487958	5.626915
11694	-3827.105	-3973.411	146.3061	0.8624956	0.9646299	0.481725	0.518275	5.036988
11700	-3821.781	-3967.206	145.4252	0.8842525	0.7361142	0.371046	0.628954	5.653741
11706	-3805.439	-3950.225	144.7864	0.8049388	0.7601156	0.458531	0.541469	6.030144
11712	-3800.623	-3948.049	147.4259	1.068941	0.9763618	0.463039	0.536961	4.287303
11718	-3806.053	-3953.293	147.2395	1.036228	0.9808096	0.309396	0.690604	4.408526
11724	-3797.992	-3943.506	145.514	0.8694905	0.7130371	0.309396	0.690604	5.629166
11730	-3807.026	-3952.577	145.5506	0.8257484	0.7321327	0.364314	0.635686	5.619744
11736	-3812.415	-3956.324	143.9087	0.7571482	0.8321016	0.35768	0.64232	6.486728
11742	-3802.065	-3947.514	145.4495	0.7645031	0.7375077	0.350566	0.649434	5.705116
11748	-3807.621	-3952.046	144.4252	0.7645031	1.021598	0.426118	0.573882	6.092983
11754	-3812.586	-3957.223	144.6371	0.7354196	0.8480661	0.325954	0.674046	6.092983
11760	-3813.298	-3958.683	145.3845	0.8934206	0.7769305	0.497023	0.502977	5.643483
11766	-3808.86	-3955.571	146.7113	0.9547056	1.012455	0.497023	0.502977	4.733067
11772	-3797.814	-3943.245	145.4312	0.941378	0.8589184	0.343853	0.656147	5.53921
11778	-3796.273	-3941.474	145.2014	0.9135429	0.9123313	0.394034	0.605966	5.648543
11784	-3806.986	-3954.058	147.072	0.8666404	0.7023123	0.400777	0.599223	4.776363
11790	-3812.282	-3957.528	145.2462	0.8666404	0.7023123	0.483639	0.516361	5.785066
11796	-3801.802	-3948.258	146.4556	0.8251876	0.623154	0.338598	0.661402	5.201557
11802	-3806.465	-3950.274	143.8088	0.8285165	0.7854478	0.441509	0.558491	6.531757
11808	-3808.185	-3951.801	143.6168	0.7499879	0.6992538	0.416894	0.583106	6.736198
11814	-3810.064	-3953.732	143.6689	0.7488545	0.7962105	0.391938	0.608062	6.643646
11820	-3804.038	-3950.944	146.9064	1.085317	0.7306825	0.31339	0.68661	4.726413
11826	-3807.929	-3956.452	148.5225	1.252387	0.8532076	0.427175	0.572825	3.629956
11832	-3811.648	-3956.434	144.7869	0.9460791	0.8020445	0.295541	0.704459	5.925384
11838	-3809.12	-3954.147	145.0274	0.8923512	0.997474	0.337542	0.662458	5.707261
11844	-3801.346	-3946.641	145.2952	0.9281356	0.7269395	0.32416	0.67584	5.707261
11850	-3818.458	-3966.221	147.7633	0.9548481	0.782196	0.351423	0.648577	4.282205
11856	-3812.74	-3958.586	145.8457	0.8789022	0.6889112	0.224163	0.775837	5.458974
11862	-3811.109	-3956.95	145.8401	0.8628155	0.8716667	0.380448	0.619552	5.349541
11868	-3811.779	-3956.94	145.1603	0.7926433	0.8144397	0.397998	0.602002	5.79719
11874	-3823.125	-3967.203	144.0783	0.8952262	0.7663334	0.444333	0.555667	6.362032
11880	-3811.803	-3957.375	145.5724	0.8620416	0.8710929	0.419847	0.580153	5.497764
11886	-3815.137	-3961.337	146.2005	0.9621916	0.8161928	0.370817	0.629183	5.130157
11892	-3814.544	-3960.626	146.0818	0.9327786	0.7427886	0.342594	0.657406	5.261021
11898	-3808.9	-3955.364	146.4639	0.9622917	0.7297407	0.301024	0.698976	5.04213
11904	-3808.643	-3955.435	146.7916	0.9720785	0.7432512	0.291841	0.708159	4.844974
11910	-3801.013	-3947.637	146.624	0.9149122	0.7372125	0.37142	0.62858	4.974291
11916	-3801.717	-3947.156	145.4396	0.8629966	0.9860999	0.442183	0.557817	5.503361
11922	-3814.848	-3960.631	145.7835	0.9963928	0.9044008	0.294979	0.705021	5.287316
11928	-3803.332	-3951.213	147.8816	0.9814752	0.5979302	0.298241	0.701759	4.337753
11934	-3801.038	-3947.591	146.5523	0.9876311	0.6438565	0.411608	0.588392	5.041933
11940	-3807.887	-3952.606	144.7187	0.91843	0.9725902	0.3417	0.6583	5.875674
11946	-3804.639	-3950.375	145.7366	0.8892302	1.036933	0.321786	0.678214	5.297483
11952	-3797.687	-3942.435	144.7478	0.8717117	0.7054534	0.348261	0.651739	6.052298
11958	-3803.441	-3947.348	143.9062	0.7052802	0.8706475	0.375345	0.624655	6.492646
11964	-3805.175	-3953.029	147.8538	1.07133	0.5850786	0.329517	0.670483	4.31329
11970	-3794.526	-3940.681	146.155	0.9539924	0.6321363	0.329517	0.670483	5.289516
11976	-3804.514	-3949.553	145.0387	0.9030604	0.6493578	0.305009	0.694991	5.917295
11982	-3808.745	-3956.469	147.7245	1.1228	0.8595835	0.339164	0.660836	4.158092
11988	-3813.416	-3960.038	146.6219	0.9477673	0.8996572	0.320188	0.679812	4.852008
11994	-3806.971	-3953.538	146.5674	0.8590196	0.6671919	0.335732	0.664268	5.087232
12000	-3812.507	-3958.992	146.4849	0.9547437	0.6574429	0.316727	0.683273	5.087232
12006	-3807.347	-3953.619	146.2724	0.8825955	1.130693	0.41704	0.58296	4.955349
12012	-3811.658	-3957.712	146.0544	0.8930986	0.7674813	0.331483	0.668517	5.281267
12018	-3803.67	-3949.844	146.1731	0.9208176	0.6478709	0.417387	0.582613	5.285763
12024	-3803.832	-3951.057	147.2248	1.019326	0.8303699	0.449793	0.550207	4.517717
12030	-3794.617	-3940.815	146.1987	0.8676123	0.9198709	0.339205	0.660795	5.11969
12036	-3803.053	-3947.641	144.5887	0.7054392	0.6754464	0.400643	0.599357	6.250857
12042	-3801.493	-3947.415	145.9213	0.7378449	0.8073331	0.300952	0.699048	5.414034
12048	-3801.405	-3946.274	144.8697	0.7752654	0.8073331	0.311344	0.688656	5.970017
12054	-3804.387	-3949.024	144.637	0.8741672	0.8380348	0.342487	0.657513	6.023621
12060	-3807.947	-3954.636	146.6886	0.8671388	0.8962844	0.371368	0.628632	4.86179
12066	-3804.153	-3949.953	145.7998	0.8566124	0.8755456	0.371368	0.628632	5.372815
12072	-3807.911	-3955.224	147.313	0.9963147	0.8331122	0.451471	0.548529	4.479245
12078	-3792.971	-3938.66	145.6891	0.8735802	0.8745896	0.397589	0.602411	5.425037
12084	-3791.915	-3937.012	145.0962	0.8718328	0.9061948	0.309175	0.690825	5.732703
12090	-3806.771	-3952.591	145.8205	0.8724661	0.8072771	0.390021	0.609979	5.395435
12096	-3796.493	-3942.899	146.4055	0.8925951	0.8017754	0.258565	0.741435	5.064493
12102	-3799.664	-3945.173	145.5083	0.9396196	1.068241	0.429888	0.570112	5.378965
12108	-3802.705	-3949.302	146.5967	0.9360577	0.7349249	0.413302	0.586698	4.97929
12114	-3804.084	-3950.742	146.6578	0.947926	0.8528311	0.447996	0.552004	4.860721
12120	-3807.896	-3954.023	146.1277	0.9758462	0.8394877	0.378348	0.621652	5.148075
12126	-3811.946	-3955.976	144.03	0.7757348	1.046723	0.475943	0.524057	6.288502
12132	-3795.33	-3940.307	144.977	0.7619571	0.937283	0.429251	0.570749	5.840003
12138	-3797.21	-3942.095	144.8844	0.812387	0.8773915	0.352756	0.647244	5.898226
12144	-3794.977	-3939.845	144.8677	0.8356582	0.7854125	0.318553	0.681447	5.952311
12150	-3799.524	-3944.374	144.85	0.8981058	0.8302838	0.318553	0.681447	5.899163
12156	-3803.542	-3947.86	144.3181	0.7279372	0.8711146	0.409069	0.590931	6.256573
12162	-3813.84	-3958.282	144.442	0.7221444	0.7692501	0.406719	0.593281	6.256573
12168	-3823.13	-3968.201	145.0716	0.8005055	0.6278578	0.356295	0.643705	5.971621
12174	-3803.984	-3948.571	144.5872	0.8200952	0.6941264	0.357259	0.642741	6.17588
12180	-3804.51	-3952.017	147.5064	1.120348	0.7920224	0.401993	0.598007	4.327265
12186	-3793.186	-3938.888	145.7017	0.8788573	0.7300302	0.41374	0.58626	5.509025
12192	-3798.056	-3943.203	145.147	0.9187637	0.8476363	0.316843	0.683157	5.714573
12198	-3794.499	-3940.226	145.7264	1.003246	0.7045159	0.313674	0.686326	5.444975
12204	-3798.916	-3945.941	147.0248	0.9695295	0.639187	0.381116	0.618884	4.7926
12210	-3809.08	-3955.476	146.3967	1.087988	0.696943	0.354671	0.645329	5.033024
12216	-3809.572	-3957.085	147.5125	1.043248	0.6921612	0.354671	0.645329	4.437657
12222	-3813.921	-3960.449	146.5279	1.015377	0.8398546	0.369249	0.630751	4.903707
12228	-3806.521	-3952.142	145.621	0.8376934	0.631933	0.369249	0.630751	5.647585
12234	-3807.892	-3954.424	146.5324	0.8968188	0.6664353	0.371118	0.628882	5.086253
12240	-3806.236	-3952.124	145.8885	0.9920017	0.8045918	0.295517	0.704483	5.29375
12246	-3800.367	-3947.264	146.8972	0.968671	0.8874132	0.36306	0.63694	4.694013
12252	-3794.117	-3940.216	146.0992	0.929611	0.8874132	0.400758	0.599242	5.15984
12258	-3799.935	-3945.903	145.9685	0.9799948	0.615123	0.378904	0.621096	5.391346
12264	-3796.313	-3943.313	146.9994	1.097055	0.8143467	0.449283	0.550717	4.610997
12270	-3812.76	-3959.494	146.7341	1.026871	0.9586473	0.368161	0.631839	4.710386
12276	-3811.861	-3958.483	146.6219	0.8834315	0.6636941	0.282632	0.717368	5.046082
12282	-3802.981	-3948.078	145.0967	0.8558872	0.810916	0.266274	0.733726	5.799606
12288	-3811.796	-3956.818	145.022	0.8159425	0.8435642	0.412719	0.587281	5.841748
12294	-3808.232	-3952.43	144.1983	0.9048455	0.9723688	0.37909	0.62091	6.166976
12300	-3803.302	-3947.768	144.4667	0.7730402	0.7541768	0.291252	0.708748	6.22554
12306	-3801.146	-3945.055	143.9091	0.8651499	0.8372254	0.361759	0.638241	6.424792
12312	-3806.228	-3951.058	144.8295	0.9401873	0.6662356	0.39889	0.60111	5.998623
12318	-3817.92	-3963.136	145.2159	0.9325524	0.7600373	0.302696	0.697304	5.725722
12324	-3809.025	-3955.447	146.4224	0.9426664	0.7028895	0.307417	0.692583	5.095082
12330	-3806.339	-3950.914	144.5746	0.7492314	0.7132909	0.392494	0.607506	6.207771
12336	-3802.507	-3948.114	145.6072	0.9102661	0.791387	0.356104	0.643896	5.502377
12342	-3802.748	-3949.391	146.6432	0.9936894	0.7388769	0.314309	0.685691	4.91861
12348	-3806.051	-3949.567	143.5165	0.900055	1.046703	0.393216	0.606784	6.499613
12354	-3811.653	-3957.828	146.1753	0.9406785	0.8180931	0.476316	0.523684	5.154824
12360	-3815.384	-3962.721	147.3364	1.063664	0.9999108	0.461837	0.538163	4.327463
12366	-3807.454	-3953.385	145.9319	0.9605292	0.7550184	0.469676	0.530324	5.320086
12372	-3800.657	-3947.556	146.8987	1.041131	0.8109636	0.343562	0.656438	4.700991
12378	-3807.451	-3954.603	147.1521	1.066729	1.155201	0.364559	0.635441	4.346849
12384	-3801.058	-3948.605	147.5467	1.09664	0.8208004	0.348009	0.651991	4.298775
12390	-3806.532	-3951.329	144.7963	1.016934	0.7284457	0.329194	0.670806	5.930556
12396	-3806.236	-3953.978	147.7416	1.05976	0.7284457	0.329194	0.670806	4.272577
12402	-3807.349	-3955.331	147.9816	1.041862	0.7821083	0.281398	0.718602	4.108948
12408	-3809.972	-3955.491	145.5188	0.857634	0.9912223	0.262514	0.737486	5.459891
12414	-3811.847	-3956.637	144.7893	0.9185833	1.076506	0.363257	0.636743	5.781115
12420	-3807.27	-3952.55	145.2797	0.9331493	0.8358006	0.337743	0.662257	5.641262
12426	-3808.257	-3954.047	145.7906	0.8759721	0.8577789	0.503893	0.496107	5.378115
12432	-3802.042	-3947.23	145.1878	0.9973908	0.7724058	0.468412	0.531588	5.697311
12438	-3806.77	-3953.226	146.456	0.9132869	0.7417696	0.473952	0.526048	5.065338
12444	-3807.33	-3952.362	145.0329	0.9067512	1.017789	0.372947	0.627053	5.685262
12450	-3814.872	-3960.749	145.8772	0.9495307	1.016415	0.291828	0.708172	5.197529
12456	-3796.235	-3941.17	144.9347	0.8767653	0.8543717	0.37827	0.62173	5.849566
12462	-3809.38	-3954.926	145.5466	0.8767653	0.8460219	0.430383	0.569617	5.519253
12468	-3809.492	-3955.179	145.6874	0.8254318	0.6774201	0.404132	0.595868	5.583724
12474	-3818.603	-3966.816	148.2128	1.205672	0.787952	0.346708	0.653292	3.879162
12480	-3802.404	-3949.462	147.0576	1.030636	0.7685094	0.34227	0.65773	4.646188
12486	-3801.541	-3945.744	144.2037	0.8263839	0.9097398	0.411301	0.588699	6.242363
12492	-3793.677	-3939.221	145.5447	0.8923253	0.8204899	0.369621	0.630379	5.527833
12498	-3802.307	-3946.449	144.1419	0.7713451	0.7961544	0.422585	0.577415	6.375295
12504	-3807.04	-3952.274	145.2337	0.8205992	0.8633632	0.409168	0.590832	5.711147
12510	-3809.639	-3955.889	146.2504	0.7732632	0.8704354	0.368584	0.631416	5.173045
12516	-3795.987	-3941.425	145.4379	0.8405279	0.8111883	0.389586	0.610414	5.62091
12522	-3802.889	-3947.474	144.5847	0.6999652	1.040314	0.338624	0.661376	6.03127
12528	-3804.308	-3948.819	144.5111	0.7224737	0.9194413	0.24139	0.75861	6.125994
12534	-3797.173	-3940.936	143.7627	0.7750939	0.72731	0.369068	0.630932	6.624313
12540	-3805.787	-3950.437	144.6507	0.8624528	0.9826937	0.317253	0.682747	5.937769
12546	-3801.855	-3947.592	145.7374	0.9340149	0.7510506	0.367418	0.632582	5.444583
12552	-3798.87	-3944.918	146.0476	0.964357	0.8601795	0.325113	0.674887	5.185859
12558	-3797.68	-3943.973	146.2929	1.000653	0.8093678	0.305661	0.694339	5.062022
12564	-3804.002	-3950.13	146.1277	1.000653	0.959892	0.393062	0.606938	5.062022
12570	-3814.212	-3961.512	147.2991	1.044023	0.8954183	0.419024	0.580976	4.421067
12576	-3810.707	-3956.086	145.3795	0.8998038	0.9585115	0.396596	0.603404	5.531661
12582	-3808.247	-3954.926	146.6789	0.8171986	0.8566227	0.388211	0.611789	4.919426
12588	-3814.727	-3960.213	145.4866	0.8171986	0.8551403	0.454142	0.545858	5.579306
12594	-3807.531	-3954.126	146.5949	0.8685823	0.7186174	0.463117	0.536883	5.029271
12600	-3819.542	-3967.27	147.7281	1.019351	0.909178	0.371755	0.628245	4.183905
12606	-3813.892	-3960.043	146.1512	0.9704483	0.7946272	0.331157	0.668843	5.166958
12612	-3816.815	-3964.243	147.4279	1.124288	0.8163807	0.443213	0.556787	4.353181
12618	-3800.155	-3947.357	147.2018	0.9951171	0.9483989	0.344054	0.655946	4.471744
12624	-3813.211	-3959.091	145.8793	0.9443646	0.896255	0.366737	0.633263	5.267992
12630	-3805.16	-3950.723	145.5637	0.8942622	0.8656582	0.427721	0.572279	5.488136
12636	-3798.381	-3944.129	145.7475	0.7976935	0.7563211	0.426554	0.573446	5.510459
12642	-3801.06	-3946.557	145.4968	0.8233762	0.7563211	0.331272	0.668728	5.634074
12648	-3815.344	-3960.217	144.873	0.7343593	0.9361952	0.388012	0.611988	5.912542
12654	-3811.973	-3960.7	148.727	1.02918	0.6743599	0.3225	0.6775	3.767398
12660	-3820.959	-3968.153	147.1941	0.9382109	0.747352	0.366455	0.633545	4.636072
12666	-3815.256	-3959.95	144.6939	0.9142259	0.7298685	0.336374	0.663626	6.0415
12672	-3798.001	-3942.739	144.7383	0.8521643	0.743957	0.375688	0.624312	6.0415
12678	-3805.309	-3950.011	144.7029	0.8572809	0.7077821	0.398608	0.601392	6.082965
12684	-3805.925	-3951.848	145.9225	0.8218931	0.851897	0.384214	0.615786	5.338835
12690	-3795.073	-3939.353	144.2797	0.931494	0.7397749	0.32014	0.67986	6.250776
12696	-3809.912	-3954.285	144.3722	0.7870533	0.7821573	0.406637	0.593363	6.250776
12702	-3800.726	-3946.912	146.1861	0.882964	0.7821573	0.34647	0.65353	5.204237
12708	-3794.636	-3939.731	145.0951	0.9667884	0.7558307	0.391583	0.608417	5.775951
12714	-3797.344	-3944.008	146.6644	0.9547317	0.7926734	0.401772	0.598228	4.892018
12720	-3797.986	-3944.748	146.7619	0.9272746	0.7773802	0.304804	0.695196	4.863211
12726	-3800.963	-3945.693	144.7296	0.8170843	0.7252169	0.385798	0.614202	6.078193
12732	-3797.275	-3941.697	144.4216	0.8393521	0.8755153	0.461957	0.538043	6.137015
12738	-3806.944	-3951.546	144.602	0.7247989	0.9320724	0.339935	0.660065	6.067956
12744	-3820.507	-3965.905	145.3981	0.8265168	0.9152708	0.347561	0.652439	5.586644
12750	-3799.706	-3943.943	144.2362	0.8998943	1.08263	0.4124	0.5876	6.090173
12756	-3803.368	-3949.526	146.1586	0.9453925	0.96178	0.419226	0.580774	5.074509
12762	-3809.911	-3954.365	144.454	0.7469597	0.8344173	0.45396	0.54604	6.194838
12768	-3806.105	-3950.068	143.9628	0.7895217	0.8695554	0.363104	0.636896	6.416931
12774	-3819.594	-3965.274	145.6796	1.029709	1.123735	0.432453	0.567547	5.206052
12780	-3810.987	-3957.828	146.841	0.9674643	0.7550173	0.421802	0.578198	4.811874
12786	-3812.097	-3958.537	146.4403	0.9674643	0.9759322	0.413037	0.586963	4.897616
12792	-3809.183	-3955.449	146.2658	0.8899997	0.7901887	0.355398	0.644602	5.150967
12798	-3798.418	-3942.629	144.2118	0.770816	0.7305696	0.276626	0.723374	6.381173
12804	-3799.812	-3944.05	144.2383	0.8414828	1.02498	0.298139	0.701861	6.15101
12810	-3808.611	-3952.145	143.5341	0.7249438	1.231721	0.378472	0.621528	6.493969
12816	-3803.494	-3948.056	144.562	0.7269995	0.829671	0.343411	0.656589	6.149885
12822	-3793.799	-3938.851	145.0522	0.810182	0.829671	0.464586	0.535414	5.837072
12828	-3809.799	-3955.022	145.2234	0.8121301	1.018006	0.44143	0.55857	5.632527
12834	-3799.565	-3943.787	144.2226	0.7924471	0.9060004	0.258162	0.741838	6.252685
12840	-3801.985	-3947.66	145.6757	0.9019716	1.033679	0.452635	0.547365	5.325781
12846	-3804.624	-3949.412	144.7881	0.7977705	0.9311776	0.329545	0.670455	5.927151
12852	-3814.558	-3961.912	147.3536	0.9517728	0.8174965	0.517184	0.482816	4.491614
12858	-3804.701	-3951.12	146.419	1.092162	0.9040912	0.408662	0.591338	4.881969
12864	-3806.718	-3954.38	147.6622	1.122222	0.8850051	0.341888	0.658112	4.177815
12870	-3808.532	-3954.582	146.0503	0.9096989	0.8655988	0.445406	0.554594	5.211265
12876	-3817.443	-3962.709	145.2659	0.9255421	0.9613493	0.491354	0.508646	5.578303
12882	-3806.375	-3951.347	144.9719	0.8984122	0.8809797	0.274618	0.725382	5.801216
12888	-3812.707	-3958.786	146.0791	1.05699	0.8094273	0.224413	0.775587	5.149273
12894	-3814.752	-3959.581	144.8293	0.8180895	1.067284	0.350731	0.649269	5.819043
12900	-3801.921	-3949.589	147.6688	1.030533	0.7816674	0.345203	0.654797	4.293212
12906	-3802.123	-3950.141	148.0182	1.166369	0.7369796	0.286963	0.713037	4.048637
12912	-3794.562	-3943.218	148.6557	1.066857	0.7369796	0.343997	0.656003	3.740008
12918	-3816.734	-3964.618	147.884	1.188728	0.9299664	0.410133	0.589867	3.985985
12924	-3808.386	-3957.349	148.9627	1.190734	0.8296407	0.350456	0.649544	3.425033
12930	-3809.842	-3957.931	148.0886	1.049304	0.8380388	0.393878	0.606122	4.00638
12936	-3803.334	-3950.739	147.4054	1.051097	0.6720498	0.386918	0.613082	4.508545
12942	-3806.509	-3953.813	147.3047	1.033173	0.7649249	0.424139	0.575861	4.508545
12948	-3799.55	-3946.724	147.1748	1.025255	0.8841722	0.35155	0.64845	4.508545
12954	-3807.898	-3955.268	147.3703	0.9682581	0.764376	0.334627	0.665373	4.508545
12960	-3799.152	-3945.963	146.8111	0.9681386	0.9059336	0.354355	0.645645	4.731227
12966	-3794.87	-3941.09	146.2202	0.8932384	0.7128411	0.282246	0.717754	5.227306
12972	-3796.082	-3942.34	146.258	0.8846886	0.9597132	0.408641	0.591359	5.054198
12978	-3805.519	-3952.076	146.5561	0.9365238	0.9597132	0.387453	0.612547	4.859579
12984	-3808.268	-3954.776	146.5079	0.8595762	0.8408111	0.425453	0.574547	5.000862
12990	-3809.645	-3954.145	144.5001	0.859269	0.8408111	0.342024	0.657976	6.104609
12996	-3804.785	-3949.115	144.3294	0.8817221	0.8408111	0.318959	0.681041	6.185311
13002	-3809.445	-3953.893	144.4481	0.7630629	0.8408111	0.387475	0.612525	6.185311
13008	-3807.404	-3952.468	145.0639	0.8470356	0.9744797	0.429854	0.570146	5.724811
13014	-3809.88	-3954.085	144.2049	0.8310971	0.9744797	0.319734	0.680266	6.202314
13020	-3800.156	-3945.085	144.9285	0.8513663	0.8933978	0.344474	0.655526	5.843233
13026	-3806.289	-3951.963	145.6742	0.9015255	0.9554667	0.36197	0.63803	5.370215
13032	-3820.988	-3965.439	144.4512	0.7865336	0.9751992	0.31411	0.68589	6.092103
13038	-3817.212	-3963.028	145.8159	0.8377095	0.9138789	0.334441	0.665559	5.351395
13044	-3802.834	-3947.72	144.8862	0.884445	0.9779011	0.481041	0.518959	5.799694
13050	-3802.707	-3947.993	145.2856	0.8273523	0.9162886	0.344	0.656	5.647344
13056	-3815.823	-3959.963	144.1405	0.8938546	0.8901138	0.429604	0.570396	6.251597
13062	-3808.829	-3954.644	145.8147	0.8938546	0.8040429	0.384284	0.615716	5.388947
13068	-3807.947	-3953.742	145.7944	0.8635863	0.766588	0.369651	0.630349	5.441483
13074	-3801.668	-3947.545	145.8771	0.9284773	0.6522029	0.330769	0.669231	5.441483
13080	-3796.385	-3942.177	145.7919	0.8951752	0.8477735	0.413264	0.586736	5.373024
13086	-3789.576	-3935.039	145.4631	0.9034978	0.7925724	0.425735	0.574265	5.58454
13092	-3794.294	-3939.203	144.9093	0.7087538	0.814115	0.368138	0.631862	5.980385
13098	-3798.415	-3943.382	144.9671	0.83702	1.0445	0.326715	0.673285	5.745201
13104	-3805.055	-3952.469	147.4141	1.078778	0.9800304	0.381053	0.618947	4.286301
13110	-3799.068	-3946.498	147.4296	1.021508	0.7301685	0.397518	0.602482	4.469092
13116	-3792.573	-3938.684	146.1105	0.9948158	0.7298986	0.448298	0.551702	5.219777
13122	-3799.353	-3945.496	146.1427	0.9370879	0.7069835	0.311535	0.688465	5.25004
13128	-3801.937	-3948.121	146.1837	1.011041	0.8628752	0.435416	0.564584	5.082915
13134	-3801.463	-3946.799	145.3359	0.8846134	0.7801289	0.318391	0.681609	5.672862
13140	-3800.897	-3947.638	146.741	0.9654738	0.7671863	0.354175	0.645825	4.860417
13146	-3792.883	-3937.878	144.9951	0.8491185	0.9423661	0.368578	0.631422	5.779513
13152	-3805.23	-3950.541	145.311	0.9045767	0.7512192	0.381012	0.618988	5.694901
13158	-3815.165	-3961.454	146.2892	0.8312531	0.6575095	0.365533	0.634467	5.263816
13164	-3798.812	-3944.641	145.829	0.8824424	0.653986	0.330317	0.669683	5.491939
13170	-3800.07	-3944.406	144.3356	0.8148341	0.7411887	0.428515	0.571485	6.282825
13176	-3804.651	-3949.17	144.5187	0.7536589	0.6480771	0.368035	0.631965	6.282825
13182	-3806.853	-3953.354	146.5006	0.9138169	0.9060595	0.394049	0.605951	4.934619
13188	-3811.934	-3957.543	145.6092	0.9818128	0.9060595	0.334471	0.665529	5.390529
13194	-3811.807	-3957.241	145.4331	0.8686208	0.663923	0.403845	0.596155	5.709481
13200	-3805.205	-3950.764	145.5597	0.9577364	0.83285	0.384006	0.615994	5.475798
13206	-3813.354	-3959.442	146.0881	0.9712518	0.6916073	0.36565	0.63435	5.272418
13212	-3805.702	-3952.02	146.3178	0.9225778	0.8757432	0.354365	0.645635	5.049685
13218	-3801.331	-3947.122	145.7905	0.8377814	1.01041	0.318857	0.681143	5.310487
13224	-3800.985	-3946.895	145.9101	0.9528716	0.7835349	0.34149	0.65851	5.317237
13230	-3806.464	-3951.932	145.4674	0.9528716	0.9949839	0.378135	0.621865	5.433688
13236	-3820.741	-3966.268	145.5271	0.9340879	0.9039226	0.383174	0.616826	5.463252
13242	-3816.076	-3963.192	147.1161	0.9705102	0.7392192	0.332416	0.667584	4.667331
13248	-3806.74	-3953.122	146.3815	0.9705102	0.9086752	0.379945	0.620055	4.967756
13254	-3807.435	-3954.447	147.012	1.097461	0.7679779	0.451345	0.548655	4.634692
13260	-3808.283	-3953.199	144.916	0.9387863	0.8952027	0.391761	0.608239	5.801213
13266	-3806.418	-3952.143	145.7246	0.827553	0.7031381	0.314963	0.685037	5.543572
13272	-3809.784	-3954.507	144.7226	0.9383543	1.06944	0.360063	0.639937	5.810472
13278	-3807.779	-3952.555	144.7763	0.928996	0.9113148	0.282439	0.717561	5.873445
13284	-3801.117	-3946.154	145.0367	0.913006	1.088633	0.319088	0.680912	5.642342
13290	-3805.113	-3950.14	145.0271	0.8541711	0.9921858	0.468472	0.531528	5.731232
13296	-3797.73	-3942.391	144.6617	0.8563113	0.9921858	0.391781	0.608219	5.929917
13302	-3801.582	-3946.988	145.407	0.8661609	0.9219261	0.492602	0.507398	5.556089
13308	-3805.304	-3951.341	146.0365	0.8777718	0.9282251	0.284144	0.715856	5.198946
13314	-3799.122	-3945.221	146.0982	0.9388688	0.9339345	0.377994	0.622006	5.127622
13320	-3798.567	-3944.101	145.5348	0.8578302	0.8620937	0.421462	0.578538	5.526209
13326	-3808.518	-3954.555	146.0367	0.8675763	0.9034886	0.460407	0.539593	5.219114
13332	-3802.202	-3946.778	144.5756	0.8972143	0.8995366	0.308874	0.691126	6.007296
13338	-3808.135	-3951.815	143.6799	0.7847805	1.005299	0.312851	0.687149	6.49554
13344	-3798.383	-3943.871	145.4879	0.876846	0.8152237	0.394554	0.605446	5.570933
13350	-3804.799	-3951.019	146.2198	0.8816671	0.7969478	0.379176	0.620824	5.17658
13356	-3796.331	-3943.012	146.6806	0.9233875	0.8260133	0.400507	0.599493	4.878709
13362	-3800.58	-3946.95	146.3699	0.9959288	0.921393	0.408065	0.591935	4.952545
13368	-3814.997	-3961.091	146.0937	1.052879	1.127757	0.318589	0.681411	4.961505
13374	-3810.163	-3956.637	146.474	1.047577	0.769923	0.372255	0.627745	4.961505
13380	-3803.866	-3950.154	146.2885	1.018346	0.7610712	0.38814	0.61186	5.08672
13386	-3795.25	-3941.236	145.9854	0.9413887	0.7453969	0.421963	0.578037	5.30771
13392	-3811.744	-3957.839	146.0948	0.9413887	0.6944172	0.302586	0.697414	5.283169
13398	-3810.115	-3956.576	146.4615	0.9247723	0.9407246	0.44344	0.55656	4.929794
13404	-3799.905	-3944.105	144.2	0.8727728	1.006375	0.343694	0.656306	6.164854
13410	-3797.426	-3942.102	144.6765	0.8727728	0.8701761	0.432052	0.567948	5.983155
13416	-3794.782	-3939.647	144.8645	0.884634	0.9150135	0.338005	0.661995	5.847335
13422	-3811.776	-3956.787	145.0114	0.7377102	0.9150135	0.344478	0.655522	5.847335
13428	-3809.96	-3956.551	146.5912	0.9648607	0.9150135	0.31026	0.68974	4.850378
13434	-3810.924	-3957.314	146.3897	1.110881	0.8521469	0.310328	0.689672	4.919738
13440	-3811.209	-3956.736	145.527	0.9874179	0.8582936	0.419475	0.580525	5.461609
13446	-3810.771	-3956.526	145.7545	0.8494135	0.7507707	0.387998	0.612002	5.481924
13452	-3810.194	-3955.385	145.1905	0.8459122	0.7214466	0.42181	0.57819	5.813468
13458	-3800.522	-3944.724	144.2018	0.8312918	0.8266036	0.383801	0.616199	6.290938
13464	-3799.404	-3944.133	144.7283	0.8652142	0.86604	0.324816	0.675184	5.961507
13470	-3811.782	-3956.937	145.1551	0.8713077	0.8767394	0.385769	0.614231	5.718322
13476	-3812.45	-3956.629	144.1794	0.8958627	0.832577	0.307848	0.692152	6.264296
13482	-3810.695	-3954.61	143.9152	0.7209419	1.042706	0.410392	0.589608	6.382671
13488	-3812.975	-3957.458	144.4835	0.785354	1.042706	0.310218	0.689782	6.03862
13494	-3804.339	-3948.498	144.1594	0.7801762	0.8005719	0.360184	0.639816	6.35817
13500	-3809.018	-3953.244	144.2251	0.6838727	0.8268279	0.295241	0.704759	6.35817
13506	-3804.603	-3949.855	145.252	0.8961278	0.877409	0.464587	0.535413	5.651158
13512	-3799.057	-3942.825	143.7679	0.8332875	0.8868894	0.304691	0.695309	6.488531
13518	-3798.276	-3943.462	145.1855	0.9395167	0.8868894	0.400581	0.599419	5.658146
13524	-3803.934	-3949.452	145.5176	0.9685042	0.8868894	0.293375	0.706625	5.459751
13530	-3795.412	-3941.305	145.8934	0.8480127	1.029699	0.382785	0.617215	5.237523
13536	-3806.64	-3952.549	145.9091	0.8482982	0.7494536	0.454348	0.545652	5.39835
13542	-3805.515	-3951.983	146.4675	0.8951387	0.8957651	0.377051	0.622949	4.969634
13548	-3807.684	-3953.678	145.9948	0.9280631	0.7397677	0.385877	0.614123	5.313717
13554	-3803.305	-3949.526	146.2212	0.966249	0.8619449	0.357714	0.642286	5.087578
13560	-3799.18	-3944.054	144.8742	0.818838	0.796489	0.425609	0.574391	5.950765
13566	-3797.137	-3943.384	146.2467	0.8936369	0.7050952	0.396816	0.603184	5.217918
13572	-3798.216	-3945.098	146.8816	0.9246364	0.5811897	0.327738	0.672262	4.943875
13578	-3805.805	-3951.384	145.5786	0.9204085	0.6549491	0.376504	0.623496	5.607981
13584	-3812.006	-3959.724	147.7179	1.109723	0.8668905	0.368991	0.631009	4.164642
13590	-3810.121	-3956.323	146.2014	0.8221783	0.871007	0.36073	0.63927	5.172758
13596	-3805.858	-3952.897	147.0386	0.9574344	0.7432303	0.510246	0.489754	4.715214
13602	-3815.75	-3962.803	147.0531	1.054178	0.9279773	0.243832	0.756168	4.534204
13608	-3812.278	-3957.894	145.6163	0.8163831	0.9414781	0.389313	0.610687	5.457022
13614	-3805.703	-3951.487	145.7834	0.7904268	0.8135299	0.348965	0.651035	5.457022
13620	-3797.092	-3942.719	145.6275	0.9308495	0.7582464	0.370794	0.629206	5.501953
13626	-3804.572	-3951.13	146.5579	0.9690597	0.7582464	0.275766	0.724234	4.966428
13632	-3819.622	-3965.75	146.1277	1.02882	0.7191948	0.446247	0.553753	5.198959
13638	-3816.966	-3964.375	147.4089	0.8589942	0.6866191	0.409351	0.590649	4.603604
13644	-3801.187	-3947.294	146.1067	0.9968386	0.7637667	0.317007	0.682993	5.197509
13650	-3801.26	-3948.544	147.2839	0.9466	0.8484133	0.45464	0.54536	4.513829
13656	-3799.505	-3945.664	146.1594	0.8982375	0.8484133	0.419246	0.580754	5.167915
13662	-3807.39	-3952.688	145.2978	0.865263	0.8484133	0.327239	0.672761	5.660737
13668	-3809.513	-3955.78	146.2673	0.8878332	0.7494401	0.342359	0.657641	5.178691
13674	-3806.689	-3952.888	146.1989	0.8195897	0.9761265	0.436448	0.563552	5.113754
13680	-3813.017	-3957.655	144.6381	0.7793748	0.910174	0.472993	0.527007	6.031239
13686	-3809.968	-3954.738	144.7701	0.776294	0.7957447	0.421855	0.578145	6.031239
13692	-3813.319	-3957.534	144.2149	0.8017806	1.156684	0.463607	0.536393	6.118153
13698	-3809.4	-3954.532	145.1327	0.8295107	1.014452	0.308066	0.691934	5.674701
13704	-3814.248	-3959.923	145.6747	0.8717511	0.9541731	0.338806	0.661194	5.38709
13710	-3812.449	-3957.235	144.7862	0.8654356	0.97684	0.470833	0.529167	5.865368
13716	-3813.023	-3957.784	144.7608	0.8088078	0.7226276	0.4226	0.5774	6.06749
13722	-3818.777	-3964.071	145.2941	0.8382373	0.8574558	0.34225	0.65775	5.671987
13728	-3815.802	-3960.735	144.9332	0.8532584	0.962498	0.412453	0.587547	5.79966
13734	-3796.818	-3941.612	144.7947	0.7881819	0.9283079	0.417524	0.582476	5.930458
13740	-3792.694	-3937.78	145.0862	0.8087218	0.794718	0.485965	0.514035	5.841624
13746	-3798.416	-3943.706	145.2901	0.8578868	0.6870442	0.37286	0.62714	5.776787
13752	-3802.066	-3948.218	146.1521	0.8015417	0.6838689	0.297872	0.702128	5.336387
13758	-3810.505	-3955.496	144.9914	0.7989338	1.046517	0.344508	0.655492	5.751695
13764	-3805.897	-3950.591	144.6943	0.9898633	0.9151583	0.342235	0.657765	5.882753
13770	-3799.641	-3945.192	145.5513	0.8552401	0.8838962	0.278715	0.721285	5.505296
13776	-3798.423	-3945.38	146.9565	0.9179079	0.5550656	0.316495	0.683505	4.927921
13782	-3799.617	-3946.191	146.5742	0.8794293	0.6827135	0.392306	0.607694	5.060644
13788	-3811.316	-3957.096	145.7806	0.8389933	0.9372918	0.421225	0.578775	5.35643
13794	-3808.315	-3952.735	144.4196	0.7440273	0.7931213	0.438558	0.561442	6.241301
13800	-3807.779	-3952.404	144.6245	0.7249506	0.6475857	0.40725	0.59275	6.241301
13806	-3807.179	-3953.504	146.3247	0.8809027	0.7632169	0.436138	0.563862	5.141364
13812	-3814.807	-3960.258	145.4514	0.7896127	0.869111	0.357743	0.642257	5.605215
13818	-3801.083	-3945.558	144.4743	0.8453709	0.869111	0.31603	0.68397	6.108913
13824	-3799.052	-3944.082	145.0294	0.7674689	0.7378756	0.411076	0.588924	5.933049
13830	-3802.035	-3947.062	145.0266	0.8770669	0.7912167	0.402834	0.597166	5.839075
13836	-3808.785	-3955.224	146.4386	0.8872429	0.7351149	0.272873	0.727127	5.094049
13842	-3796.387	-3941.829	145.4417	0.7920885	0.7351149	0.437611	0.562389	5.695891
13848	-3794.756	-3940.096	145.3399	0.9293724	1.001527	0.364564	0.635436	5.51315
13854	-3811.646	-3957.374	145.7281	0.8633339	0.818607	0.398747	0.601253	5.444114
13860	-3807.731	-3952.611	144.8799	0.8633339	0.818607	0.374105	0.625895	5.909167
13866	-3806.202	-3951.662	145.4599	0.8233291	0.8934999	0.377283	0.622717	5.567327
13872	-3816.489	-3962.595	146.1065	0.8934704	0.9608812	0.37925	0.62075	5.132684
13878	-3815.344	-3961.352	146.0083	0.8572091	0.7675292	0.425919	0.574081	5.326475
13884	-3822.452	-3966.88	144.4283	0.748619	0.9717185	0.533034	0.466966	6.127199
13890	-3812.797	-3959.391	146.5946	0.9602545	0.6834004	0.392163	0.607837	5.003936
13896	-3820.548	-3967.519	146.9701	0.9189682	0.8772107	0.392206	0.607794	4.687316
13902	-3814.057	-3960.117	146.0606	0.8371545	0.8772107	0.285105	0.714895	5.238579
13908	-3809.719	-3954.832	145.1129	0.7267932	0.8772107	0.420877	0.579123	5.820247
13914	-3810.682	-3956.282	145.6002	0.8741793	0.7723706	0.391141	0.608859	5.538651
13920	-3804.976	-3951.374	146.3988	0.9368102	0.9143194	0.381659	0.618341	4.973526
13926	-3788.532	-3933.933	145.4012	0.8178808	0.8705658	0.318553	0.681447	5.616377
13932	-3796.864	-3942.105	145.2407	0.7838343	0.8635662	0.366858	0.633142	5.727317
13938	-3798.095	-3943.25	145.1543	0.7824445	0.7682294	0.35772	0.64228	5.836139
13944	-3797.542	-3942.417	144.8747	0.8002739	0.7682294	0.236853	0.763147	5.979112
13950	-3807.428	-3952.372	144.9439	0.8937506	0.7682294	0.293786	0.706214	5.89028
13956	-3803.819	-3947.575	143.7569	0.7664811	0.6968717	0.401348	0.598652	6.653288
13962	-3809.874	-3955.155	145.2807	0.9114044	1.03598	0.409262	0.590738	5.536912
13968	-3812.058	-3956.31	144.2524	0.7960704	0.7539237	0.372202	0.627798	6.329603
13974	-3800.614	-3945.351	144.7374	0.7354173	0.7538407	0.347154	0.652846	6.098939
13980	-3804.204	-3949.964	145.7605	0.8442502	0.6778545	0.378469	0.621531	5.532926
13986	-3812.571	-3958.138	145.5675	0.8309846	0.9075762	0.538029	0.461971	5.495614
13992	-3816.473	-3961.738	145.2651	0.9069157	0.824543	0.354471	0.645529	5.670753
13998	-3808.323	-3954.479	146.1565	0.9119547	0.7071427	0.306973	0.693027	5.256193
14004	-3814.075	-3960.306	146.2308	0.8177412	0.6700466	0.40404	0.59596	5.294206
14010	-3813.418	-3958.327	144.9089	0.8300468	0.8470253	0.454353	0.545647	5.893723
14016	-3806.243	-3951.496	145.2529	0.8567813	0.8204911	0.35426	0.64574	5.707483
14022	-3803.856	-3947.61	143.7534	0.7944262	0.8204911	0.410692	0.589308	6.557874
14028	-3808.573	-3952.855	144.2818	0.7101858	0.9407078	0.349809	0.650191	6.245241
14034	-3811.301	-3957.971	146.6707	1.003954	0.8143611	0.458721	0.541279	4.846835
14040	-3808.893	-3954.891	145.9978	0.8633355	0.7846443	0.354883	0.645117	5.317491
14046	-3797.041	-3942.063	145.0217	0.8759961	0.91069	0.374283	0.625717	5.768576
14052	-3804.611	-3948.903	144.2921	0.8759961	0.9134375	0.428703	0.571297	6.165165
14058	-3795.759	-3940.763	145.0036	0.8222138	0.873485	0.358439	0.641561	5.830081
14064	-3803.758	-3949.734	145.9756	1.045389	0.6885225	0.331566	0.668434	5.295852
14070	-3805.301	-3951.126	145.8248	0.9695903	0.6646639	0.358357	0.641643	5.438311
14076	-3809.013	-3956.097	147.0844	0.9763538	0.6937641	0.366376	0.633624	4.714369
14082	-3813.906	-3957.878	143.9725	0.7813996	0.9413582	0.392446	0.607554	6.374145
14088	-3799.448	-3943.697	144.2488	0.7413849	0.9938397	0.401813	0.598187	6.216569
14094	-3799.582	-3945.607	146.0257	0.9159749	0.6856553	0.402637	0.597363	5.341697
14100	-3798.442	-3943.426	144.9838	0.8072845	0.9106742	0.296362	0.703638	5.826894
14106	-3812.107	-3956.738	144.6313	0.6944446	0.9106742	0.381237	0.618763	6.080914
14112	-3810.322	-3956.125	145.8035	0.8300236	0.8473237	0.385451	0.614549	5.402811
14118	-3808.603	-3953.184	144.581	0.764782	0.7835796	0.328429	0.671571	6.148391
14124	-3797.007	-3942.587	145.58	0.8549027	0.8591218	0.380201	0.619799	5.504839
14130	-3790.468	-3936.113	145.6449	0.8549027	0.6748064	0.399888	0.600112	5.592794
14136	-3796.401	-3941.792	145.3908	0.8679595	0.8735875	0.38125	0.61875	5.592794
14142	-3806.814	-3952.045	145.231	0.8901794	0.7763098	0.388605	0.611395	5.72984
14148	-3798.951	-3944.012	145.0612	0.8495855	0.7763098	0.345926	0.654074	5.844996
14154	-3810.178	-3956.895	146.7177	0.8970011	0.8777295	0.39705	0.60295	4.840274
14160	-3790.186	-3937.351	147.1649	1.112174	0.6067293	0.353039	0.646961	4.660187
14166	-3808.104	-3953.88	145.7762	0.7790286	0.768304	0.310975	0.689025	5.496896
14172	-3805.963	-3951.27	145.3071	0.8023161	0.8112206	0.333754	0.666246	5.713564
14178	-3809.397	-3955.458	146.0605	0.8321959	0.7805862	0.406142	0.593858	5.302782
14184	-3812.883	-3958.305	145.422	1.083317	0.8903105	0.382139	0.617861	5.447107
14190	-3799.028	-3944.794	145.7658	0.96207	0.8168496	0.402412	0.597588	5.370065
14196	-3801.522	-3947.318	145.7959	0.863935	0.7356568	0.339361	0.660639	5.461532
14202	-3795.829	-3941.245	145.4163	0.9411607	0.7948644	0.351167	0.648833	5.588088
14208	-3793.842	-3938.143	144.3002	0.808181	0.7948644	0.41094	0.58906	6.270167
14214	-3797.863	-3943.524	145.6607	0.8583636	0.7664444	0.469924	0.530076	5.518032
14220	-3801.385	-3949.314	147.9291	1.097457	0.8095109	0.339146	0.660854	4.088659
14226	-3801.583	-3948.611	147.0281	1.101998	1.093415	0.330226	0.669774	4.428829
14232	-3802.005	-3949.315	147.3094	1.013003	0.8205742	0.496395	0.503605	4.48003
14238	-3800.415	-3946.249	145.8344	0.9386834	1.231214	0.455697	0.544303	5.118153
14244	-3805.215	-3949.866	144.6506	0.9474084	0.9085179	0.268611	0.731389	5.933681
14250	-3794.766	-3939.718	144.9527	0.8187052	0.7819923	0.317147	0.682853	5.917405
14256	-3797.767	-3942.717	144.9495	0.8625559	0.959069	0.290045	0.709955	5.787608
14262	-3802.582	-3945.901	143.3184	0.8213825	0.9854175	0.341268	0.658732	6.68212
14268	-3808.098	-3954.452	146.3544	0.8876898	0.7808458	0.371409	0.628591	5.109314
14274	-3816.716	-3961.438	144.7219	0.7413295	0.8796068	0.322279	0.677721	6.024368
14280	-3807.266	-3951.276	144.0107	0.7413295	0.8796068	0.407311	0.592689	6.411073
14286	-3804.182	-3947.886	143.7042	0.7223843	0.8202928	0.324878	0.675122	6.623613
14292	-3794.994	-3939.093	144.0987	0.8400043	1.064724	0.310353	0.689647	6.206834
14298	-3801.252	-3945.376	144.1245	0.8300612	1.04823	0.387472	0.612528	6.206834
14304	-3807.255	-3952.97	145.7151	0.7736524	0.7757745	0.348272	0.651728	5.528458
14310	-3800.635	-3945.147	144.5115	0.7862879	0.7828027	0.513345	0.486655	6.175022
14316	-3788.657	-3933.971	145.3141	0.8512525	0.7721037	0.379753	0.620247	5.708421
14322	-3800.181	-3946.304	146.1228	0.8753761	0.7069155	0.275079	0.724921	5.295201
14328	-3809.666	-3955.418	145.7529	0.9507923	0.8203095	0.452771	0.547229	5.381169
14334	-3804.789	-3950.711	145.9224	0.8213231	0.8958581	0.32831	0.67169	5.312369
14340	-3802.085	-3946.573	144.4877	0.811638	0.7642151	0.331448	0.668552	6.186418
14346	-3810.563	-3955.41	144.8468	0.7794782	0.6832941	0.368589	0.631411	6.064431
14352	-3797.561	-3942.175	144.6141	0.8398346	0.8226723	0.422284	0.577716	6.064431
14358	-3808.181	-3953.588	145.4072	0.7602088	0.8515715	0.278604	0.721396	5.656407
14364	-3802.865	-3948.157	145.2922	0.8940938	1.054479	0.360907	0.639093	5.530243
14370	-3800.917	-3946.216	145.2995	0.9415052	0.8872642	0.274429	0.725571	5.594265
14376	-3808.448	-3952.746	144.2973	0.9221068	0.7367929	0.318781	0.681219	6.248324
14382	-3798.947	-3943.772	144.8251	0.888242	0.7729724	0.349083	0.650917	5.95505
14388	-3799.973	-3944.302	144.3284	0.8723307	0.8339417	0.325818	0.674182	6.195249
14394	-3799.743	-3944.056	144.3129	0.7908412	0.9090576	0.350375	0.649625	6.20268
14400	-3791.386	-3935.643	144.2572	0.8535825	0.8137416	0.350533	0.649467	6.2568
14406	-3790.589	-3935.426	144.8371	0.7938745	0.8821543	0.378777	0.621223	5.9313
14412	-3811.394	-3955.784	144.3899	0.740497	0.7658039	0.458191	0.541809	6.277234
14418	-3813.142	-3957.616	144.4745	0.7963341	0.7658039	0.34565	0.65435	6.200879
14424	-3802.008	-3947.425	145.4173	0.8824485	0.753682	0.316548	0.683452	5.64705
14430	-3803.691	-3949.547	145.8564	0.9528554	1.014786	0.392254	0.607746	5.208087
14436	-3807.397	-3954.261	146.8643	0.8954556	0.6941493	0.432489	0.567511	4.882107
14442	-3817.482	-3964.315	146.8334	0.8448213	0.8449152	0.428857	0.571143	4.825299
14448	-3809.877	-3957.842	147.9651	1.104606	0.5558532	0.36915	0.63085	4.256403
14454	-3797.539	-3942.997	145.4584	0.9594082	0.9023176	0.342359	0.657641	5.488074
14460	-3792.322	-3936.621	144.2993	0.8604504	0.9023176	0.425951	0.574049	6.176195
14466	-3801.724	-3947.957	146.2333	0.9241322	0.8554932	0.434048	0.565952	5.108212
14472	-3797.407	-3943.469	146.0615	0.9543507	0.9719088	0.480895	0.519105	5.117587
14478	-3797.626	-3942.195	144.569	0.851032	0.9906847	0.516991	0.483009	5.984198
14484	-3796.177	-3941.85	145.673	0.8801225	0.7828344	0.351365	0.648635	5.488411
14490	-3791.991	-3937.182	145.1903	0.8104803	0.7727009	0.320837	0.679163	5.798143
14496	-3802.062	-3946.538	144.4766	0.8084892	0.790596	0.486565	0.513435	6.176869
14502	-3805.038	-3949.409	144.371	0.8663664	1.174081	0.39066	0.60934	5.989419
14508	-3799.372	-3944.533	145.1604	0.8058231	0.92094	0.511772	0.488228	5.725043
14514	-3802.034	-3947.291	145.2571	0.8358988	0.675578	0.345635	0.654365	5.815171
14520	-3799.191	-3944.169	144.9786	0.8523073	0.8411141	0.370707	0.629293	5.847133
14526	-3801.258	-3945.147	143.8891	0.7944008	0.8411141	0.329831	0.670169	6.471593
14532	-3797.248	-3943.906	146.6582	0.9579477	0.9500391	0.432306	0.567694	4.796297
14538	-3792.073	-3938.946	146.8732	0.9095582	0.7994599	0.422673	0.577327	4.796297
14544	-3800.36	-3947.339	146.9785	0.9329749	0.7426443	0.355783	0.644217	4.762908
14550	-3812.809	-3957.253	144.4436	0.9375995	0.8441114	0.351119	0.648881	6.090726
14556	-3818.646	-3965.503	146.8574	0.9684194	0.8441114	0.313076	0.686924	4.743392
14562	-3806.79	-3953.641	146.8514	0.9491061	0.9305958	0.390779	0.609221	4.704618
14568	-3801.744	-3948.796	147.052	0.9985939	0.8429532	0.334811	0.665189	4.618312
14574	-3795.555	-3941.468	145.9137	0.9209762	0.7954643	0.466461	0.533539	5.325003
14580	-3802.256	-3949.704	147.4481	0.8865349	0.5565007	0.27357	0.72643	4.669808
14586	-3803.197	-3951.551	148.3537	1.063827	0.7691453	0.349543	0.650457	3.892669
14592	-3800.894	-3945.958	145.0643	0.9280029	1.114615	0.353355	0.646645	5.60574
14598	-3790.543	-3936.254	145.711	0.976398	0.7437444	0.395885	0.604115	5.440797
14604	-3802.827	-3947.649	144.8221	0.898614	1.08658	0.356621	0.643379	5.768918
14610	-3808.535	-3956.123	147.588	1.003955	1.131204	0.439284	0.560716	4.147673
14616	-3806.556	-3952.56	146.0038	0.9464178	1.064502	0.304715	0.695285	5.103299
14622	-3805.61	-3950.585	144.9753	0.9024567	0.8620329	0.31287	0.68713	5.808617
14628	-3811.985	-3956.47	144.4851	0.8773689	0.9293599	0.413471	0.586529	6.050064
14634	-3815.908	-3960.906	144.9976	0.9750239	1.077168	0.33718	0.66282	5.63572
14640	-3806.914	-3953.263	146.3483	0.9525781	0.7488143	0.365816	0.634184	5.098427
14646	-3805.703	-3951.917	146.2141	0.9244926	0.8884515	0.313868	0.686132	5.098427
14652	-3798.192	-3943.287	145.0948	0.876059	1.04078	0.332238	0.667762	5.655817
14658	-3807.757	-3952.961	145.2039	0.8738431	0.795238	0.397255	0.602745	5.741196
14664	-3799.972	-3945.443	145.4705	0.8738431	0.770043	0.415939	0.584061	5.611625
14670	-3808.931	-3954.596	145.6653	0.8546449	0.7935247	0.408246	0.591754	5.499626
14676	-3801.52	-3946.211	144.6906	0.8508856	0.86975	0.386365	0.613635	5.987648
14682	-3797.22	-3942.036	144.8159	0.8775555	0.8720727	0.366821	0.633179	5.903294
14688	-3798.494	-3942.991	144.4974	0.8649963	0.7555358	0.417933	0.582067	6.157926
14694	-3795.927	-3940.42	144.4932	0.7962529	0.8165151	0.333638	0.666362	6.157926
14700	-3798.858	-3942.422	143.5639	0.7565603	0.7587889	0.312626	0.687374	6.720595
14706	-3793.835	-3938.871	145.0363	0.9283924	0.8014804	0.391658	0.608342	5.799051
14712	-3817.635	-3964.268	146.6324	0.9392473	0.9301413	0.384765	0.615235	4.832718
14718	-3812.101	-3957.122	145.021	0.8012839	0.9445278	0.363028	0.636972	5.790246
14724	-3804.302	-3949.143	144.8407	0.7378832	0.8228398	0.468949	0.531051	5.996367
14730	-3805.305	-3950.131	144.8265	0.7185929	0.9286187	0.419842	0.580158	5.950863
14736	-3808.676	-3953.017	144.3413	0.8507493	1.190969	0.326595	0.673405	6.006035
14742	-3822.441	-3967.847	145.4064	0.9651123	0.7798088	0.369179	0.630821	5.590196
14748	-3818.906	-3965.066	146.1603	0.9414739	0.8902165	0.49176	0.50824	5.117729
14754	-3805.914	-3951.766	145.8521	0.932343	0.8902165	0.389377	0.610623	5.293252
14760	-3807.075	-3953.763	146.6873	1.084352	0.8938535	0.340533	0.659467	4.742762
14766	-3811.009	-3956.809	145.8004	0.8858984	0.8923011	0.303928	0.696072	5.34616
14772	-3792.648	-3940.343	147.6949	0.98117	0.8493921	0.395564	0.604436	4.26175
14778	-3808.041	-3954.593	146.5516	0.9760449	0.7909955	0.30099	0.69901	4.94404
14784	-3804.754	-3948.547	143.7929	0.8434287	0.9286019	0.310629	0.689371	6.445148
14790	-3803.325	-3949.237	145.9122	0.9074735	0.8144049	0.285304	0.714696	5.321
14796	-3805.531	-3951.754	146.2236	0.9078456	0.8146395	0.475289	0.524711	5.148506
14802	-3802.259	-3946.714	144.4549	0.858277	0.9614601	0.382117	0.617883	6.058704
14808	-3802.665	-3945.789	143.1246	0.7823272	0.9071944	0.422886	0.577114	6.851899
14814	-3799.452	-3944.249	144.7968	0.835981	0.9536369	0.285423	0.714577	5.888694
14820	-3798.073	-3943.165	145.0917	0.8892013	1.034948	0.368662	0.631338	5.653422
14826	-3798.163	-3945.242	147.0788	1.101805	0.8639952	0.361072	0.638928	4.531999
14832	-3800.853	-3947.211	146.3581	0.8950358	0.8425076	0.344665	0.655335	5.063279
14838	-3810.581	-3955.302	144.7203	0.8370726	1.037633	0.40995	0.59005	5.883854
14844	-3800.304	-3945.971	145.6669	0.8992699	0.7230418	0.284257	0.715743	5.521815
14850	-3799.856	-3943.797	143.9403	0.8415251	0.8285665	0.366526	0.633474	6.426082
14856	-3795.146	-3939.177	144.0305	0.757672	0.8285665	0.363348	0.636652	6.422628
14862	-3791.42	-3937.071	145.651	0.9453476	0.863025	0.343375	0.656625	5.413565
14868	-3793.265	-3937.512	144.247	0.7213138	0.8528641	0.399972	0.600028	6.309884
14874	-3795.034	-3939.4	144.3657	0.7514561	0.8963112	0.297256	0.702744	6.202868
14880	-3797.944	-3941.816	143.8721	0.7781865	0.8517483	0.326083	0.673917	6.483076
14886	-3827.263	-3970.824	143.5607	0.8271665	0.9959806	0.334969	0.665031	6.542183
14892	-3806.209	-3951.666	145.457	0.9526431	0.8563019	0.450151	0.549849	5.520441
14898	-3806.974	-3952.369	145.3957	0.9867657	0.8563019	0.403047	0.596953	5.535365
14904	-3808.897	-3955.836	146.939	1.013958	0.7678848	0.320071	0.679929	4.722334
14910	-3802.965	-3950.103	147.1379	0.9038246	0.8563019	0.367552	0.632448	4.614835
14916	-3798.773	-3944.81	146.0372	0.9322484	0.8202203	0.352375	0.647625	5.234525
14922	-3803.858	-3950.915	147.0575	0.9282486	0.8202203	0.329602	0.670398	4.669233
14928	-3802.442	-3947.581	145.1387	0.8688045	0.7731779	0.355285	0.644715	5.794111
14934	-3799.533	-3945.097	145.5641	0.9140419	1.006281	0.345385	0.654615	5.395584
14940	-3800.877	-3947.582	146.7053	0.9147539	1.016474	0.382618	0.617382	4.756517
14946	-3803.228	-3948.392	145.1638	0.929283	1.011461	0.425129	0.574871	5.604502
14952	-3807.765	-3953.521	145.756	0.8143841	0.9399662	0.477482	0.522518	5.382028
14958	-3809.796	-3954.783	144.987	0.7863843	0.7931789	0.439581	0.560419	5.90902
14964	-3819.29	-3965.388	146.0976	0.8458651	0.8706335	0.371791	0.628209	5.217294
14970	-3804.327	-3950.37	146.0429	0.9132239	0.6958787	0.33268	0.66732	5.326304
14976	-3806.186	-3951.864	145.6779	0.8508579	0.6035981	0.402424	0.597576	5.631272
14982	-3802.948	-3949.418	146.4705	1.024079	0.6332073	0.339288	0.660712	5.075327
14988	-3802.805	-3948.626	145.8212	0.986964	0.8597504	0.336794	0.663206	5.298771
14994	-3804.392	-3950.486	146.0934	0.9004642	0.8584675	0.434203	0.565797	5.196936
15000	-3802.56	-3947.841	145.2811	0.7699302	0.9027666	0.337697	0.662303	5.689254
15006	-3808.007	-3951.968	143.9613	0.8174178	0.8454083	0.425812	0.574188	6.417301
15012	-3813.855	-3958.789	144.9343	0.8174178	0.7066235	0.438972	0.561028	5.979393
15018	-3798.2	-3943.497	145.2971	0.9424196	0.9568933	0.443241	0.556759	5.554436
15024	-3805.673	-3951.006	145.3335	0.8327967	0.9568933	0.364794	0.635206	5.594649
15030	-3796.72	-3941.709	144.9888	0.8392252	0.7635976	0.363429	0.636571	5.898656
15036	-3795.753	-3941.076	145.3225	0.8392252	0.8465931	0.371222	0.628778	5.662573
15042	-3806.197	-3952.244	146.047	0.985276	0.6548536	0.361215	0.638785	5.314521
15048	-3797.919	-3944.195	146.276	0.885978	0.5646899	0.301697	0.698303	5.314521
15054	-3800.931	-3947.911	146.9809	0.9510594	0.7157395	0.262012	0.737988	4.770441
15060	-3813.275	-3957.849	144.574	0.8283461	0.8830388	0.384678	0.615322	6.055537
15066	-3809.654	-3954.412	144.7583	0.8626856	0.7332109	0.442816	0.557184	6.032169
15072	-3809.472	-3953.846	144.3735	0.8028149	0.7332109	0.335619	0.664381	6.274165
15078	-3825.183	-3970.044	144.8612	0.7745722	0.6977083	0.313654	0.686346	6.048892
15084	-3818.774	-3964.553	145.7788	0.8721819	0.6821449	0.286403	0.713597	5.50438
15090	-3801.288	-3945.334	144.0465	0.8813251	0.8652002	0.369492	0.630508	6.324379
15096	-3813.724	-3957.262	143.5388	0.8036127	0.8507268	0.435258	0.564742	6.650298
15102	-3803.539	-3948.783	145.2446	0.7720454	0.6759849	0.460164	0.539836	5.856673
15108	-3795.45	-3941.016	145.5653	0.8909542	0.7796968	0.362005	0.637995	5.543754
15114	-3804.995	-3949.336	144.3405	0.7423307	0.8070034	0.38974	0.61026	6.276272
15120	-3805.263	-3950.262	144.9989	0.9235475	1.016101	0.350917	0.649083	5.695597
15126	-3813.63	-3959.383	145.7525	0.947274	1.075468	0.474408	0.525592	5.236172
15132	-3806.204	-3952.324	146.1199	0.8647052	0.7487413	0.331317	0.668683	5.27344
15138	-3795.767	-3942.084	146.3165	0.8354298	0.8425941	0.292462	0.707538	5.119337
15144	-3804.732	-3951.555	146.8222	1.002934	0.7278287	0.357419	0.642581	4.821472
15150	-3799.331	-3946.105	146.7735	0.943684	0.9620385	0.384243	0.615757	4.732918
15156	-3803.988	-3950.268	146.2798	0.8471201	0.8612708	0.397823	0.602177	5.121549
15162	-3805.942	-3951.87	145.9278	0.9650672	1.126954	0.388018	0.611982	5.1028
15168	-3807.069	-3951.479	144.4099	0.8242212	0.9276902	0.326258	0.673742	6.120946
15174	-3807.079	-3951.642	144.5626	0.8428663	0.7758758	0.340791	0.659209	6.120946
15180	-3806.973	-3953.051	146.0778	0.8656347	0.8864912	0.34839	0.65161	5.207685
15186	-3805.759	-3951.831	146.0721	0.8915305	0.8864912	0.348548	0.651452	5.196488
15192	-3792.84	-3939.545	146.7046	0.9701898	0.8864912	0.429556	0.570444	4.801366
15198	-3793.219	-3939.003	145.784	0.9893043	0.9830857	0.353916	0.646084	5.245499
15204	-3800.191	-3946.256	146.0651	0.9684937	0.799653	0.366335	0.633665	5.212339
15210	-3806.011	-3951.998	145.9869	0.9886627	0.8915854	0.465165	0.534835	5.186836
15216	-3797.542	-3943.526	145.9838	0.9975404	1.147315	0.441789	0.558211	5.043464
15222	-3812.415	-3958.826	146.4114	0.973927	1.163726	0.313579	0.686421	4.810482
15228	-3807.064	-3952.088	145.0247	0.8520619	1.10813	0.315735	0.684265	5.672421
15234	-3803.527	-3945.286	141.7586	0.8476401	0.979236	0.506412	0.493588	7.510463
15240	-3801.65	-3945.815	144.1649	0.8727828	0.8912692	0.416374	0.583626	6.249061
15246	-3817.907	-3963.585	145.6784	0.7709218	0.7656382	0.414127	0.585873	5.556921
15252	-3820.021	-3965.554	145.5331	0.8412524	0.9114626	0.277471	0.722529	5.506583
15258	-3796.81	-3941.992	145.1815	0.9583873	0.7684486	0.302539	0.697461	5.724768
15264	-3799.111	-3944.307	145.1969	0.8578531	0.8444027	0.319268	0.680732	5.722602
15270	-3801.005	-3946.02	145.0152	0.8172045	0.8798265	0.307785	0.692215	5.822641
15276	-3808.28	-3953.119	144.8391	0.7783125	1.092035	0.34555	0.65445	5.822641
15282	-3803.079	-3948.046	144.9676	0.8955542	0.7743551	0.348634	0.651366	5.872314
15288	-3801.512	-3946.492	144.9797	0.823245	0.5220161	0.389828	0.610172	6.095959
15294	-3807.054	-3952.923	145.8695	0.8637539	0.872098	0.329438	0.670562	5.332531
15300	-3801.722	-3947.646	145.9237	0.9987944	0.8408286	0.350887	0.649113	5.247409
15306	-3795.439	-3941.906	146.4669	0.8720354	0.8663984	0.45559	0.54441	5.000719
15312	-3795.429	-3941.743	146.3139	0.8559331	0.7080291	0.317624	0.682376	5.199557
15318	-3802.564	-3947.05	144.4854	0.8703045	0.9711856	0.363368	0.636632	6.030084
15324	-3806.964	-3952.454	145.49	0.8851816	0.9458991	0.392343	0.607657	5.486133
15330	-3795.831	-3940.176	144.3443	0.838113	0.9458991	0.395055	0.604945	6.138692
15336	-3797.604	-3943.305	145.7016	0.8629596	0.9212939	0.356792	0.643208	5.396093
15342	-3808.554	-3955.372	146.8179	1.077122	0.9560177	0.330444	0.669556	4.63687
15348	-3796.148	-3942.609	146.4604	0.9861689	0.859998	0.416125	0.583875	4.944854
15354	-3792.323	-3938.621	146.298	0.9954977	0.9761118	0.361948	0.638052	4.961067
15360	-3792.865	-3938.661	145.7959	0.9946127	0.9130244	0.398465	0.601535	5.276303
15366	-3798.078	-3945.143	147.0643	0.9348155	0.7786079	0.322532	0.677468	4.689252
15372	-3797.061	-3943.003	145.9421	0.9364994	0.7792144	0.415462	0.584538	5.311449
15378	-3795.103	-3940.867	145.7641	0.7636375	0.9509344	0.303401	0.696599	5.399251
15384	-3794.721	-3939.391	144.6697	0.9494732	0.7641428	0.432868	0.567132	6.01227
15390	-3790.721	-3935.68	144.9592	0.8783102	0.8793881	0.282164	0.717836	5.82011
15396	-3794.265	-3940.225	145.96	0.9679887	0.873332	0.374169	0.625831	5.224192
15402	-3797.81	-3944.101	146.2911	0.9544033	0.8318347	0.423994	0.576006	5.074231
15408	-3795.997	-3940.487	144.4898	0.7516465	0.8835618	0.419304	0.580696	6.142861
15414	-3802.014	-3947.503	145.4892	0.8629256	0.8555184	0.547722	0.452278	5.55255
15420	-3806.813	-3952.672	145.8593	0.7692178	0.8299091	0.413826	0.586174	5.416499
15426	-3809.849	-3955.883	146.0346	0.9931558	0.8831761	0.482803	0.517197	5.163003
15432	-3798.637	-3945.026	146.389	1.036192	0.8294849	0.392693	0.607307	4.975964
15438	-3800.762	-3946.845	146.083	0.9233493	0.8406716	0.284834	0.715166	5.201148
15444	-3807.862	-3954.618	146.756	1.002217	0.9472	0.390825	0.609175	4.718533
15450	-3796.944	-3944.013	147.0687	1.081396	0.7840026	0.425326	0.574674	4.601016
15456	-3797.325	-3943.911	146.5859	1.048966	0.8984256	0.308203	0.691797	4.816391
15462	-3801.264	-3946.163	144.8993	0.8628549	0.832415	0.421398	0.578602	5.890131
15468	-3796.367	-3942.022	145.6556	0.8512612	0.832415	0.393681	0.606319	5.481873
15474	-3793.451	-3938.638	145.1866	0.7936005	0.8286524	0.358643	0.641357	5.773273
15480	-3801.898	-3947.566	145.6678	0.7099722	0.61191	0.330681	0.669319	5.707489
15486	-3796.712	-3942.582	145.8701	0.8309652	0.7347745	0.290108	0.709892	5.439456
15492	-3800.073	-3944.464	144.3914	0.855179	0.834663	0.329374	0.670626	6.169823
15498	-3804.362	-3948.775	144.4132	0.846367	0.8233926	0.399033	0.600967	6.169823
15504	-3805.221	-3950.621	145.4004	0.9332965	0.7760172	0.343235	0.656765	5.613485
15510	-3801.75	-3948.237	146.4864	1.020905	0.897694	0.359945	0.640055	4.887963
15516	-3802.998	-3948.252	145.2543	0.9393226	0.8480811	0.348503	0.651497	5.644173
15522	-3808.895	-3954.533	145.6381	0.9962337	0.887806	0.431705	0.568295	5.377562
15528	-3799.026	-3943.506	144.4803	0.8478777	0.8912407	0.298836	0.701164	6.091042
15534	-3793.27	-3937.469	144.1991	0.9064428	0.8912407	0.349085	0.650915	6.212208
15540	-3798.741	-3942.715	143.9743	0.9999095	0.7723992	0.328448	0.671552	6.357672
15546	-3801.761	-3948.104	146.3436	0.9465233	0.7361732	0.405488	0.594512	5.11309
15552	-3799.988	-3944.983	144.995	0.9719851	0.8725176	0.306088	0.693912	5.753421
15558	-3802.598	-3947.604	145.0059	0.8023326	0.7873733	0.342351	0.657649	5.89378
15564	-3816.692	-3961.791	145.0994	0.8563617	0.9059049	0.382804	0.617196	5.73961
15570	-3801.369	-3948.293	146.9242	0.9809468	0.7694074	0.426162	0.573838	4.748016
15576	-3806.888	-3952.889	146.0006	0.8817007	0.9436674	0.371181	0.628819	5.2077
15582	-3812.791	-3959.504	146.7131	1.04641	0.8671711	0.345352	0.654648	4.765973
15588	-3806.307	-3951.887	145.5794	0.9224989	1.289948	0.327824	0.672176	5.24095
15594	-3807.339	-3954.067	146.7287	0.9193059	0.9803071	0.419866	0.580134	4.761111
15600	-3817.549	-3963.578	146.0288	0.9287824	0.694113	0.380361	0.619639	5.326793
15606	-3809.604	-3955.437	145.8331	0.837398	0.905195	0.374779	0.625221	5.347216
15612	-3818.769	-3965.227	146.4575	0.9143704	0.7837563	0.301017	0.698983	5.035387
15618	-3804.348	-3949.572	145.2245	0.7855417	0.793134	0.303795	0.696205	5.779672
15624	-3801.528	-3947.983	146.4549	0.9992416	0.9696743	0.371134	0.628866	4.875349
15630	-3804.174	-3948.758	144.5846	0.914694	1.020166	0.377622	0.622378	5.924925
15636	-3802.4	-3947.043	144.6429	1.02161	0.8624765	0.443732	0.556268	5.924925
15642	-3804.091	-3949.789	145.6986	0.9167379	0.7776965	0.399671	0.600329	5.457543
15648	-3801.437	-3946.7	145.2636	0.8327443	0.8714635	0.396835	0.603165	5.683172
15654	-3803.234	-3948.654	145.4194	0.9055109	0.9198556	0.320945	0.679055	5.528829
15660	-3804.151	-3949.656	145.505	0.9092725	0.7900917	0.365198	0.634802	5.559954
15666	-3808.32	-3952.98	144.6597	0.781748	0.9820324	0.370069	0.629931	5.977305
15672	-3806.428	-3950.948	144.5197	0.7359005	0.8581034	0.282776	0.717224	6.150483
15678	-3799.625	-3943.852	144.227	0.8911125	0.9874819	0.390989	0.609011	6.150483
15684	-3805.32	-3950.319	144.9988	0.8047485	0.9012658	0.339349	0.660651	5.825641
15690	-3806.611	-3951.592	144.9815	0.854845	0.871275	0.348473	0.651527	5.825641
15696	-3805.088	-3950.545	145.4569	0.8384952	0.871275	0.376429	0.623571	5.574039
15702	-3812.246	-3957.357	145.1102	0.8183656	0.8388709	0.379841	0.620159	5.795108
15708	-3809.199	-3954.299	145.0999	0.8766087	0.7976254	0.420044	0.579956	5.795108
15714	-3803.529	-3949.279	145.7503	0.8590344	0.7976254	0.336767	0.663233	5.447755
15720	-3798.826	-3944.365	145.5389	0.8634152	0.8630795	0.439877	0.560123	5.520297
15726	-3800.457	-3945.742	145.2851	0.8735902	0.6881377	0.40046	0.59954	5.77014
15732	-3797.328	-3942.49	145.1621	0.959894	0.6427351	0.330941	0.669059	5.823732
15738	-3802.163	-3946.97	144.8075	0.9838311	0.9672978	0.296235	0.703765	5.794329
15744	-3791.397	-3936.264	144.8669	0.8724177	1.018957	0.364058	0.635942	5.794329
15750	-3795.3	-3942.408	147.1074	0.8989422	0.6969118	0.424792	0.575208	4.742489
15756	-3796.943	-3942.403	145.4603	0.849051	0.9893046	0.344246	0.655754	5.497836
15762	-3801.789	-3947.269	145.4793	0.843589	0.6262472	0.381084	0.618916	5.72638
15768	-3796.897	-3944.73	147.8339	1.045404	0.7630854	0.425774	0.574226	4.203971
15774	-3796.841	-3943.344	146.5025	0.9923881	0.7465444	0.307428	0.692572	4.992297
15780	-3802.581	-3948.401	145.8196	0.9769396	0.7457886	0.299992	0.700008	5.379272
15786	-3799.397	-3943.962	144.5645	0.8246627	0.8454293	0.356566	0.643434	6.08556
15792	-3810.433	-3956.292	145.8587	1.002121	1.290622	0.369712	0.630288	5.041826
15798	-3793.166	-3939.652	146.4854	0.9045316	0.7257876	0.379485	0.620515	5.065023
15804	-3796.637	-3941.901	145.2648	0.8512803	0.7752977	0.379659	0.620341	5.733282
15810	-3791.887	-3938.104	146.2166	1.055417	0.7752977	0.410668	0.589332	5.096472
15816	-3790.448	-3935.745	145.2978	0.8852395	0.9438607	0.335003	0.664997	5.592905
15822	-3784.212	-3929.959	145.747	0.9429163	0.7849678	0.41818	0.58182	5.4117
15828	-3799.119	-3945.286	146.1671	0.9511909	0.7755415	0.395129	0.604871	5.181446
15834	-3814.861	-3958.415	143.5537	0.7845275	0.9449915	0.573152	0.426848	6.597279
15840	-3804.866	-3950.263	145.3971	0.8395141	0.8813463	0.454162	0.545838	5.600255
15846	-3822.865	-3969.885	147.0194	0.9242044	0.820774	0.361391	0.638609	4.69245
15852	-3814.262	-3959.191	144.9289	0.9007901	0.8241378	0.343275	0.656725	5.858465
15858	-3813.461	-3959.693	146.2319	0.8669661	0.8699477	0.387974	0.612026	5.13169
15864	-3800.341	-3947.393	147.052	1.069513	0.7998167	0.390759	0.609241	4.606522
15870	-3798.588	-3945.766	147.178	1.060509	0.9487788	0.419811	0.580189	4.448064
15876	-3796.709	-3944.254	147.545	1.026755	0.9487788	0.458891	0.541109	4.259845
15882	-3802.693	-3949.726	147.0333	0.9433024	0.9487788	0.325992	0.674008	4.595323
15888	-3805.725	-3951.253	145.5285	1.000474	0.9469794	0.407933	0.592067	5.400837
15894	-3801.961	-3947.966	146.0048	0.9204228	0.8035287	0.315751	0.684249	5.269748
15900	-3795.219	-3940.056	144.8372	0.9152908	0.7610157	0.315593	0.684407	5.941603
15906	-3800.878	-3946.677	145.7993	0.901869	0.6674344	0.375162	0.624838	5.487561
15912	-3815.427	-3960.505	145.0786	0.8312042	0.7910314	0.432361	0.567639	5.835879
15918	-3795.505	-3940.359	144.8541	0.9526434	0.7910314	0.402735	0.597265	5.892171
15924	-3796.87	-3943.173	146.3027	1.041647	0.8177897	0.292799	0.707201	5.028396
15930	-3796.416	-3942.324	145.9085	0.8487818	0.7108927	0.278875	0.721125	5.425199
15936	-3812.393	-3957.599	145.2059	0.8410424	0.9499103	0.353566	0.646434	5.66409
15942	-3800.337	-3945.002	144.6652	0.8751634	0.6996309	0.276356	0.723644	6.099545
15948	-3812.015	-3957.37	145.3551	0.9736727	0.8569849	0.369919	0.630081	5.564481
15954	-3806.867	-3954.581	147.7137	1.03258	0.7246586	0.395611	0.604389	4.306419
15960	-3808.935	-3955.105	146.1705	0.9590029	0.9850576	0.353421	0.646579	5.047157
15966	-3813.755	-3959.707	145.952	0.8257148	0.9338517	0.336645	0.663355	5.271183
15972	-3802.081	-3948.201	146.1192	0.8461081	0.7677943	0.429008	0.570992	5.271183
15978	-3807.024	-3952.348	145.3239	0.8353389	0.8461141	0.348391	0.651609	5.664235
15984	-3806.326	-3952.985	146.6593	0.9036025	1.047644	0.396059	0.603941	4.771454
15990	-3814.129	-3958.602	144.4727	0.8680738	0.65389	0.456614	0.543386	6.241298
15996	-3804.129	-3948.576	144.4467	0.678738	0.8257393	0.353305	0.646695	6.241298
16002	-3804.929	-3950.593	145.6642	0.8360121	0.6232786	0.400652	0.599348	5.631482
16008	-3803.039	-3947.916	144.8773	0.8463915	0.8040822	0.372605	0.627395	5.929141
16014	-3807.139	-3952.174	145.0352	0.8325182	0.7838255	0.379053	0.620947	5.863568
16020	-3806.872	-3954.01	147.1386	1.056098	0.7899217	0.241981	0.758019	4.572023
16026	-3801.583	-3946.981	145.3974	0.970057	0.8490422	0.410047	0.589953	5.548127
16032	-3801.805	-3948.533	146.7281	0.9549701	0.861957	0.39672	0.60328	4.811869
16038	-3803.32	-3950.25	146.9302	1.062542	1.096128	0.384898	0.615102	4.504743
16044	-3804.891	-3953.45	148.5589	1.287898	1.074509	0.426927	0.573073	3.455286
16050	-3799.386	-3948.645	149.2585	1.15964	0.807519	0.323089	0.676911	3.284564
16056	-3801.559	-3948.78	147.2212	1.117902	0.9119011	0.355196	0.644804	4.413318
16062	-3803.879	-3950.936	147.0564	0.8910813	0.7345289	0.404032	0.595968	4.748438
16068	-3814.175	-3959.37	145.1952	0.8610594	0.7345289	0.390675	0.609325	5.793519
16074	-3809.936	-3954.412	144.4762	0.8313164	0.9767362	0.360175	0.639825	6.05325
16080	-3806.91	-3950.715	143.8051	0.7202877	0.8064561	0.368386	0.631614	6.578852
16086	-3808.532	-3953.084	144.552	0.8342024	0.5931117	0.314217	0.685783	6.263376
16092	-3793.507	-3939.616	146.1091	0.9087006	1.024604	0.451227	0.548773	5.087267
16098	-3791.634	-3938.176	146.5427	0.9324439	0.8205012	0.331388	0.668612	4.95398
16104	-3807.61	-3954.398	146.7887	0.8956508	0.6539938	0.33552	0.66448	4.95398
16110	-3807.85	-3953.145	145.2949	0.9494825	0.921336	0.309935	0.690065	5.572228
16116	-3807.388	-3952.995	145.6075	0.8371101	0.7649154	0.393325	0.606675	5.559999
16122	-3814.067	-3959.991	145.9249	0.9815355	0.6447025	0.385298	0.614702	5.391619
16128	-3810.717	-3956.394	145.6768	0.8057065	0.6396953	0.359897	0.640103	5.628545
16134	-3816.274	-3961.987	145.7129	0.7439651	0.6704611	0.305161	0.694839	5.619588
16140	-3821.225	-3965.296	144.0714	0.7853726	0.7411466	0.39282	0.60718	6.442221
16146	-3808.598	-3953.524	144.9261	0.7853726	0.8294347	0.344835	0.655165	5.919721
16152	-3800.346	-3946.301	145.955	0.9119786	0.8897047	0.295417	0.704583	5.248002
16158	-3792.621	-3938.448	145.8268	0.7741132	0.6003638	0.428029	0.571971	5.59421
16164	-3793.376	-3939.259	145.8823	0.8475108	1.000969	0.363591	0.636409	5.25959
16170	-3790.596	-3935.71	145.1135	0.8924307	0.8600011	0.415629	0.584371	5.739725
16176	-3793.369	-3939.688	146.3194	0.8543017	0.7505302	0.352467	0.647533	5.167666
16182	-3806.062	-3952.556	146.4942	0.8400879	0.6879341	0.302447	0.697553	5.122966
16188	-3812.501	-3958.137	145.6361	0.8894994	0.7286208	0.386441	0.613559	5.540243
16194	-3807.242	-3952.225	144.9831	0.8689157	1.149351	0.355153	0.644847	5.665369
16200	-3802.798	-3947.217	144.4186	0.7506764	0.8373756	0.389247	0.610753	6.210196
16206	-3806.774	-3950.675	143.9019	0.8260117	0.8095714	0.46236	0.53764	6.467257
16212	-3805.127	-3950.879	145.7519	0.8332138	0.7676574	0.418713	0.581287	5.480871
16218	-3812.797	-3958.236	145.4395	0.9899856	0.8664571	0.376543	0.623457	5.503281
16224	-3794.221	-3941.037	146.8161	1.045257	0.8381377	0.319594	0.680406	4.727293
16230	-3793.903	-3941.736	147.8328	1.022329	0.8348329	0.410374	0.589626	4.169561
16236	-3794.85	-3939.614	144.7649	0.8425262	0.7794618	0.309272	0.690728	6.008574
16242	-3806.042	-3951.56	145.5175	0.8997953	0.978946	0.371534	0.628466	5.444239
16248	-3809.944	-3955.335	145.3907	0.8070961	0.8342696	0.348506	0.651494	5.650508
16254	-3799.72	-3943.738	144.0176	0.8421397	0.7999212	0.356861	0.643139	6.401904
16260	-3797.925	-3942.916	144.9916	0.8763891	1.02629	0.440812	0.559188	5.719952
16266	-3807.251	-3952.126	144.8748	0.8278405	1.02629	0.434126	0.565874	5.810467
16272	-3803.681	-3948.974	145.2928	0.8676377	0.9394685	0.362045	0.637955	5.607792
16278	-3801.93	-3947.69	145.7603	0.9436186	0.7540489	0.311511	0.688489	5.424687
16284	-3805.093	-3950.449	145.3561	0.8626197	0.9236234	0.290622	0.709378	5.584975
16290	-3801.085	-3947.051	145.966	0.8306163	0.8623246	0.363796	0.636204	5.303523
16296	-3806.165	-3951.327	145.1622	0.8514812	0.9507457	0.300631	0.699369	5.681866
16302	-3810.963	-3957.105	146.1417	0.8725804	0.8921365	0.308457	0.691543	5.165031
16308	-3808.294	-3955.634	147.3404	0.9860808	0.7863049	0.337524	0.662476	4.500427
16314	-3810.827	-3958.745	147.9175	1.211566	1.010016	0.297357	0.702643	3.906795
16320	-3821.639	-3967.878	146.2389	1.039907	0.9138111	0.375688	0.624312	5.005392
16326	-3810.112	-3956.62	146.5078	0.8926254	0.9301492	0.405441	0.594559	4.92814
16332	-3814.998	-3960.33	145.332	0.9667945	0.9480824	0.381286	0.618714	5.526876
16338	-3808.667	-3953.255	144.5879	0.8614251	0.9698708	0.377125	0.622875	5.979723
16344	-3805.734	-3950.35	144.6154	0.9619552	0.9212065	0.342273	0.657727	5.937577
16350	-3811.026	-3955.88	144.854	0.7697594	0.68378	0.417935	0.582065	6.065449
16356	-3817.364	-3962.498	145.1343	0.8294988	0.9337002	0.332353	0.667647	5.718962
16362	-3809.18	-3955.478	146.298	0.995866	0.7991827	0.327549	0.672451	5.068535
16368	-3802.076	-3948.89	146.8141	0.9163555	0.8424998	0.448057	0.551943	4.797694
16374	-3801.654	-3947.045	145.3909	0.8512478	0.9796691	0.417319	0.582681	5.540184
16380	-3802.62	-3948.228	145.608	0.8601175	0.7871979	0.369748	0.630252	5.532305
16386	-3812.587	-3958.179	145.5918	0.7837329	0.8675064	0.279122	0.720878	5.532305
16392	-3806.487	-3950.915	144.4281	0.8390875	1.054481	0.495758	0.504242	6.033313
16398	-3812.723	-3959.67	146.9469	1.065206	0.9007409	0.442894	0.557106	4.603953
16404	-3798.402	-3944.146	145.7443	0.9512583	0.8034243	0.316117	0.683883	5.396504
16410	-3807.365	-3951.476	144.1105	0.7595353	0.8612503	0.240528	0.759472	6.358139
16416	-3801.86	-3946.186	144.3261	0.8170387	0.7673125	0.401573	0.598427	6.269264
16422	-3806.242	-3952.266	146.0245	0.9284069	0.7856851	0.372252	0.627748	5.266114
16428	-3806.784	-3952.869	146.0851	0.8733605	0.7810671	0.396085	0.603915	5.266114
16434	-3814.317	-3960.294	145.9773	0.8366568	0.8082135	0.439555	0.560445	5.328126
16440	-3815.325	-3960.423	145.0983	0.8820036	0.7710661	0.367125	0.632875	5.810421
16446	-3812.149	-3957.294	145.145	0.8367716	0.9938654	0.353612	0.646388	5.675215
16452	-3805.656	-3950.824	145.1677	0.8975677	0.8754209	0.343038	0.656962	5.697791
16458	-3810.014	-3955.529	145.5146	0.8691213	0.8728525	0.383285	0.616715	5.524572
16464	-3796.464	-3941.583	145.1195	0.8181229	0.9030581	0.257084	0.742916	5.751199
16470	-3800.655	-3946.03	145.3747	0.8885876	0.6364732	0.394145	0.605855	5.751199
16476	-3810.449	-3956.052	145.6033	0.9011333	0.6364732	0.399806	0.600194	5.618989
16482	-3807.017	-3953.237	146.22	0.8980232	0.9310886	0.441994	0.558006	5.084452
16488	-3808.834	-3955.857	147.0227	0.9711775	0.692271	0.288509	0.711491	4.752826
16494	-3797.978	-3942.896	144.918	0.9206634	0.96374	0.406681	0.593319	5.770388
16500	-3805.05	-3950.156	145.1058	0.795474	0.906025	0.300093	0.699907	5.769354
16506	-3800.69	-3945.185	144.4948	0.8486474	0.9592372	0.325625	0.674375	6.043429
16512	-3807.679	-3952.511	144.8313	0.8585544	0.7887822	0.434779	0.565221	5.957493
16518	-3818.674	-3962.652	143.9774	0.9179833	0.7467104	0.395782	0.604218	6.41749
16524	-3813.098	-3958.92	145.8215	0.8495762	0.7920847	0.36904	0.63096	5.417417
16530	-3812.149	-3959.492	147.343	0.9371423	0.7920847	0.373882	0.626118	4.522571
16536	-3814.932	-3961.866	146.9345	0.9616837	0.7920847	0.422783	0.577217	4.73785
16542	-3812.348	-3957.721	145.3726	0.9582792	0.8548351	0.349683	0.650317	5.564659
16548	-3801.061	-3946.309	145.248	0.8966783	0.9601233	0.306354	0.693646	5.604708
16554	-3797.582	-3942.849	145.2662	0.9241496	0.8047486	0.313736	0.686264	5.673364
16560	-3803.647	-3949.506	145.8599	0.9470608	0.9427364	0.338745	0.661255	5.249855
16566	-3805.204	-3951.207	146.0031	0.8661902	0.7992749	0.46654	0.53346	5.303396
16572	-3806.206	-3954.603	148.3968	1.058395	0.7604724	0.35233	0.64767	3.877155
16578	-3807.449	-3954.582	147.1324	1.066867	0.7710307	0.450339	0.549661	4.582231
16584	-3807.144	-3954.131	146.9873	1.160337	1.031341	0.430042	0.569958	4.452371
16590	-3807.444	-3951.974	144.53	0.8751974	0.8360481	0.432018	0.567982	6.082617
16596	-3817.816	-3962.98	145.1647	0.8878135	0.7700502	0.449696	0.550304	5.771589
16602	-3804.261	-3948.261	143.9998	0.8952198	0.8149013	0.336385	0.663615	6.373266
16608	-3805.555	-3951.876	146.3211	1.092514	0.9179773	0.40078	0.59922	4.927961
16614	-3814.796	-3961.596	146.8005	0.9858469	0.8668588	0.249812	0.750188	4.751169
16620	-3804.946	-3950.554	145.608	0.9858469	0.8855714	0.34033	0.65967	5.401199
16626	-3807.078	-3952.642	145.5634	0.8761532	0.8622866	0.492044	0.507956	5.500309
16632	-3801.557	-3946.416	144.8591	0.8761532	0.774242	0.331973	0.668027	5.942263
16638	-3803.591	-3949.354	145.7634	0.7906741	0.8391927	0.371334	0.628666	5.451634
16644	-3814.11	-3959.353	145.243	0.8999001	0.699062	0.386496	0.613504	5.770965
16650	-3826.599	-3971.249	144.6499	0.9559985	0.7828148	0.352071	0.647929	6.007182
16656	-3817.999	-3963.148	145.1485	0.8935588	0.8697945	0.493177	0.506823	5.713952
16662	-3810.808	-3957.205	146.3969	0.8561526	0.880097	0.362349	0.637651	5.040013
16668	-3814.165	-3957.582	143.4176	0.6800236	0.9727315	0.320314	0.679686	6.711891
16674	-3826.748	-3972.38	145.6312	0.8280326	0.7910393	0.322365	0.677635	5.534626
16680	-3832.474	-3978.194	145.7202	0.8193755	0.7769784	0.371131	0.628869	5.499749
16686	-3816.738	-3963.355	146.6177	0.948775	0.8091288	0.350158	0.649842	4.910538
16692	-3810.118	-3958.403	148.2842	1.028408	0.6848814	0.338921	0.661079	4.013853
16698	-3797.195	-3944.169	146.9733	1.037694	0.8196188	0.381688	0.618312	4.655466
16704	-3810.293	-3957.122	146.8287	0.9578767	0.8196188	0.333038	0.666962	4.781003
16710	-3802.648	-3949.311	146.6629	0.8982418	0.8894871	0.358224	0.641776	4.862909
16716	-3808.756	-3952.313	143.5562	0.8004092	1.003695	0.385603	0.614397	6.554938
16722	-3803.138	-3949.452	146.3143	0.8685643	0.8783193	0.250918	0.749082	5.079998
16728	-3796.434	-3941.15	144.716	0.8064764	0.9520517	0.384246	0.615754	5.949817
16734	-3802.94	-3948.19	145.25	0.9410952	0.9935186	0.448241	0.551759	5.560544
16740	-3818.706	-3963.698	144.9917	0.7914506	0.9328621	0.345432	0.654568	5.818336
16746	-3810.938	-3957.201	146.2628	0.9024983	0.8364559	0.367299	0.632701	5.115802
16752	-3797.719	-3944.215	146.4966	0.9431813	0.7376843	0.451702	0.548298	5.029034
16758	-3803.157	-3947.931	144.7735	0.9278412	0.9616544	0.500274	0.499726	5.846719
16764	-3804.359	-3950.214	145.8555	0.89018	0.5839216	0.405574	0.594426	5.52797
16770	-3800.644	-3947.931	147.2867	1.123501	0.7730572	0.377746	0.622254	4.462279
16776	-3802.894	-3950.051	147.157	0.9234513	0.792234	0.429437	0.570563	4.634589
16782	-3804.493	-3950.322	145.8288	0.8104147	0.792234	0.313393	0.686607	5.434826
16788	-3806.383	-3950.548	144.1645	0.7770341	0.792234	0.335933	0.664067	6.362465
16794	-3806.176	-3951.438	145.262	0.9517381	0.7382128	0.303854	0.696146	5.704771
16800	-3795.514	-3940.652	145.1383	0.9222818	0.7571496	0.303162	0.696838	5.775792
16806	-3800.232	-3945.384	145.1523	0.8369512	0.9518353	0.370364	0.629636	5.694651
16812	-3823.522	-3967.431	143.9094	0.8553253	0.9020736	0.40925	0.59075	6.39091
16818	-3810.551	-3956.408	145.8571	0.8764224	0.7772219	0.458288	0.541712	5.392796
16824	-3801.227	-3945.823	144.5959	0.8869278	0.7553122	0.42086	0.57914	6.092464
16830	-3796.973	-3942.006	145.0326	0.8308295	0.872569	0.39677	0.60323	5.810059
16836	-3797.294	-3945.346	148.0524	1.050231	0.9107579	0.358669	0.641331	3.980549
16842	-3809.985	-3958.578	148.5937	1.196313	0.8126831	0.340923	0.659077	3.648102
16848	-3807.945	-3955.93	147.9855	1.110357	0.9733382	0.288776	0.711224	3.946967
16854	-3809.107	-3956.305	147.1979	1.102648	0.7578094	0.360924	0.639076	4.534384
16860	-3802.137	-3947.966	145.8295	0.8335457	0.7578094	0.41894	0.58106	5.444612
16866	-3806.528	-3951.483	144.9548	0.8424501	1.050282	0.329004	0.670996	5.745933
16872	-3806.962	-3951.531	144.5692	0.9141791	1.066843	0.232581	0.767419	5.908914
16878	-3802.215	-3948.405	146.1906	0.8582187	0.9430926	0.382057	0.617943	5.115829
16884	-3803.587	-3950.222	146.6356	0.927455	0.8905267	0.387858	0.612142	4.861213
16890	-3804.408	-3949.481	145.0728	0.854811	0.9857887	0.346744	0.653256	5.709367
16896	-3803.879	-3948.062	144.1837	0.7740665	0.7171266	0.379054	0.620946	6.403864
16902	-3802.962	-3949.371	146.4087	0.8842321	0.8848462	0.43203	0.56797	5.014963
16908	-3810.999	-3955.659	144.6605	0.9125289	0.8848462	0.45414	0.54586	5.961325
16914	-3806.284	-3950.647	144.3623	0.9271261	0.8939379	0.387402	0.612598	6.110571
16920	-3798.201	-3944.264	146.063	0.9816537	0.8939379	0.397072	0.602928	5.147135
16926	-3801.087	-3945.601	144.5144	0.9093129	0.8435752	0.446584	0.553416	6.067866
16932	-3790.184	-3933.502	143.3184	0.8213828	0.8366513	0.333531	0.666469	6.768432
16938	-3800.478	-3946.137	145.6589	0.8213828	0.8101892	0.367512	0.632488	5.510641
16944	-3809.059	-3955.908	146.8493	0.938417	0.8679747	0.339574	0.660426	4.749716
16950	-3802.902	-3950.472	147.5708	0.9204093	0.771006	0.351008	0.648992	4.418047
16956	-3804.591	-3951.166	146.5748	1.015429	0.7542926	0.278287	0.721713	4.933966
16962	-3804.11	-3950.98	146.8701	0.9253247	0.7357208	0.325999	0.674001	4.832497
16968	-3800.86	-3947.459	146.5995	0.9311636	0.6005665	0.274565	0.725435	5.08109
16974	-3808.365	-3954.418	146.0536	0.9400354	0.7563831	0.332238	0.667762	5.263266
16980	-3820.409	-3966.771	146.362	0.9638974	0.8471014	0.300051	0.699949	5.019995
16986	-3812.472	-3958.437	145.9656	0.9401109	0.8544617	0.509211	0.490789	5.248132
16992	-3803.502	-3948.094	144.5922	0.9226466	0.7755064	0.219389	0.780611	6.061611
16998	-3809.955	-3954.96	145.0045	0.9308289	0.7755064	0.365368	0.634632	5.832082
17004	-3813.081	-3958.128	145.0469	0.9233241	1.254458	0.356934	0.643066	5.55024
17010	-3807.17	-3952.176	145.006	0.8159459	0.8242844	0.31304	0.68696	5.862577
17016	-3805.84	-3950.899	145.059	0.8173879	0.825147	0.33487	0.66513	5.832257
17022	-3804.313	-3949.714	145.4011	0.8329211	0.9118636	0.348845	0.651155	5.58348
17028	-3808.129	-3953.4	145.271	0.8800078	0.9918467	0.375811	0.624189	5.58348
17034	-3813.909	-3958.894	144.9851	0.8946452	0.6554303	0.305478	0.694522	5.946591
17040	-3808.284	-3953.264	144.9792	0.8512616	0.6554303	0.348449	0.651551	5.973462
17046	-3818.388	-3964.117	145.7286	0.8270139	0.6715161	0.328636	0.671364	5.564582
17052	-3805.402	-3950.692	145.2902	0.9091037	0.7429518	0.330317	0.669683	5.709424
17058	-3798.404	-3943.974	145.5703	0.8106323	0.6778977	0.322061	0.677939	5.655764
17064	-3794.233	-3939.576	145.3423	0.9319147	0.7839257	0.372538	0.627462	5.640883
17070	-3796.234	-3941.505	145.271	0.8209613	0.9473808	0.413772	0.586228	5.640883
17076	-3787.66	-3934.358	146.6981	1.048369	0.713883	0.34044	0.65956	4.875258
17082	-3802.981	-3949.779	146.7988	0.9999167	0.654079	0.226201	0.773799	4.890233
17088	-3807.598	-3953.602	146.004	0.975805	0.7623264	0.479298	0.520702	5.266904
17094	-3804.906	-3948.323	143.4164	0.7712112	0.9712641	0.359428	0.640572	6.664084
17100	-3804.856	-3950.167	145.3111	0.7839347	0.8240242	0.349163	0.650837	5.713305
17106	-3811.709	-3956.3	144.5915	0.7327649	0.8817932	0.498556	0.501444	6.098807
17112	-3817.653	-3962.422	144.7689	0.7884499	1.127141	0.341812	0.658188	5.837712
17118	-3807.806	-3952.84	145.0341	0.8087819	0.7730082	0.409991	0.590009	5.884294
17124	-3811.003	-3957.395	146.3924	0.946104	1.231311	0.396491	0.603509	4.803644
17130	-3797.936	-3943.143	145.2071	0.8525422	0.7632386	0.300481	0.699519	5.772189
17136	-3803.521	-3948.281	144.7597	0.765408	1.225257	0.367624	0.632376	5.807869
17142	-3794.792	-3941.237	146.4452	0.9516746	1.197175	0.422795	0.577205	4.78752
17148	-3794.52	-3938.867	144.3476	0.8312107	1.001595	0.3559	0.6441	6.109713
17154	-3801.842	-3947.324	145.4825	0.8614509	1.056131	0.427022	0.572978	5.442634
17160	-3794.762	-3940.46	145.6977	0.8876447	0.7469017	0.414405	0.585595	5.494785
17166	-3788.664	-3933.679	145.0153	0.886289	0.8014477	0.342923	0.657077	5.833608
17172	-3794.419	-3938.474	144.0549	0.754889	0.6684776	0.409446	0.590554	6.518681
17178	-3805.528	-3949.851	144.3231	0.7796101	0.8562673	0.452189	0.547811	6.234753
17184	-3803.8	-3949.238	145.4384	0.8783818	0.932608	0.346181	0.653819	5.525893
17190	-3796.5	-3941.848	145.3478	0.9208754	0.7495089	0.412762	0.587238	5.666918
17196	-3798.799	-3944.92	146.1212	0.8639194	0.7495089	0.321386	0.678614	5.272674
17202	-3805.543	-3950.812	145.2691	0.825786	0.8175666	0.221608	0.778392	5.717471
17208	-3798.599	-3943.571	144.9719	0.7810555	0.7375094	0.325416	0.674584	5.957259
17214	-3797.987	-3943.066	145.0789	0.8003436	0.7962328	0.356456	0.643544	5.849184
17220	-3800.758	-3946.11	145.3516	0.882094	0.8672893	0.308262	0.691738	5.610342
17226	-3802.532	-3948.414	145.8816	0.8714688	0.8672893	0.401055	0.598945	5.324548
17232	-3798.004	-3941.798	143.7939	0.7929983	0.8672893	0.441284	0.558716	6.507955
17238	-3805.247	-3951.179	145.9323	0.8709198	0.8031654	0.419675	0.580325	5.337321
17244	-3806.603	-3953.686	147.0834	0.9775412	0.9079278	0.350142	0.649858	4.572198
17250	-3798.045	-3944.626	146.5808	0.9775412	1.00096	0.358488	0.641512	4.799607
17256	-3802.951	-3950.294	147.3433	0.9501396	0.8883984	0.377069	0.622931	4.453382
17262	-3804.408	-3950.003	145.5945	0.9404862	0.8461627	0.317311	0.682689	5.457794
17268	-3803.435	-3948.164	144.7288	0.8124733	0.9095772	0.383871	0.616129	5.964057
17274	-3807.263	-3953.211	145.948	1.010299	0.9967994	0.322562	0.677438	5.135534
17280	-3795.709	-3942.811	147.1024	1.03844	0.80238	0.317187	0.682813	4.593983
17286	-3792.947	-3938.163	145.216	0.9404588	0.9785333	0.333479	0.666521	5.587875
17292	-3792.679	-3939.412	146.7328	0.8674608	0.8236135	0.38169	0.61831	4.882326
17298	-3800.916	-3947.274	146.358	0.8993644	0.8236135	0.412188	0.587812	5.072947
17304	-3797.715	-3943.65	145.9353	0.8997783	0.886669	0.326592	0.673408	5.26747
17310	-3794.356	-3938.349	143.9935	0.82052	0.7489423	0.419109	0.580891	6.460096
17316	-3802.6	-3948.477	145.8765	0.8565996	0.69372	0.331345	0.668655	5.450802
17322	-3813.968	-3957.947	143.9787	0.7804841	0.8170092	0.415796	0.584204	6.445562
17328	-3819.446	-3963.247	143.8012	0.7450518	0.7009624	0.32343	0.67657	6.638036
17334	-3809.871	-3955.319	145.4473	0.8264955	0.7264159	0.399388	0.600612	5.679969
17340	-3809.698	-3956.895	147.1963	0.8966672	0.8547014	0.447056	0.552944	4.587059
17346	-3805.259	-3951.902	146.6433	0.9999902	0.8699664	0.453201	0.546799	4.829126
17352	-3807.032	-3953.553	146.5215	1.012108	0.7505114	0.426065	0.573935	4.968033
17358	-3808.523	-3953.488	144.9651	0.8780226	0.602789	0.345855	0.654145	6.006934
17364	-3798.345	-3943.458	145.1129	0.8450673	0.6157218	0.273519	0.726481	5.934149
17370	-3801.37	-3946.183	144.8129	0.9006557	0.6950749	0.472335	0.527665	6.008401
17376	-3799.867	-3945.963	146.0953	0.8171559	0.6747381	0.452047	0.547953	5.365841
17382	-3808.295	-3952.973	144.6786	0.9086634	0.8014966	0.363365	0.636635	6.005265
17388	-3807.839	-3952.846	145.0077	0.8210706	0.6148933	0.36355	0.63645	6.005265
17394	-3798.194	-3942.165	143.9706	0.8200686	0.8387835	0.366639	0.633361	6.414936
17400	-3795.814	-3940.4	144.5859	0.7862633	0.8280227	0.411802	0.588198	6.105641
17406	-3802.329	-3947.441	145.1121	0.9010595	0.5962758	0.254384	0.745616	5.919325
17412	-3797.757	-3943.533	145.7761	0.9974759	0.8199204	0.306789	0.693211	5.342874
17418	-3803.501	-3948.244	144.7438	0.8127418	0.8199204	0.278423	0.721577	6.010268
17424	-3803.483	-3949.431	145.9482	0.8452214	0.9278577	0.321001	0.678999	5.26598
17430	-3807.874	-3952.965	145.0918	0.8523864	1.022946	0.34944	0.65056	5.679996
17436	-3792.871	-3939.544	146.6732	0.9187185	0.9943666	0.352584	0.647416	4.784561
17442	-3791.675	-3936.493	144.8185	0.8307599	0.748261	0.436741	0.563259	6.006519
17448	-3793.788	-3937.419	143.6315	0.822788	0.9642768	0.378934	0.621066	6.523664
17454	-3794.001	-3938.52	144.5184	0.9038482	1.118058	0.27071	0.72929	5.916101
17460	-3810.83	-3954.242	143.4122	0.7340686	0.9448756	0.433626	0.566374	6.701121
17466	-3808.633	-3953.406	144.7737	0.9129322	1.166908	0.269698	0.730302	5.747351
17472	-3810.121	-3954.275	144.1535	0.8719327	1.057762	0.350812	0.649188	6.163268
17478	-3807.615	-3952.514	144.8997	0.8545555	1.123646	0.417584	0.582416	5.731743
17484	-3800.557	-3946.175	145.6177	0.8650983	0.8130811	0.476867	0.523133	5.507417
17490	-3801.461	-3946.869	145.4079	1.025016	0.791451	0.334074	0.665926	5.548861
17496	-3810.865	-3958.109	147.2436	1.066437	1.104503	0.374141	0.625859	4.32141
17502	-3819.364	-3966.752	147.3878	1.05928	0.6688844	0.397735	0.602265	4.51625
17508	-3808.618	-3954.971	146.3531	0.9373534	0.8259857	0.375745	0.624255	5.053033
17514	-3816.399	-3962.134	145.7352	0.9753818	0.8539768	0.401327	0.598673	5.356159
17520	-3800.361	-3947.002	146.6407	0.8868058	0.7187647	0.322041	0.677959	4.993617
17526	-3798.012	-3941.997	143.9845	0.8968786	0.8101334	0.39578	0.60422	6.383689
17532	-3808.111	-3954.546	146.4354	0.8828576	0.7008127	0.299684	0.700316	5.122551
17538	-3813.872	-3960.889	147.0165	0.8523444	0.9606802	0.367271	0.632729	4.648819
17544	-3807.973	-3953.989	146.0154	1.006666	1.042953	0.413507	0.586493	5.074974
17550	-3802.866	-3949.048	146.1818	0.9485722	0.9475775	0.291065	0.708935	5.068035
17556	-3807.652	-3954.162	146.5098	0.8763316	1.031323	0.363897	0.636103	4.878914
17562	-3808.096	-3953.914	145.8185	0.8387098	0.7433176	0.362101	0.637899	5.457701
17568	-3802.636	-3948.397	145.7614	0.7850802	0.7855488	0.346817	0.653183	5.490267
17574	-3806.425	-3952.89	146.4649	1.014907	0.7080357	0.407209	0.592791	5.027746
17580	-3805.524	-3949.959	144.4357	0.861075	0.8457445	0.341108	0.658892	6.135679
17586	-3799.105	-3945.144	146.0388	0.9139818	0.5731813	0.37448	0.62552	5.422815
17592	-3799.132	-3945.129	145.9971	0.9139818	0.8114465	0.353677	0.646323	5.272439
17598	-3796.716	-3942.771	146.0541	0.8740681	0.8114465	0.470761	0.529239	5.262956
17604	-3797.818	-3943.396	145.5772	0.851719	0.8078642	0.384853	0.615147	5.540384
17610	-3813.762	-3957.865	144.1038	0.8764358	0.7925672	0.375206	0.624794	6.341276
17616	-3814.641	-3959.465	144.8241	0.9443694	1.129169	0.399333	0.600667	5.721162
17622	-3812.965	-3957.423	144.4584	0.8748673	0.8441715	0.43952	0.56048	6.116761
17628	-3790.649	-3935.913	145.2641	0.893575	0.8919619	0.427115	0.572885	5.637174
17634	-3795.515	-3940.301	144.7862	0.8396	0.9152753	0.368228	0.631772	5.914575
17640	-3817.24	-3962.713	145.4728	0.9062124	0.7471471	0.371086	0.628914	5.608009
17646	-3803.741	-3950.917	147.1761	1.0651	0.8403896	0.454971	0.545029	4.512894
17652	-3807.398	-3954.922	147.5242	0.8780219	0.7477626	0.293886	0.706114	4.4842
17658	-3819.891	-3966.913	147.0225	0.9711271	0.7477626	0.209096	0.790904	4.71345
17664	-3798.126	-3944.594	146.4679	1.014103	0.8645314	0.383764	0.616236	4.922348
17670	-3807.615	-3955.681	148.0665	1.123201	0.717183	0.368053	0.631947	4.060052
17676	-3813.942	-3960.704	146.7624	1.096128	0.8310905	0.382163	0.617837	4.733393
17682	-3817.416	-3961.983	144.567	0.9532664	0.9626231	0.287558	0.712442	5.945065
17688	-3795.392	-3940.826	145.434	0.8364481	0.9193992	0.395061	0.604939	5.559031
17694	-3801.338	-3945.089	143.7505	0.951877	0.8582617	0.265013	0.734987	6.450833
17700	-3799.482	-3943.942	144.4599	0.830719	0.9067928	0.409044	0.590956	6.102348
17706	-3800.8	-3945.852	145.0515	0.8222049	0.9236915	0.414984	0.585016	5.774105
17712	-3811.333	-3956.128	144.7948	0.8416213	0.882729	0.295583	0.704417	5.928008
17718	-3807.366	-3952.882	145.5163	0.968514	0.9053965	0.362428	0.637572	5.449395
17724	-3813.603	-3960.151	146.548	1.117797	0.8090359	0.376785	0.623215	4.85525
17730	-3801.963	-3950.194	148.2302	1.093561	1.028455	0.420875	0.579125	3.784464
17736	-3806.095	-3955.086	148.9912	1.190317	0.7832757	0.341971	0.658029	3.440449
17742	-3806.989	-3956.311	149.3222	1.250206	0.7978943	0.361582	0.638418	3.200055
17748	-3805.884	-3955.335	149.4507	1.171109	0.7569309	0.351838	0.648162	3.200055
17754	-3806.683	-3955.282	148.5997	1.171109	1.04078	0.489186	0.510814	3.518498
17760	-3812.041	-3959.996	147.9551	1.17781	0.7991283	0.344643	0.655357	4.035007
17766	-3808.756	-3955.218	146.4618	1.031814	1.347223	0.262483	0.737517	4.663464
17772	-3811.508	-3958.644	147.1353	1.110088	1.135921	0.302885	0.697115	4.341683
17778	-3794.218	-3941.744	147.5262	1.013535	0.7201778	0.381365	0.618635	4.426307
17784	-3804.77	-3950.181	145.4114	0.8904042	0.8180905	0.371276	0.628724	5.603679
17790	-3796.894	-3942.26	145.3669	0.7418829	0.8577332	0.393828	0.606172	5.684765
17796	-3793.586	-3939.155	145.5691	0.8878791	0.9603769	0.450937	0.549063	5.432826
17802	-3804.89	-3951.626	146.736	0.9534262	0.9429226	0.310967	0.689033	4.759496
17808	-3808.599	-3954.287	145.6877	0.8838295	0.8608813	0.320698	0.679302	5.428534
17814	-3811.146	-3956.508	145.3617	0.8889997	0.8608813	0.412748	0.587252	5.604931
17820	-3814.687	-3960.013	145.3251	0.9052206	0.8255191	0.381691	0.618309	5.638185
17826	-3807.9	-3954.025	146.1255	1.045095	0.860951	0.380331	0.619669	5.097534
17832	-3804.594	-3948.492	143.8979	0.8026974	1.348258	0.343298	0.656702	6.202135
17838	-3797.221	-3942.616	145.3945	0.8512584	0.9377022	0.400941	0.599059	5.561992
17844	-3795.245	-3941.293	146.0471	0.9849225	1.051107	0.423036	0.576964	5.065051
17850	-3795.787	-3941.57	145.7825	0.9344005	0.7690637	0.268623	0.731377	5.407415
17856	-3802.915	-3948.053	145.1384	1.037936	0.8118629	0.316221	0.683779	5.676478
17862	-3800.127	-3944.878	144.7512	0.8412972	0.9808317	0.35905	0.64095	5.895485
17868	-3807.746	-3953.899	146.1535	0.9423514	0.8926459	0.32677	0.67323	5.119547
17874	-3806.123	-3952.225	146.1016	0.9821043	0.8498985	0.373887	0.626113	5.152513
17880	-3801.378	-3947.058	145.6792	0.8134777	1.094167	0.373401	0.626599	5.340802
17886	-3792.781	-3937.757	144.9761	0.81468	0.9760669	0.371654	0.628346	5.78972
17892	-3806.001	-3949.778	143.777	0.8318842	0.8814703	0.44504	0.55496	6.487576
17898	-3804.803	-3950.901	146.0974	0.8047172	0.8092725	0.372769	0.627231	5.278783
17904	-3804.395	-3949.12	144.7248	0.8627611	0.935129	0.402767	0.597233	5.923967
17910	-3789.112	-3933.998	144.8864	0.8090479	0.7634482	0.425828	0.574172	5.971114
17916	-3811.471	-3956.525	145.0538	0.8142253	1.017287	0.314244	0.685756	5.72477
17922	-3801.481	-3945.731	144.2497	0.7721041	0.7571394	0.315642	0.684358	6.341943
17928	-3805.938	-3952.371	146.433	0.8488679	0.6578554	0.297245	0.702755	5.174317
17934	-3804.368	-3951.284	146.9166	1.056389	0.787382	0.397052	0.602948	4.697981
17940	-3802.439	-3949.887	147.4472	1.03624	0.7554647	0.398878	0.601122	4.433083
17946	-3808.38	-3955.61	147.2301	1.03624	0.9054538	0.395677	0.604323	4.458217
17952	-3807.127	-3955.715	148.588	1.008439	0.7498106	0.442086	0.557914	3.80353
17958	-3794.915	-3942.222	147.307	1.082283	0.7940433	0.366653	0.633347	4.459893
17964	-3800.735	-3946.776	146.0407	1.046543	0.9317691	0.314379	0.685621	5.101127
17970	-3806.793	-3952.184	145.3909	0.8546925	1.1501	0.377848	0.622152	5.448701
17976	-3808.017	-3954.552	146.535	0.9180053	0.8187441	0.283222	0.716778	4.967434
17982	-3814.003	-3958.224	144.2208	0.8786356	1.052438	0.323883	0.676117	6.125796
17988	-3806.891	-3953.513	146.623	0.8337393	0.809898	0.296229	0.703771	4.971077
17994	-3805.071	-3949.366	144.2954	0.8519069	0.809898	0.396713	0.603287	6.239429
18000	-3808.833	-3953.519	144.6856	0.7450297	1.027774	0.536232	0.463768	5.958299
18006	-3793.462	-3939.395	145.9331	0.879845	0.8899616	0.341106	0.658894	5.277716
18012	-3800.211	-3945.624	145.4131	0.8666184	0.943881	0.336074	0.663926	5.539754
18018	-3809.156	-3954.048	144.892	0.9335134	0.9740482	0.328037	0.671963	5.771838
18024	-3803.584	-3948.435	144.8502	0.8683796	0.9920261	0.310636	0.689364	5.82035
18030	-3807.591	-3954.409	146.8182	0.8632703	0.5841476	0.328339	0.671661	5.010801
18036	-3799.156	-3945.316	146.1593	0.923357	1.005548	0.339966	0.660034	5.061711
18042	-3799.069	-3947.294	148.2255	1.088438	0.8946713	0.264603	0.735397	3.869441
18048	-3800.802	-3948.081	147.2795	0.9948084	0.8946713	0.434519	0.565481	4.460325
18054	-3800.006	-3947.82	147.8146	1.004934	0.7730237	0.357005	0.642995	4.231018
18060	-3801.761	-3949.176	147.4151	1.091339	0.9513864	0.402111	0.597889	4.295286
18066	-3806.148	-3953.19	147.0424	0.9266415	0.9759337	0.265352	0.734648	4.583851
18072	-3802.435	-3949.502	147.0675	1.0991	0.9120673	0.376624	0.623376	4.510366
18078	-3801.44	-3947.452	146.0126	1.146976	0.9607375	0.381117	0.618883	5.044251
18084	-3807.228	-3954.926	147.698	1.130508	0.9156333	0.494097	0.505903	4.133908
18090	-3799.033	-3946.994	147.9611	1.232051	0.9673066	0.294765	0.705235	3.894781
18096	-3802.361	-3950.099	147.7378	1.053502	0.822744	0.281979	0.718021	4.213652
18102	-3794.35	-3939.179	144.8286	0.8516365	0.9310166	0.467883	0.532117	5.875695
18108	-3791.704	-3937.14	145.436	0.8400454	0.8357294	0.454336	0.545664	5.606628
18114	-3817.227	-3961.453	144.2255	0.8366238	1.06746	0.310321	0.689679	6.138279
18120	-3815.428	-3961.483	146.0548	0.9584498	1.218643	0.376494	0.623506	4.990833
18126	-3813.881	-3960.172	146.2913	0.9876395	0.9337259	0.374372	0.625628	4.993579
18132	-3803.887	-3950.885	146.9973	1.020323	0.8596218	0.329734	0.670266	4.626247
18138	-3810.415	-3957.601	147.1856	0.9902447	0.9227493	0.43678	0.56322	4.498757
18144	-3816.821	-3963.697	146.8766	1.084409	1.108625	0.310224	0.689776	4.51605
18150	-3817.072	-3963.366	146.2936	0.8595964	0.9802572	0.312932	0.687068	5.036677
18156	-3809.59	-3955.721	146.1309	0.9807288	0.695753	0.29431	0.70569	5.240507
18162	-3812.991	-3958.587	145.5959	0.9342107	0.9581037	0.345556	0.654444	5.393812
18168	-3800.652	-3946.54	145.8881	0.9807961	0.7802349	0.355239	0.644761	5.316146
18174	-3807.43	-3951.133	143.7031	0.8382623	0.8772743	0.342505	0.657495	6.526627
18180	-3799.066	-3945.585	146.5192	0.8947334	0.9136333	0.327305	0.672695	4.930376
18186	-3809.421	-3955.266	145.8449	0.918268	0.8000907	0.334371	0.665629	5.361437
18192	-3812.652	-3957.453	144.8016	0.8803905	0.9762692	0.410771	0.589229	5.849083
18198	-3807.1	-3952.118	145.0176	0.7844196	0.8464579	0.323991	0.676009	5.859611
18204	-3794.446	-3940.156	145.7103	0.9339859	0.9527835	0.449729	0.550271	5.33394
18210	-3796.763	-3942.418	145.655	0.9851254	0.8918386	0.327518	0.672482	5.371939
18216	-3797.034	-3942.724	145.6901	0.8305267	1.006636	0.462037	0.537963	5.371939
18222	-3795.889	-3940.891	145.002	0.9091425	0.8574558	0.391924	0.608076	5.793157
18228	-3797.86	-3943.391	145.5312	0.9758854	0.8574558	0.360164	0.639836	5.46612
18234	-3800.169	-3945.238	145.0688	0.9758854	1.004219	0.357003	0.642997	5.635053
18240	-3788.591	-3934.05	145.4593	0.9211115	0.7771298	0.310709	0.689291	5.587112
18246	-3794.905	-3939.846	144.9406	0.9140156	1.009258	0.395684	0.604316	5.736463
18252	-3799.805	-3945.418	145.6136	0.90112	0.9698839	0.484731	0.515269	5.395668
18258	-3799.137	-3944.943	145.8068	0.845062	0.8259093	0.396922	0.603078	5.406186
18264	-3793.426	-3938.96	145.5339	0.8383599	0.8619878	0.351268	0.648732	5.537474
18270	-3808.161	-3952.826	144.6653	0.849373	0.8619878	0.285641	0.714359	6.006988
18276	-3799.566	-3943.347	143.7807	0.8002968	0.7878365	0.418231	0.581769	6.56069
18282	-3804.661	-3950.635	145.9741	0.8925941	0.7728115	0.342863	0.657137	5.32231
18288	-3801.912	-3948.424	146.5127	0.9945686	0.7728115	0.395208	0.604792	4.967509
18294	-3804.892	-3951.384	146.4917	0.9937078	0.7728115	0.346177	0.653823	4.979672
18300	-3808.583	-3954.369	145.7857	0.8958115	0.8528571	0.360425	0.639575	5.372905
18306	-3811.862	-3955.815	143.9528	0.7666992	0.8712506	0.415434	0.584566	6.433734
18312	-3806.695	-3950.648	143.9528	0.7666992	0.8712506	0.368201	0.631799	6.433734
18318	-3800.288	-3945.325	145.0366	0.7897593	0.8262608	0.342605	0.657395	5.858905
18324	-3797.373	-3942.044	144.6709	0.862817	0.9129765	0.36256	0.63744	5.966203
18330	-3798.568	-3945.32	146.7522	0.9322301	0.8633273	0.352506	0.647494	4.810262
18336	-3790.48	-3936.077	145.5975	0.8965661	0.9721279	0.316311	0.683689	5.405773
18342	-3804.376	-3948.466	144.0902	0.8301827	0.789417	0.391064	0.608936	6.375763
18348	-3802.685	-3946.084	143.3996	0.7965187	0.789417	0.237522	0.762478	6.767731
18354	-3806.018	-3951.752	145.7341	0.8683854	0.8765459	0.310414	0.689586	5.401915
18360	-3809.261	-3954.047	144.7862	0.8363217	0.9637801	0.461978	0.538022	5.888604
18366	-3811.319	-3955.056	143.7369	0.7530707	0.995371	0.346213	0.653787	6.487248
18372	-3808.412	-3953.292	144.8802	0.7701953	0.8876585	0.400897	0.599103	5.917437
18378	-3797.006	-3942.937	145.9309	0.9155826	0.9326918	0.38331	0.61669	5.233862
18384	-3801.958	-3947.526	145.5687	0.8755024	0.9326918	0.372609	0.627391	5.455748
18390	-3794.538	-3941.027	146.4885	0.9579176	0.8828693	0.320024	0.679976	4.930843
18396	-3791.571	-3937.299	145.7282	0.8099208	0.7144246	0.396095	0.603905	5.543262
18402	-3790.3	-3936.321	146.0213	0.8528089	0.8857516	0.321956	0.678044	5.246412
18408	-3793.994	-3939.773	145.7795	0.9335584	1.042311	0.455562	0.544438	5.246412
18414	-3797.678	-3942.299	144.6209	0.7794418	0.86973	0.396228	0.603772	6.064607
18420	-3798.585	-3943.768	145.1837	0.9007186	0.7930569	0.358775	0.641225	5.738991
18426	-3809.425	-3954.714	145.2892	0.9071602	0.9176087	0.411616	0.588384	5.600778
18432	-3786.805	-3932.865	146.0597	0.8990186	0.7748169	0.396396	0.603604	5.270142
18438	-3798.587	-3944.126	145.5393	0.9333317	0.9385245	0.472821	0.527179	5.436746
18444	-3795.852	-3941.584	145.7318	0.968447	0.7784547	0.534123	0.465877	5.410315
18450	-3798.702	-3944.214	145.5118	0.8858254	1.061356	0.382207	0.617793	5.410315
18456	-3812.933	-3956.753	143.8192	0.780523	0.8766447	0.341165	0.658835	6.495424
18462	-3803.595	-3947.519	143.9234	0.8940926	1.026196	0.310148	0.689852	6.292992
18468	-3802.17	-3947.662	145.4923	0.8878335	0.7010514	0.308968	0.691032	5.639528
18474	-3792.621	-3938.146	145.5249	0.8624953	0.833639	0.405829	0.594171	5.546825
18480	-3804.451	-3949.507	145.056	0.7552855	0.9260489	0.339411	0.660589	5.806905
18486	-3795.849	-3942.442	146.593	0.9483891	0.9112444	0.348227	0.651773	4.860833
18492	-3807.927	-3952.395	144.4682	0.8878502	0.7533291	0.406782	0.593218	6.162833
18498	-3805.052	-3951.844	146.7919	0.944916	1.003848	0.329201	0.670799	4.698267
18504	-3798.416	-3944.419	146.0029	0.8570746	0.7166783	0.401757	0.598243	5.364507
18510	-3800.423	-3945.832	145.4092	0.8832767	0.8560194	0.27555	0.72445	5.585021
18516	-3799.624	-3946.754	147.1297	0.8832767	0.7165288	0.433582	0.566418	4.724622
18522	-3800.455	-3946.342	145.8869	0.917473	1.004298	0.446007	0.553993	5.216563
18528	-3792.893	-3938.996	146.1029	0.917473	0.7781603	0.344615	0.655385	5.23383
18534	-3794.874	-3939.41	144.5369	0.8250975	0.7781603	0.355195	0.644805	6.143127
18540	-3801.736	-3947.287	145.5516	0.8720028	0.7109124	0.441402	0.558598	5.608653
18546	-3813.255	-3958.481	145.2256	0.8383595	0.8156915	0.41973	0.58027	5.735622
18552	-3802.78	-3948.371	145.5917	0.9415508	0.8058397	0.320361	0.679639	5.484311
18558	-3792.612	-3937.235	144.6224	0.8107711	0.8058397	0.402784	0.597216	6.08645
18564	-3802.722	-3946.233	143.5111	0.7949116	0.72005	0.380134	0.619866	6.75455
18570	-3801.492	-3946.892	145.4002	0.8537627	0.72005	0.334747	0.665253	5.695311
18576	-3812.702	-3958.317	145.6153	0.8763648	0.8771482	0.479	0.521	5.462561
18582	-3802.503	-3948.482	145.9797	0.9065204	0.7681411	0.282522	0.717478	5.314668
18588	-3811.722	-3958.097	146.375	0.994167	0.833957	0.435782	0.564218	5.00428
18594	-3795.157	-3940.675	145.5177	0.9006095	0.9169493	0.35756	0.64244	5.479187
18600	-3800.331	-3946.019	145.6881	0.857207	1.031164	0.309462	0.690538	5.34501
18606	-3800.408	-3945.619	145.2112	0.7785272	0.737311	0.418453	0.581547	5.82804
18612	-3806.367	-3950.089	143.7213	0.8528781	0.9819109	0.378367	0.621633	6.448962
18618	-3811.387	-3955.845	144.4579	0.7725627	0.9158106	0.406796	0.593204	6.129834
18624	-3797.927	-3942.752	144.8245	0.775153	1.004638	0.301682	0.698318	5.878466
18630	-3798.196	-3944.525	146.3293	1.092336	1.004638	0.368622	0.631378	4.873795
18636	-3805.465	-3952.802	147.3361	1.084417	0.9836096	0.38242	0.61758	4.325178
18642	-3798.133	-3945.226	147.093	1.080505	0.9448856	0.489191	0.510809	4.486938
18648	-3805.99	-3952.173	146.1832	0.999102	0.7060168	0.340874	0.659126	5.194067
18654	-3807.238	-3953.882	146.6444	0.9850675	0.799417	0.343824	0.656176	4.881803
18660	-3802.509	-3949.646	147.1373	0.9235715	0.8639394	0.361643	0.638357	4.599304
18666	-3799.689	-3947.894	148.2057	1.140409	0.8639394	0.251793	0.748207	3.870374
18672	-3804.782	-3953.122	148.3402	1.093504	1.070773	0.338003	0.661997	3.697481
18678	-3802.585	-3949.315	146.7303	0.9561543	0.9776626	0.279125	0.720875	4.741166
18684	-3821.528	-3966.613	145.0852	0.8956115	0.7280248	0.471685	0.528315	5.839286
18690	-3815.627	-3960.872	145.2444	0.8695362	0.9780628	0.429352	0.570648	5.611471
18696	-3807.882	-3954.558	146.6763	0.9311929	1.037711	0.428251	0.571749	4.75189
18702	-3807.977	-3954.576	146.5995	0.9013693	0.826835	0.363343	0.636657	4.935587
18708	-3820.304	-3967.718	147.4143	0.977802	0.8640822	0.319609	0.680391	4.412913
18714	-3829.792	-3977.263	147.4709	1.006371	1.134285	0.344539	0.655461	4.211204
18720	-3811.192	-3958.309	147.1171	0.9826225	0.8858178	0.385875	0.614125	4.563894
18726	-3808.443	-3955.059	146.6159	0.9826225	1.057795	0.372666	0.627334	4.746066
18732	-3802.648	-3951.624	148.976	1.12828	0.6476876	0.395801	0.604199	3.586856
18738	-3812.872	-3958.933	146.0613	1.036608	0.808487	0.334407	0.665593	5.17105
18744	-3809.664	-3955.119	145.4552	0.7113908	0.7754213	0.353321	0.646679	5.705557
18750	-3807.065	-3954.067	147.0022	1.014984	0.9285628	0.351677	0.648323	4.58443
18756	-3806.924	-3952.451	145.5262	0.8451082	0.8882385	0.392675	0.607325	5.522085
18762	-3801.555	-3949.096	147.5404	0.9429719	0.9480259	0.332245	0.667755	4.310283
18768	-3805.255	-3953.426	148.1707	1.063002	1.167227	0.33842	0.66158	3.761774
18774	-3808.538	-3956.372	147.8339	1.0508	0.7728367	0.502369	0.497631	4.194141
18780	-3792.165	-3936.849	144.6842	0.8893416	0.985068	0.360129	0.639871	5.903493
18786	-3799.265	-3946.067	146.8018	0.9210256	0.965498	0.479935	0.520065	4.72776
18792	-3803.816	-3950.103	146.2864	0.9658146	0.8055058	0.390273	0.609727	5.087503
18798	-3800.311	-3946.689	146.3776	0.9054229	0.7795532	0.33406	0.66594	5.087503
18804	-3814.896	-3959.343	144.4472	0.9230034	1.146295	0.279711	0.720289	5.930513
18810	-3802.782	-3949.635	146.8533	0.9874746	0.787352	0.320821	0.679179	4.771955
18816	-3798.327	-3945.515	147.1887	0.9825504	0.9740817	0.355954	0.644046	4.471268
18822	-3800.335	-3948.518	148.1828	1.100494	0.8405079	0.378642	0.621358	3.921572
18828	-3801.42	-3950.521	149.1015	1.123383	0.8585877	0.419578	0.580422	3.363859
18834	-3815.302	-3964.68	149.3778	1.300337	0.7848105	0.304615	0.695385	3.146563
18840	-3802.97	-3947.73	144.7597	0.8591876	0.8467607	0.247178	0.752822	5.959463
18846	-3807.2	-3953.148	145.9488	1.023047	0.8593982	0.392132	0.607868	5.208532
18852	-3812.233	-3958.223	145.9908	0.981	0.8593982	0.299688	0.700312	5.208532
18858	-3809.653	-3955.726	146.073	0.9000605	0.6733297	0.33695	0.66305	5.333445
18864	-3804.296	-3949.107	144.8114	0.8248937	0.7055904	0.34954	0.65046	6.043029
18870	-3808.008	-3951.308	143.2998	0.7885073	0.8188587	0.364017	0.635983	6.807223
18876	-3793.726	-3938.121	144.3947	0.6821838	0.797397	0.448884	0.551116	6.285649
18882	-3791.004	-3937.052	146.0475	0.8663475	0.7551989	0.414564	0.585436	5.308159
18888	-3794.376	-3939.625	145.2483	0.8749394	0.7551989	0.421992	0.578008	5.742796
18894	-3798.058	-3943.902	145.8432	0.8214257	0.7240799	0.344171	0.655829	5.466954
18900	-3797.359	-3943.152	145.7927	0.9013746	0.7864263	0.408061	0.591939	5.408447
18906	-3796.111	-3941.34	145.2285	0.8193891	0.9462593	0.375092	0.624908	5.665671
18912	-3794.252	-3939.252	144.9995	0.9318329	0.8745768	0.38359	0.61641	5.771683
18918	-3791.277	-3938.196	146.9193	0.9115044	0.8401428	0.305697	0.694303	4.743134
18924	-3791.748	-3936.222	144.474	0.8548978	1.054579	0.446145	0.553855	5.999618
18930	-3800.08	-3946.06	145.9801	0.9823948	1.054579	0.42807	0.57193	5.10175
18936	-3794.533	-3940.12	145.5868	0.9430786	0.744578	0.310907	0.689093	5.526877
18942	-3804.762	-3950.701	145.9394	0.915317	0.6385731	0.346265	0.653735	5.424772
18948	-3791.88	-3936.796	144.9159	0.8103619	0.8188302	0.362836	0.637164	5.918292
18954	-3799.095	-3943.225	144.1295	0.8156976	1.059599	0.326862	0.673138	6.205988
18960	-3789.807	-3935.729	145.9219	0.9786289	0.8447963	0.392696	0.607304	5.25703
18966	-3794.658	-3941.067	146.4084	1.060115	0.6927689	0.460279	0.539721	5.045012
18972	-3799.042	-3947.203	148.1612	1.034915	0.7169441	0.312061	0.687939	4.056566
18978	-3796.426	-3942.71	146.2841	0.9512405	0.9279462	0.383988	0.616012	5.021207
18984	-3799.319	-3944.819	145.4997	0.8677769	0.8315115	0.479024	0.520976	5.559066
18990	-3792.198	-3936.082	143.8844	0.6939974	0.7475194	0.332874	0.667126	6.588672
18996	-3818.489	-3960.963	142.474	0.720084	0.7457745	0.477755	0.522245	7.335616
19002	-3796.947	-3941.703	144.7558	0.740235	0.8423264	0.324656	0.675344	6.02922
19008	-3814.3	-3959.306	145.0062	0.9045345	0.8688919	0.324819	0.675181	5.786412
19014	-3805.504	-3951.092	145.5888	0.8862449	0.8421064	0.333276	0.666724	5.493323
19020	-3804.021	-3949.159	145.1388	0.8828592	0.7114325	0.321482	0.678518	5.828536
19026	-3797.887	-3944.103	146.2155	0.9022762	0.8313551	0.313023	0.686977	5.145364
19032	-3795.195	-3941.65	146.4555	0.9492114	0.6974418	0.477361	0.522639	5.077027
19038	-3795.301	-3940.82	145.5188	0.9349781	0.814153	0.347639	0.652361	5.52268
19044	-3801.39	-3946.04	144.6494	0.9127537	0.9308301	0.469392	0.530608	5.940287
19050	-3801.946	-3948.448	146.5025	0.8954666	0.8584582	0.374144	0.625856	4.972818
19056	-3805.533	-3950.995	145.4618	0.7779126	0.9023327	0.380257	0.619743	5.585979
19062	-3810.911	-3957.787	146.8761	1.067715	0.7049719	0.474606	0.525394	4.771551
19068	-3805.451	-3952.333	146.8819	0.9061655	0.8329864	0.384254	0.615746	4.771551
19074	-3816.344	-3961.212	144.8687	0.9391066	1.011714	0.374919	0.625081	5.760802
19080	-3811.765	-3955.918	144.1531	0.9391066	0.7746663	0.369785	0.630215	6.2921
19086	-3803.48	-3948.139	144.6587	0.9119324	0.6380845	0.397443	0.602557	6.128147
19092	-3825.823	-3974.044	148.221	1.001353	0.7086485	0.359525	0.640475	4.047682
19098	-3809.757	-3956.244	146.4879	1.069209	0.9178744	0.403636	0.596364	4.848123
19104	-3796.846	-3943.597	146.7512	1.005421	0.7243132	0.362571	0.637429	4.862151
19110	-3800.702	-3946.58	145.8783	1.013383	0.7523813	0.385519	0.614481	5.322305
19116	-3805.7	-3952.448	146.748	0.9247022	0.7394486	0.415826	0.584174	4.898317
19122	-3806.641	-3952.485	145.8436	1.09432	0.9759652	0.444067	0.555933	5.158472
19128	-3805.112	-3951.509	146.3966	1.103393	0.9759652	0.356365	0.643635	4.846207
19134	-3795.461	-3942.347	146.8861	1.017704	0.8365379	0.353152	0.646848	4.704572
19140	-3796.176	-3941.603	145.4269	0.8923392	0.8365379	0.35903	0.64097	5.582439
19146	-3808.201	-3953.505	145.3037	0.9124201	0.9304543	0.361421	0.638579	5.582439
19152	-3821.969	-3965.949	143.9799	0.7994879	0.8962761	0.390162	0.609838	6.386376
19158	-3807.618	-3952.297	144.679	0.7717109	1.060482	0.37964	0.62036	5.930076
19164	-3804.099	-3950.077	145.9782	0.8695212	0.8399605	0.384666	0.615334	5.289274
19170	-3801.678	-3946.726	145.0472	0.8303887	0.9630936	0.423808	0.576192	5.749437
19176	-3810.989	-3956.115	145.1265	0.7719944	0.7941134	0.334328	0.665672	5.840067
19182	-3808.411	-3953.96	145.549	0.8550347	1.062199	0.458674	0.541326	5.406367
19188	-3805.596	-3949.793	144.1971	0.805213	0.8814993	0.456629	0.543371	6.274085
19194	-3796.452	-3941.74	145.2874	0.7698444	1.023546	0.478009	0.521991	5.61763
19200	-3799.201	-3945.771	146.5691	0.9358932	0.9187687	0.438913	0.561087	4.876598
19206	-3806.94	-3953.307	146.3675	0.9295079	0.8779243	0.340049	0.659951	5.016931
19212	-3805.355	-3951.315	145.9593	0.8254666	0.7816922	0.397482	0.602518	5.361567
19218	-3817.34	-3961.949	144.6086	0.8044483	0.9738937	0.402615	0.597385	5.997269
19224	-3820.526	-3964.589	144.0629	0.7213994	1.197656	0.364549	0.635451	6.224885
19230	-3796.938	-3941.205	144.2669	0.8354606	0.9774968	0.356386	0.643614	6.16457
19236	-3792.324	-3936.348	144.0235	0.7942157	0.9572118	0.48932	0.51068	6.33055
19242	-3794.977	-3940.347	145.3701	0.8531025	0.6638756	0.348405	0.651595	5.752513
19248	-3801.26	-3947.327	146.0665	0.9470728	0.8590205	0.345517	0.654483	5.185673
19254	-3801.441	-3947.13	145.6886	0.9098279	0.7854712	0.444414	0.555586	5.461725
19260	-3803.183	-3948.992	145.8088	0.9098279	0.7597126	0.374894	0.625106	5.412744
19266	-3804.797	-3949.233	144.4359	0.8106866	0.7813459	0.314469	0.685531	6.203854
19272	-3815.585	-3960.747	145.162	0.926563	0.8709701	0.433824	0.566176	5.687746
19278	-3829.453	-3974.003	144.5506	0.926563	0.8571885	0.485759	0.514241	6.030388
19284	-3812.133	-3958.099	145.9651	0.9595124	0.8669412	0.2984	0.7016	5.229984
19290	-3806.916	-3953.186	146.2705	0.9595124	0.8669412	0.422421	0.577579	5.060879
19296	-3810.103	-3955.78	145.6772	0.8926992	0.8669412	0.276718	0.723282	5.425746
19302	-3805.669	-3949.911	144.2418	0.7437048	1.069597	0.403084	0.596916	6.178846
19308	-3801.697	-3947.694	145.9971	0.8774439	0.8988109	0.330393	0.669607	5.238338
19314	-3802.198	-3947.936	145.7384	0.9444555	0.9216804	0.404355	0.595645	5.33067
19320	-3798.113	-3944.09	145.9775	1.014582	0.8474486	0.346493	0.653507	5.204761
19326	-3803.184	-3947.689	144.5051	0.8885116	0.9742153	0.342759	0.657241	6.007691
19332	-3804.797	-3950.931	146.1347	0.9643633	0.7489318	0.394928	0.605072	5.21005
19338	-3816.6	-3962.516	145.916	0.8805489	0.9321204	0.375621	0.624379	5.26178
19344	-3805.12	-3951.246	146.1266	0.894857	0.8690709	0.502578	0.497422	5.175109
19350	-3790.712	-3936.491	145.7788	0.9599806	0.9120974	0.415154	0.584846	5.305412
19356	-3792.544	-3937.371	144.8275	0.8615927	0.9120974	0.367633	0.632367	5.881828
19362	-3805.448	-3950.453	145.0054	0.7951735	0.6588192	0.418121	0.581879	5.987275
19368	-3802.451	-3948.566	146.115	0.8441372	0.6588192	0.401297	0.598703	5.351901
19374	-3802.964	-3947.05	144.086	0.8378488	0.6686856	0.387335	0.612665	6.456707
19380	-3804.019	-3948.057	144.0376	0.778694	0.7524845	0.261639	0.738361	6.456511
19386	-3807.738	-3953.012	145.2748	0.800155	0.5996392	0.303227	0.696773	5.882915
19392	-3799.183	-3945.164	145.9808	0.9408753	0.8165697	0.333536	0.666464	5.26325
19398	-3792.718	-3938.968	146.2496	0.9354306	0.8102143	0.396734	0.603266	5.121647
19404	-3794.389	-3939.603	145.2142	0.8587905	0.9971372	0.300403	0.699597	5.623357
19410	-3797.223	-3943.551	146.3272	0.978679	0.9613782	0.37943	0.62057	4.962574
19416	-3792.456	-3938.706	146.2503	0.7850995	0.9162148	0.385864	0.614136	5.138971
19422	-3797.458	-3942.136	144.6781	0.8238416	0.6735405	0.335288	0.664712	6.139194
19428	-3798.128	-3944.097	145.9688	0.9781082	0.8717401	0.410512	0.589488	5.214706
19434	-3813.624	-3959.444	145.82	0.9396562	1.02254	0.426979	0.573021	5.231308
19440	-3804.503	-3951.759	147.256	1.103927	0.9449313	0.350459	0.649541	4.381896
19446	-3807.931	-3953.03	145.099	0.9625485	1.030395	0.390944	0.609056	5.611567
19452	-3800.563	-3945.589	145.0266	0.9625485	1.095084	0.369034	0.630966	5.6174
19458	-3810.481	-3957.767	147.2854	0.9428038	1.032065	0.390492	0.609508	4.406578
19464	-3807.915	-3954.911	146.9957	1.076932	0.8725393	0.377851	0.622149	4.587296
19470	-3798.595	-3945.256	146.6614	0.866905	0.9659221	0.412115	0.587885	4.836152
19476	-3814.068	-3961.324	147.2565	0.9523156	0.7610747	0.219704	0.780296	4.583674
19482	-3808.317	-3955.273	146.9552	0.9641568	1.025957	0.331365	0.668635	4.583674
19488	-3808.609	-3954.548	145.9385	0.8423379	0.9025921	0.402774	0.597226	5.287853
19494	-3803.928	-3951.021	147.0933	1.008895	0.8655096	0.354732	0.645268	4.575131
19500	-3802.488	-3948.146	145.6584	0.9500408	1.001395	0.394632	0.605368	5.326387
19506	-3808.805	-3955.71	146.9047	0.8585943	0.810932	0.495963	0.504037	4.799659
19512	-3810.161	-3957.351	147.1895	0.9757977	0.7652395	0.280821	0.719179	4.605259
19518	-3804.393	-3950.22	145.8271	0.8651015	0.8745645	0.39045	0.60955	5.353646
19524	-3814.581	-3959.559	144.9776	0.8710702	1.09681	0.471716	0.528284	5.693555
19530	-3811.373	-3955.751	144.3774	0.8837114	0.748895	0.390797	0.609203	6.217469
19536	-3819.96	-3964.645	144.6846	0.9074847	0.6505353	0.323456	0.676544	6.107082
19542	-3820.28	-3965.178	144.8973	0.8120012	0.711736	0.478468	0.521532	5.99894
19548	-3812.006	-3957.316	145.3099	0.9544728	0.7608778	0.382321	0.617679	5.661607
19554	-3806.312	-3952.067	145.7555	0.9349492	0.7318362	0.415879	0.584121	5.44732
19560	-3818.15	-3962.903	144.7524	0.9917063	0.9735406	0.427819	0.572181	5.816669
19566	-3809.243	-3954.505	145.2616	0.8253618	0.754904	0.338833	0.661167	5.762878
19572	-3809.193	-3954.101	144.9082	0.835616	0.7569482	0.461256	0.538744	5.94907
19578	-3803.52	-3948.002	144.4825	0.7644107	0.7980944	0.450709	0.549291	6.192787
19584	-3797.986	-3943.568	145.5813	0.8722443	0.7188927	0.419871	0.580129	5.586625
19590	-3806.285	-3950.803	144.5181	0.7129168	1.033618	0.404596	0.595404	6.064084
19596	-3795.387	-3940.429	145.0412	0.7667999	0.8401002	0.328664	0.671336	5.860308
19602	-3812.455	-3957.527	145.0722	0.8450083	0.7481064	0.389126	0.610874	5.860308
19608	-3790.822	-3935.813	144.9909	0.8328949	0.8256494	0.281758	0.718242	5.860738
19614	-3803.891	-3950.381	146.4894	0.8494041	0.7099379	0.438797	0.561203	5.104584
19620	-3800.237	-3944.799	144.5624	0.8299816	0.7830669	0.375194	0.624806	6.123397
19626	-3798.791	-3943.397	144.6051	0.9014502	0.8425215	0.434355	0.565645	6.023366
19632	-3802.48	-3946.764	144.2836	0.7828925	1.091608	0.402102	0.597898	6.123486
19638	-3804.598	-3950.728	146.1299	0.929013	0.7483201	0.276474	0.723526	5.232666
19644	-3802.199	-3947.614	145.4147	0.8595934	0.7332927	0.350339	0.649661	5.674948
19650	-3803.152	-3950.572	147.4195	0.9826107	0.7484286	0.396007	0.603993	4.483815
19656	-3816.354	-3964.856	148.502	1.122763	0.9269075	0.507803	0.492197	3.670354
19662	-3815.05	-3963.577	148.5272	1.121554	0.7525637	0.389724	0.610276	3.771435
19668	-3810.811	-3957.308	146.4972	1.00916	0.8631555	0.255845	0.744155	4.90962
19674	-3803.123	-3948.938	145.8149	0.8449349	1.018937	0.406718	0.593282	5.288415
19680	-3802.235	-3947.478	145.2426	0.8907882	0.9023935	0.390474	0.609526	5.644276
19686	-3806.025	-3951.655	145.6299	0.8274696	1.167003	0.373082	0.626918	5.323672
19692	-3816.707	-3964.586	147.8796	0.9991389	0.6615133	0.378567	0.621433	4.278346
19698	-3808.668	-3954.62	145.9519	0.8454042	0.8054293	0.369184	0.630816	5.339105
19704	-3804.8	-3950.355	145.5544	0.9133412	1.203349	0.374354	0.625646	5.300282
19710	-3795.19	-3941.036	145.8463	0.9133412	0.8482008	0.289817	0.710183	5.332724
19716	-3809.302	-3955.199	145.8976	1.025601	0.7896245	0.309209	0.690791	5.27997
19722	-3804.565	-3950.732	146.1672	0.9043557	0.964583	0.303836	0.696164	5.090849
19728	-3808.074	-3954.562	146.4881	1.027252	0.8470623	0.434482	0.565518	4.9147
19734	-3812.234	-3956.931	144.6971	0.8710397	1.136994	0.461308	0.538692	5.826924
19740	-3805.649	-3952.141	146.4917	1.051792	1.122112	0.310408	0.689592	4.743137
19746	-3794.797	-3941.034	146.2369	0.8797444	0.7764091	0.316807	0.683193	5.181757
19752	-3796.564	-3942.407	145.8436	0.8797444	0.8146973	0.449804	0.550196	5.373912
19758	-3793.241	-3938.998	145.7566	0.857817	0.7357382	0.338706	0.661294	5.486444
19764	-3814.611	-3959.273	144.6619	0.8120641	0.8459428	0.421651	0.578349	6.039014
19770	-3822.346	-3967.968	145.6224	0.8360575	0.7954199	0.522673	0.477327	5.532237
19776	-3800.738	-3947.084	146.3468	0.9358213	1.043697	0.272363	0.727637	4.92981
19782	-3814.562	-3960.191	145.6292	0.8018659	0.7559165	0.32614	0.67386	5.573452
19788	-3808.519	-3954.67	146.1511	0.9650747	0.753492	0.356	0.644	5.197484
19794	-3814.494	-3958.933	144.4391	0.8235668	0.8551214	0.45181	0.54819	6.148465
19800	-3809.776	-3955.868	146.0923	0.9157588	0.7014046	0.326845	0.673155	5.293704
19806	-3801.897	-3948.819	146.9229	0.928631	0.7014046	0.336274	0.663726	4.825656
19812	-3802.389	-3946.913	144.5241	0.8140902	0.9726193	0.318598	0.681402	6.038827
19818	-3799.06	-3944.286	145.2262	0.8663204	1.0676	0.324308	0.675692	5.574872
19824	-3811.061	-3956.821	145.7605	0.9632058	0.9163917	0.376726	0.623274	5.311215
19830	-3789.202	-3934.596	145.394	0.7503595	0.78367	0.403938	0.596062	5.712284
19836	-3797.427	-3940.703	143.2755	0.7770652	0.9602995	0.297243	0.702757	6.743096
19842	-3800.705	-3944.764	144.0581	0.8205498	0.930138	0.339852	0.660148	6.312835
19848	-3794.926	-3939.407	144.4819	0.8042204	0.7474173	0.339424	0.660576	6.20485
19854	-3809.137	-3953.704	144.5663	0.7605143	1.022482	0.450831	0.549169	6.017788
19860	-3809.452	-3954.88	145.4281	0.7624267	0.8290448	0.269917	0.730083	5.657751
19866	-3807.772	-3953.32	145.5481	0.8709658	0.8290448	0.369983	0.630017	5.532289
19872	-3816.058	-3960.001	143.9424	0.7196816	0.7983285	0.394058	0.605942	6.510032
19878	-3803.78	-3950.592	146.8114	0.8740679	0.7032755	0.362039	0.637961	4.916834
19884	-3811.765	-3957.68	145.9157	0.889624	0.8557729	0.402404	0.597596	5.30278
19890	-3804.854	-3950.769	145.9157	0.819412	0.7869637	0.416864	0.583136	5.385472
19896	-3799.212	-3944.567	145.3555	0.7532613	0.8378653	0.382239	0.617761	5.697086
19902	-3788.385	-3933.825	145.4392	0.7531347	0.8378653	0.340057	0.659943	5.65126
19908	-3800.735	-3945.718	144.9832	0.8090221	0.8658733	0.402698	0.597302	5.853042
19914	-3790.562	-3936.151	145.5885	0.7901353	0.742268	0.396494	0.603506	5.611562
19920	-3789.017	-3934.854	145.8368	0.8634266	0.8515202	0.311536	0.688464	5.363412
19926	-3797.374	-3943.093	145.7188	0.901151	0.6438477	0.278498	0.721502	5.549935
19932	-3802.714	-3947.671	144.9574	0.8470711	0.8338169	0.432599	0.567401	5.866144
19938	-3808.166	-3953.641	145.4756	0.8888241	0.7843926	0.478977	0.521023	5.591074
19944	-3801.652	-3946.427	144.7749	0.7497967	0.9213008	0.414636	0.585364	5.966239
19950	-3803.986	-3949.439	145.4536	0.8156309	0.7597318	0.502762	0.497238	5.659716
19956	-3804.66	-3950.171	145.5116	0.8149382	0.714023	0.295112	0.704888	5.659716
19962	-3797.823	-3943.078	145.2551	0.7749234	0.7511833	0.376112	0.623888	5.796534
19968	-3797.342	-3942.095	144.7537	0.7877169	0.7189283	0.311201	0.688799	6.085412
19974	-3803.816	-3949.819	146.0028	0.8778418	0.6585882	0.282609	0.717391	5.395329
19980	-3806.17	-3952.174	146.0039	1.035983	0.6963478	0.452004	0.547996	5.279723
19986	-3812.648	-3959.484	146.8367	1.017318	0.6441396	0.423488	0.576512	4.867052
19992	-3812.782	-3959.571	146.7892	0.9459273	0.733637	0.282853	0.717147	4.867575
19998	-3808.938	-3953.248	144.3107	0.6899498	0.733637	0.307104	0.692896	6.369281
20004	-3807.878	-3951.681	143.8025	0.8470084	0.983946	0.285971	0.714029	6.406997
20010	-3809.766	-3956.283	146.5169	0.8898482	0.7984469	0.267194	0.732806	5.006335
20016	-3806.121	-3951.482	145.3608	0.9067814	0.8544941	0.38003	0.61997	5.599612
20022	-3817.715	-3964.062	146.3467	0.8029373	0.5717097	0.256113	0.743887	5.315472
20028	-3789.439	-3935.627	146.188	0.9492998	0.7956788	0.370924	0.629076	5.157594
20034	-3801.747	-3947.703	145.9559	0.773114	0.8516785	0.397487	0.602513	5.347416
20040	-3796.412	-3942.449	146.0376	0.9158156	0.7532815	0.352362	0.647638	5.287585
20046	-3792.802	-3939.193	146.3917	0.9454836	0.9581564	0.269665	0.730335	4.947029
20052	-3820.177	-3966	145.8224	0.7732001	0.7990932	0.370178	0.629822	5.454409
20058	-3808.656	-3955.21	146.5543	0.8982443	0.9142276	0.450273	0.549727	4.908506
20064	-3802.651	-3947.319	144.6676	0.8821132	0.9778533	0.340882	0.659118	5.92049
20070	-3800.836	-3947.06	146.2239	1.041326	0.7274704	0.388576	0.611424	5.132944
20076	-3794.356	-3941.899	147.5428	0.9070999	0.6927435	0.325842	0.674158	4.496852
20082	-3807.469	-3952.642	145.1736	0.8955923	0.9242637	0.312398	0.687602	5.666667
20088	-3810.867	-3955.928	145.061	0.7750076	0.8889008	0.331559	0.668441	5.815247
20094	-3804.51	-3949.03	144.52	0.8254693	0.7839166	0.510416	0.489584	6.148347
20100	-3801.031	-3945.745	144.7143	0.7544232	1.014765	0.326606	0.673394	5.944514
20106	-3808.472	-3952.91	144.4378	0.72957	0.8517457	0.39968	0.60032	6.202384
20112	-3806.228	-3952.303	146.0757	0.9634207	0.873153	0.417908	0.582092	5.162819
20118	-3802.366	-3947.56	145.1943	0.8537612	0.8600859	0.351214	0.648786	5.716551
20124	-3803.932	-3950.179	146.2477	0.9646531	0.8173978	0.259014	0.740986	5.101878
20130	-3802.937	-3948.406	145.4691	0.8775778	0.6186386	0.357546	0.642454	5.719274
20136	-3799.964	-3944.633	144.6692	0.8202531	0.7862725	0.365486	0.634514	6.06841
20142	-3801.738	-3946.906	145.1678	0.9340388	0.9593402	0.355416	0.644584	5.628616
20148	-3802.442	-3948.439	145.9976	0.9401714	0.8547834	0.412048	0.587952	5.230259
20154	-3810.886	-3956.566	145.6806	0.9018217	0.8148414	0.399175	0.600825	5.451454
20160	-3806.211	-3950.694	144.4832	0.8044841	0.7802423	0.290149	0.709851	6.182192
20166	-3802.726	-3948.364	145.6383	0.8621826	0.8443268	0.347651	0.652349	5.477911
20172	-3795.42	-3940.157	144.7366	0.8533548	1.009085	0.339435	0.660565	5.881361
20178	-3808.045	-3952.486	144.4414	0.8660669	0.8761057	0.461131	0.538869	6.111339
20184	-3815.301	-3960.604	145.3032	0.7648848	0.794055	0.440122	0.559878	5.747272
20190	-3810.209	-3955.604	145.3949	1.072648	0.9276348	0.354013	0.645987	5.445855
20196	-3802.881	-3947.468	144.5868	0.7738406	0.7274029	0.407603	0.592397	6.177949
20202	-3802.689	-3945.812	143.1223	0.8169941	0.8093766	0.399295	0.600705	6.893585
20208	-3802.818	-3947.334	144.5159	0.8347251	0.8694256	0.311135	0.688865	6.091862
20214	-3800.118	-3945.242	145.1233	0.8577677	0.7573318	0.439218	0.560782	5.819166
20220	-3806.444	-3951.076	144.6319	0.7657319	0.7677117	0.372234	0.627766	6.130607
20226	-3796.233	-3940.878	144.6442	0.8380034	0.8038259	0.27815	0.72185	6.061033
20232	-3802.09	-3947.393	145.3035	0.8635491	0.9822893	0.349251	0.650749	5.579958
20238	-3803.252	-3948.299	145.0477	0.8592152	1.01449	0.365965	0.634035	5.704958
20244	-3796.128	-3941.667	145.5385	0.8225275	0.776206	0.360097	0.639903	5.598382
20250	-3807.394	-3953.162	145.768	0.8512524	0.8468929	0.262403	0.737597	5.410937
20256	-3799	-3943.949	144.9486	0.8163765	0.8629266	0.320753	0.679247	5.869748
20262	-3797.513	-3942.52	145.0067	0.8005805	1.016577	0.375504	0.624496	5.758432
20268	-3802.222	-3948.497	146.2751	0.9834655	0.9794981	0.371182	0.628818	4.978606
20274	-3796.012	-3941.805	145.7937	1.014399	0.9572169	0.352317	0.647683	5.240942
20280	-3795.803	-3939.926	144.1236	0.9252063	1.006973	0.311066	0.688934	6.177541
20286	-3799.991	-3944.977	144.9864	0.833793	0.9507178	0.242372	0.757628	5.787894
20292	-3800.168	-3945.633	145.4654	0.9190102	0.687892	0.347526	0.652474	5.646636
20298	-3795.781	-3942.827	147.0468	0.9581043	0.8011934	0.434183	0.565817	4.670941
20304	-3802.621	-3948.857	146.2364	0.9165751	0.7800395	0.377215	0.622785	5.159249
20310	-3810.222	-3954.522	144.3001	0.7474584	1.035225	0.346969	0.653031	6.163087
20316	-3812.198	-3956.283	144.0848	0.7313004	0.7713289	0.312685	0.687315	6.444099
20322	-3805.768	-3951.373	145.6048	0.9538584	0.906659	0.293071	0.706929	5.407958
20328	-3814.55	-3958.747	144.1973	0.8669754	0.8264625	0.258603	0.741397	6.27409
20334	-3808.93	-3955.309	146.3783	0.9095096	1.037046	0.438955	0.561045	4.93054
20340	-3819.547	-3966.161	146.6142	0.9292003	0.9852519	0.423836	0.576164	4.816729
20346	-3822.721	-3968	145.2782	0.8057392	0.6709759	0.350109	0.649891	5.823514
20352	-3811.18	-3956.105	144.9247	0.8362978	0.945018	0.344981	0.655019	5.823514
20358	-3811.401	-3957.072	145.6703	0.8258331	1.087684	0.338353	0.661647	5.342251
20364	-3808.431	-3952.414	143.9833	0.7980457	0.6648497	0.429914	0.570086	6.536704
20370	-3799.001	-3943.913	144.9112	0.8028131	1.245319	0.387211	0.612789	5.695061
20376	-3802.261	-3947.667	145.4051	0.8754226	0.7175629	0.344995	0.655005	5.682463
20382	-3808.962	-3955.367	146.4049	0.8853999	0.9153705	0.479123	0.520877	4.998062
20388	-3810.449	-3956.435	145.9863	0.8912775	0.9402473	0.338806	0.661194	5.212283
20394	-3812.878	-3957.094	144.2162	0.7796416	0.7417545	0.386924	0.613076	6.366388
20400	-3809.391	-3954.491	145.0995	0.792017	0.900589	0.422666	0.577334	5.777921
20406	-3814.195	-3959.287	145.0913	0.8239773	0.9289675	0.407384	0.592616	5.748315
20412	-3826.361	-3972.329	145.9682	0.8256924	0.5917658	0.305809	0.694191	5.495058
20418	-3829.351	-3973.605	144.2545	0.7810806	0.6777797	0.331111	0.668889	6.389531
20424	-3814.797	-3960.919	146.1224	0.8970986	0.8886075	0.312026	0.687974	5.164307
20430	-3806.114	-3950.986	144.8723	0.7491971	0.8487608	0.413373	0.586627	5.956814
20436	-3809.823	-3953.82	143.9977	0.8301189	0.7292921	0.454797	0.545203	6.465933
20442	-3833.299	-3979.801	146.5015	0.9364979	0.8366501	0.301728	0.698272	4.964305
20448	-3819.385	-3964.974	145.5894	0.8717706	0.6740995	0.313985	0.686015	5.614516
20454	-3808.41	-3953.998	145.5876	0.891318	0.67604	0.527801	0.472199	5.603388
20460	-3805.908	-3952.964	147.0557	0.9651501	0.7860348	0.360199	0.639801	4.672119
20466	-3796.633	-3941.972	145.339	0.8885368	0.7121121	0.413535	0.586465	5.715359
20472	-3817.933	-3965.638	147.7051	1.005932	0.7444588	0.43068	0.56932	4.312312
20478	-3816.026	-3962.365	146.3383	0.9829077	1.169758	0.450928	0.549072	4.843252
20484	-3821.121	-3966.337	145.2165	0.8853575	1.138204	0.379509	0.620491	5.533706
20490	-3815.463	-3960.518	145.0551	0.8692469	1.177064	0.418333	0.581667	5.612098
20496	-3807.253	-3952.713	145.4594	0.8987488	0.8950171	0.333378	0.666622	5.525267
20502	-3805.336	-3950.32	144.9835	0.8246368	0.7512129	0.468358	0.531642	5.917834
20508	-3807.095	-3953.041	145.946	0.844238	0.8677386	0.268803	0.731197	5.303745
20514	-3805.766	-3951.594	145.8279	0.9222915	0.7928763	0.40785	0.59215	5.373303
20520	-3808.123	-3954.106	145.9838	0.9339956	0.7930586	0.405328	0.594672	5.280687
20526	-3805.972	-3952.118	146.1462	0.8640199	0.66771	0.361989	0.638011	5.317107
20532	-3803.891	-3949.643	145.752	0.9161947	0.959091	0.387443	0.612557	5.317107
20538	-3797.545	-3942.444	144.8984	0.8480901	0.7204105	0.425165	0.574835	5.972563
20544	-3805.368	-3950.474	145.1053	0.8636645	0.7573193	0.396034	0.603966	5.825776
20550	-3807.5	-3952.471	144.971	0.776549	0.7573193	0.429449	0.570551	5.946787
20556	-3796.995	-3942.193	145.1979	0.8880238	0.7573193	0.328771	0.671229	5.761788
20562	-3805.016	-3950.784	145.7686	0.9796083	0.7871779	0.275099	0.724901	5.378115
20568	-3799.39	-3946.153	146.7636	0.946748	0.7227845	0.316897	0.683103	4.889046
20574	-3805.857	-3952.46	146.6032	0.946748	0.6195344	0.29277	0.70723	5.055267
20580	-3800.076	-3945.818	145.7422	0.8310763	0.8632537	0.364751	0.635249	5.426147
20586	-3797.907	-3941.622	143.715	0.8972265	0.8632537	0.329906	0.670094	6.496683
20592	-3791.585	-3936.621	145.0358	0.911683	0.7195939	0.323951	0.676049	5.863342
20598	-3801.251	-3946.347	145.0957	0.8455308	0.8487547	0.367067	0.632933	5.782027
20604	-3804.517	-3948.906	144.389	0.8634735	0.7917067	0.365923	0.634077	6.193903
20610	-3802.596	-3946.561	143.9659	0.787902	0.7636211	0.348029	0.651971	6.482952
20616	-3796.26	-3942.511	146.251	1.002618	0.7219869	0.383736	0.616264	5.143258
20622	-3796.629	-3941.506	144.8767	0.8603669	0.7120645	0.378322	0.621678	5.983556
20628	-3810.002	-3955.147	145.1452	0.8108522	0.6758059	0.308736	0.691264	5.8899
20634	-3804.408	-3949.085	144.6775	0.7957604	0.6758059	0.262492	0.737508	6.153184
20640	-3795.673	-3940.902	145.2297	0.8458857	0.6974739	0.40181	0.59819	5.808908
20646	-3800.886	-3947.037	146.1514	0.8978946	0.6974739	0.341217	0.658783	5.273733
20652	-3804.856	-3951.324	146.4679	0.9396862	1.04081	0.49705	0.50295	4.861762
20658	-3808.231	-3953.693	145.4617	0.9316293	0.951139	0.34646	0.65354	5.473149
20664	-3804.984	-3950.733	145.7485	0.8330961	0.8586371	0.390796	0.609204	5.424369
20670	-3807.86	-3953.105	145.2448	0.7849143	0.8566956	0.34154	0.65846	5.728694
20676	-3799.456	-3943.842	144.3862	0.8038843	0.9908127	0.430364	0.569636	6.109487
20682	-3802.314	-3947.711	145.3971	0.8962105	0.7157005	0.308032	0.691968	5.676777
20688	-3812.685	-3958.146	145.4612	0.9275284	0.874395	0.445391	0.554609	5.52086
20694	-3805.813	-3951.849	146.036	0.9825393	0.9228178	0.448938	0.551062	5.144451
20700	-3808.494	-3956.238	147.7434	1.051631	0.8708478	0.369242	0.630758	4.180635
20706	-3799.213	-3944.866	145.6532	0.9525615	1.012346	0.334834	0.665166	5.321842
20712	-3798.053	-3944.398	146.3443	0.8678907	0.7951199	0.30949	0.69051	5.116442
20718	-3794.249	-3940.12	145.8707	0.9343697	0.7853029	0.394809	0.605191	5.34799
20724	-3799.15	-3945.814	146.6633	1.03127	0.7853029	0.337615	0.662385	4.854858
20730	-3792.928	-3940.014	147.0863	1.029071	0.7853029	0.348265	0.651735	4.619657
20736	-3798.888	-3943.766	144.8784	0.9467472	0.8083921	0.439646	0.560354	5.870961
20742	-3806.33	-3952.491	146.1612	0.9281102	1.053066	0.336243	0.663757	5.032256
20748	-3807.106	-3953.484	146.3784	1.015861	0.7585448	0.281189	0.718811	5.039951
20754	-3800.431	-3945.229	144.7986	0.8903712	0.7585448	0.313648	0.686352	5.977907
20760	-3805.786	-3950.26	144.4737	0.8036203	0.9817341	0.406947	0.593053	6.066943
20766	-3802.516	-3948.428	145.9117	0.9761355	1.11076	0.433563	0.566437	5.113842
20772	-3795.923	-3940.659	144.7365	0.847574	0.9928721	0.373135	0.626865	5.893435
20778	-3798.254	-3942.041	143.7864	0.8589307	0.8871886	0.443434	0.556566	6.464421
20784	-3787.266	-3932.029	144.7639	0.9491372	0.8854147	0.386944	0.613056	5.884523
20790	-3816.146	-3959.811	143.6648	0.8229079	1.08728	0.347846	0.652154	6.440123
20796	-3807.887	-3951.376	143.4887	0.7764502	0.9595684	0.326773	0.673227	6.628646
20802	-3803.358	-3949.51	146.1515	0.9784604	0.7410951	0.297984	0.702016	5.198352
20808	-3806.134	-3952.592	146.4576	0.962555	0.9422884	0.337358	0.662642	4.91004
20814	-3822.603	-3967.224	144.6215	0.9255578	0.8692185	0.326304	0.673696	5.984923
20820	-3820.945	-3967.285	146.34	0.9076085	0.8582646	0.412866	0.587134	5.056467
20826	-3815.631	-3961.536	145.9055	0.9240209	0.9378136	0.376311	0.623689	5.240237
20832	-3802.544	-3948.3	145.7561	0.907014	0.9043443	0.349956	0.650044	5.351783
20838	-3813.208	-3959.461	146.2531	0.8723159	0.7919296	0.263447	0.736553	5.166615
20844	-3811.974	-3957.756	145.7814	0.9740212	0.903304	0.324562	0.675438	5.301454
20850	-3808.116	-3954.384	146.2684	0.9535805	1.021098	0.364974	0.635026	4.975843
20856	-3803.268	-3947.919	144.6514	0.8156953	0.9372294	0.448862	0.551138	5.988527
20862	-3796.456	-3940.715	144.2599	0.7343183	0.8509112	0.335255	0.664745	6.296991
20868	-3803.152	-3947.009	143.8566	0.7441661	0.8509112	0.404411	0.595589	6.510406
20874	-3799.446	-3943.941	144.4957	0.8554735	0.735475	0.424074	0.575926	6.177567
20880	-3807.613	-3950.959	143.3459	0.7982871	0.8889121	0.342448	0.657552	6.734521
20886	-3813.807	-3957.303	143.4958	0.7887602	0.7670758	0.309594	0.690406	6.734521
20892	-3822.805	-3968.699	145.8938	0.942015	0.7105354	0.463572	0.536428	5.382212
20898	-3818.562	-3964.993	146.4308	0.9913972	0.7331344	0.36722	0.63278	5.041943
20904	-3813.905	-3959.828	145.923	0.9967694	1.019954	0.437297	0.562703	5.144138
20910	-3812.626	-3959.019	146.3925	0.9854405	0.8376708	0.373501	0.626499	4.997045
20916	-3816.257	-3962.385	146.1281	0.8132126	0.7694325	0.39824	0.60176	5.283355
20922	-3796.235	-3942.741	146.5065	1.001345	0.7880601	0.343038	0.656962	4.956982
20928	-3804.597	-3951.528	146.9306	1.05014	0.7880601	0.403746	0.596254	4.693239
20934	-3796.865	-3943.314	146.4488	0.9869188	0.7708228	0.406652	0.593348	5.008615
20940	-3803.04	-3948.055	145.0152	1.037735	0.7059171	0.322093	0.677907	5.81533
20946	-3804.824	-3952.824	148.0009	1.048757	0.9527805	0.354824	0.645176	3.985549
20952	-3790.466	-3937.339	146.8728	1.067943	0.7353046	0.345408	0.654592	4.75168
20958	-3791.82	-3937.761	145.941	0.915416	0.7248748	0.358311	0.641689	5.360728
20964	-3805.486	-3950.013	144.5268	0.7496686	0.9914174	0.430928	0.569072	6.062092
20970	-3806.693	-3952.563	145.8707	0.9248861	0.967288	0.322428	0.677572	5.242112
20976	-3800.996	-3946.846	145.8492	0.8911796	0.9439585	0.332338	0.667662	5.285937
20982	-3807.055	-3950.49	143.4344	0.6808735	0.8752807	0.350218	0.649782	6.758242
20988	-3791.629	-3936.919	145.2906	0.8082658	0.7383491	0.301025	0.698975	5.767587
20994	-3797.766	-3943.105	145.3386	0.9171003	0.8030624	0.428769	0.571231	5.638615
21000	-3793.765	-3940.619	146.8547	0.9305998	0.7919498	0.292052	0.707948	4.799829
21006	-3796.981	-3943.747	146.7668	1.0185	0.7919498	0.295059	0.704941	4.799829
21012	-3791.712	-3938.64	146.9274	1.016715	1.083193	0.384637	0.615363	4.538905
21018	-3791.709	-3938.978	147.269	0.9615767	0.822637	0.32747	0.67253	4.530302
21024	-3806.297	-3950.493	144.196	0.8080052	0.8233088	0.352366	0.647634	6.308797
21030	-3819.703	-3964.371	144.6674	0.8295032	0.8327636	0.266988	0.733012	6.034714
21036	-3820.012	-3963.909	143.8971	0.778788	0.8167497	0.369399	0.630601	6.49089
21042	-3795.323	-3941.427	146.1041	0.8959509	0.6704267	0.307678	0.692322	5.320681
21048	-3807.77	-3953.577	145.8064	1.034573	0.7442257	0.276894	0.723106	5.35581
21054	-3801.575	-3946.018	144.443	0.8174605	0.8178385	0.290004	0.709996	6.172833
21060	-3791.851	-3937.905	146.054	0.881654	0.8359702	0.270397	0.729603	5.243215
21066	-3788.103	-3934.884	146.7806	0.9738639	0.6896244	0.288546	0.711454	4.888327
21072	-3797.298	-3944.687	147.3898	1.067683	0.9103667	0.357469	0.642531	4.347428
21078	-3801.943	-3949.672	147.7294	1.037051	0.7533373	0.38644	0.61356	4.27471
21084	-3798.651	-3944.725	146.0734	0.9259981	0.7533373	0.393175	0.606825	5.262154
21090	-3803.162	-3950.019	146.857	1.007015	0.7366753	0.398661	0.601339	4.793555
21096	-3808.542	-3955.332	146.7905	1.007015	0.992715	0.497698	0.502302	4.670513
21102	-3796.657	-3944.771	148.1145	1.084701	0.8045901	0.361757	0.638243	3.993464
21108	-3809.647	-3956.725	147.0777	1.078069	0.9217648	0.416654	0.583346	4.510613
21114	-3802.283	-3949.433	147.1498	0.8790092	1.121567	0.350382	0.649618	4.471234
21120	-3801.22	-3947.404	146.1841	0.9229622	0.9882391	0.431671	0.568329	5.057803
21126	-3803.071	-3949.211	146.1404	0.7981404	0.6881729	0.346793	0.653207	5.341618
21132	-3815.315	-3961.672	146.3575	0.9426269	0.991151	0.33079	0.66921	4.948962
21138	-3798.023	-3944.457	146.4337	0.9012515	0.7395864	0.337089	0.662911	5.08587
21144	-3807.32	-3954.293	146.9729	0.9635744	0.8175908	0.386123	0.613877	4.698544
21150	-3802.076	-3950.823	148.7473	1.084795	0.7715466	0.362533	0.637467	3.652057
21156	-3804.34	-3952.314	147.9742	1.068999	1.017998	0.339943	0.660057	3.951458
21162	-3803.715	-3951.811	148.0961	1.084398	0.9915945	0.427754	0.572246	3.887867
21168	-3797.702	-3944.669	146.9671	1.042196	0.9302441	0.423153	0.576847	4.587863
21174	-3793.373	-3939.628	146.255	1.000262	0.739351	0.287223	0.712777	5.130228
21180	-3798.936	-3944.473	145.537	0.926541	0.7588736	0.379446	0.620554	5.553626
21186	-3796.688	-3940.553	143.8654	0.8420379	0.7584476	0.468103	0.531897	6.511523
21192	-3791.861	-3937.857	145.9959	0.838627	0.8650375	0.395376	0.604624	5.280944
21198	-3801.005	-3946.293	145.2883	0.8406393	0.8440968	0.357672	0.642328	5.682138
21204	-3797.164	-3943.756	146.5916	1.011946	0.8879792	0.362828	0.637172	4.840192
21210	-3787.466	-3934.228	146.7617	1.005941	0.867341	0.390604	0.609396	4.761339
21216	-3799.408	-3946.413	147.0051	0.9253387	0.8120387	0.307249	0.692751	4.705519
21222	-3796.767	-3944.717	147.9505	1.04019	0.8761573	0.43135	0.56865	4.065965
21228	-3804.273	-3951.902	147.6287	0.9871356	0.7498441	0.344305	0.655695	4.3623
21234	-3807.952	-3952.848	144.8961	0.8709116	0.951697	0.348049	0.651951	5.816406
21240	-3794.955	-3940.138	145.1824	0.8709116	0.873837	0.410989	0.589011	5.705309
21246	-3788.952	-3934.654	145.7027	0.901209	0.7212927	0.28554	0.71446	5.502309
21252	-3806.593	-3951.543	144.9509	0.8273928	0.8739534	0.306162	0.693838	5.8558
21258	-3797.324	-3941.156	143.8321	0.8729778	0.8739534	0.371283	0.628717	6.43991
21264	-3806.951	-3952.537	145.5853	0.8821779	1.143175	0.390572	0.609428	5.329858
21270	-3831.014	-3975.404	144.3906	0.8550186	0.9007226	0.313335	0.686665	6.130367
21276	-3815.927	-3962.082	146.1552	0.9872433	0.771994	0.309754	0.690246	5.170453
21282	-3802.242	-3946.923	144.681	0.7952601	0.8918802	0.366628	0.633372	6.009922
21288	-3809.886	-3954.829	144.9432	0.8219566	0.9420601	0.328498	0.671502	5.822917
21294	-3804.653	-3950.408	145.7549	1.019485	0.8520287	0.306734	0.693266	5.322176
21300	-3803.565	-3950.109	146.5441	1.011072	0.9120972	0.449171	0.550829	4.852644
21306	-3798.182	-3944.45	146.2675	0.8258644	0.9553096	0.419541	0.580459	5.084094
21312	-3801.732	-3947.564	145.8322	0.9057364	1.262765	0.369159	0.630841	5.122805
21318	-3804.86	-3949.18	144.3207	0.9266495	1.158611	0.443724	0.556276	5.991501
21324	-3803.356	-3949.895	146.5389	0.9344348	0.8349612	0.211726	0.788274	4.945729
21330	-3793.798	-3939.716	145.9174	0.9252194	0.9685528	0.389216	0.610784	5.215388
21336	-3792.246	-3939.278	147.0321	0.9656132	1.04917	0.294614	0.705386	4.526985
21342	-3800.182	-3946.667	146.4851	0.9647602	1.152973	0.418694	0.581306	4.779827
21348	-3797.989	-3943.856	145.8666	0.9490666	1.247104	0.30739	0.69261	5.087055
21354	-3802.891	-3948.716	145.8255	0.9495164	0.8436598	0.416954	0.583046	5.327087
21360	-3795.384	-3940.129	144.745	0.8515348	0.7862809	0.340233	0.659767	6.010024
21366	-3787.38	-3932.888	145.5079	0.8515348	0.8719485	0.363125	0.636875	5.538467
21372	-3793.248	-3937.689	144.4408	0.7798554	0.9139017	0.382204	0.617796	6.136242
21378	-3793.355	-3939.274	145.9193	0.8696276	0.9182755	0.335779	0.664221	5.274113
21384	-3795.358	-3940.007	144.6488	0.8383655	0.8412819	0.418569	0.581431	6.034706
21390	-3792.536	-3937.783	145.2479	0.8286062	0.9216003	0.338673	0.661327	5.664239
21396	-3799.611	-3944.641	145.0307	0.74857	0.7965982	0.282831	0.717169	5.903572
21402	-3791.588	-3936.237	144.6498	0.8005064	0.8858405	0.367182	0.632818	6.02772
21408	-3793.191	-3938.435	145.2438	0.8796111	0.8858405	0.383861	0.616139	5.659617
21414	-3799.102	-3945.004	145.9023	0.9320084	0.7678123	0.447035	0.552965	5.34348
21420	-3805.124	-3949.719	144.5943	0.9430363	0.8985595	0.413379	0.586621	5.972682
21426	-3797.673	-3943.003	145.3297	0.8866877	0.9201921	0.340123	0.659877	5.588299
21432	-3786.041	-3930.773	144.7321	0.878756	0.8422845	0.365707	0.634293	5.966591
21438	-3793.568	-3939.639	146.0711	0.8132147	0.9366968	0.376423	0.623577	5.210625
21444	-3792.014	-3937.674	145.6601	0.9096339	0.9384809	0.363822	0.636178	5.38324
21450	-3798.445	-3943.09	144.6456	0.8526774	0.6989331	0.322751	0.677249	6.122923
21456	-3810.488	-3954.521	144.0326	0.9174693	0.7810947	0.394843	0.605157	6.365066
21462	-3798.598	-3944.136	145.538	0.8720782	0.9039472	0.39447	0.60553	5.491384
21468	-3789.756	-3933.524	143.7682	0.8167239	0.7421358	0.302734	0.697266	6.588726
21474	-3805.478	-3948.963	143.4852	0.7897383	1.02311	0.398094	0.601906	6.588726
21480	-3810.502	-3954.953	144.4514	0.8361526	0.9556706	0.367895	0.632105	6.075935
21486	-3815.706	-3959.167	143.4615	0.8724261	0.9556706	0.453601	0.546399	6.593619
21492	-3807.504	-3953.102	145.5976	0.8138905	0.7923409	0.248394	0.751606	5.560051
21498	-3790.147	-3935.676	145.5283	0.9019902	0.948877	0.411422	0.588578	5.454073
21504	-3806.833	-3952.487	145.6537	0.8830762	0.8505415	0.286221	0.713779	5.454073
21510	-3809.988	-3955.878	145.8899	0.8407767	0.7037497	0.348488	0.651512	5.444915
21516	-3798.824	-3945.714	146.89	0.9957119	0.908657	0.363454	0.636546	4.67
21522	-3809.16	-3955.177	146.0171	0.9548974	0.7114958	0.347603	0.652397	5.306368
21528	-3803.146	-3948.405	145.2588	0.8223997	0.7891507	0.344011	0.655989	5.743295
21534	-3800.263	-3945.776	145.5132	0.8252801	1.010238	0.428213	0.571787	5.470287
21540	-3802.496	-3948.942	146.446	0.8403555	0.8119803	0.39161	0.60839	5.064359
21546	-3809.106	-3954.572	145.4664	0.9403645	0.9579288	0.385532	0.614468	5.461863
21552	-3799.556	-3945.385	145.8288	0.9228292	0.7205814	0.388948	0.611052	5.421491
21558	-3802.62	-3948.021	145.4017	0.7996397	0.8490456	0.391387	0.608613	5.639317
21564	-3804.027	-3949.611	145.584	0.9085516	0.8823763	0.375688	0.624312	5.458893
21570	-3805.292	-3951.514	146.2225	0.9519634	0.7429763	0.381514	0.618486	5.172452
21576	-3812.222	-3958.095	145.8734	0.9474689	1.06924	0.439642	0.560358	5.172452
21582	-3802.132	-3948.133	146.0015	0.900063	0.8126408	0.300338	0.699662	5.276903
21588	-3814.672	-3959.983	145.3108	0.862148	0.741952	0.327266	0.672734	5.724558
21594	-3800.987	-3946.618	145.6304	0.9240633	0.7992965	0.337025	0.662975	5.476863
21600	-3811.111	-3957.365	146.2543	0.9248523	0.6342929	0.369519	0.630481	5.249105
21606	-3808.836	-3954.61	145.7743	0.8194717	0.5693898	0.343625	0.656375	5.623319
21612	-3812.536	-3958.234	145.6979	0.9645873	0.8296515	0.352695	0.647305	5.39791
21618	-3815.123	-3959.706	144.5828	0.8939746	0.7684147	0.371037	0.628963	6.087055
21624	-3801.36	-3947.164	145.8038	0.9978568	0.666786	0.380262	0.619738	5.432729
21630	-3811.916	-3958.892	146.9757	0.9345278	1.034217	0.415047	0.584953	4.584315
21636	-3800.793	-3947.595	146.8015	1.044202	1.101973	0.45298	0.54702	4.584315
21642	-3799.55	-3946.359	146.8094	0.9850746	0.944254	0.381221	0.618779	4.69997
21648	-3802.701	-3951.716	149.0148	1.132309	0.944254	0.328418	0.671582	3.355157
21654	-3809.563	-3956.943	147.3806	1.066675	0.8783403	0.419945	0.580055	4.372879
21660	-3812.451	-3959.941	147.4899	1.050226	0.816945	0.337183	0.662817	4.359653
21666	-3802.307	-3949.135	146.8287	0.9837449	0.7518146	0.423465	0.576535	4.811852
21672	-3808.164	-3953.6	145.4357	0.95762	0.8151404	0.517921	0.482079	5.55527
21678	-3809.788	-3955.759	145.9713	0.8574039	0.9475966	0.411476	0.588524	5.235063
21684	-3800.781	-3945.005	144.2242	0.7922709	0.9362615	0.352712	0.647288	6.234453
21690	-3797.502	-3942.545	145.0427	0.9128687	0.7930071	0.443041	0.556959	5.80955
21696	-3811.503	-3956.208	144.7053	0.8035468	0.7623068	0.39245	0.60755	6.07364
21702	-3812.016	-3956.014	143.9989	0.7846113	0.8810196	0.312111	0.687889	6.393178
21708	-3808.929	-3954.054	145.1255	0.7846113	0.869037	0.421616	0.578384	5.786642
21714	-3806.657	-3952.395	145.7387	0.8427854	0.8680035	0.424931	0.575069	5.418701
21720	-3810.735	-3956.228	145.4925	0.7838868	0.6704415	0.446557	0.553443	5.718547
21726	-3807.909	-3953.491	145.5818	0.8892109	0.7837718	0.340287	0.659713	5.532958
21732	-3808.515	-3953.378	144.8639	0.8754364	0.9861682	0.380011	0.619989	5.81227
21738	-3796.159	-3941.605	145.4466	0.8396361	0.7888012	0.443006	0.556994	5.631134
21744	-3801.791	-3949.029	147.2372	0.9802245	0.7680981	0.416532	0.583468	4.574003
21750	-3800.196	-3947.421	147.2252	0.9630932	0.8150619	0.419602	0.580398	4.55904
21756	-3806.691	-3952.452	145.7607	0.9297223	0.8692769	0.356288	0.643712	5.357872
21762	-3806.975	-3952.39	145.415	0.9874047	1.002374	0.343994	0.656006	5.439429
21768	-3802.869	-3950.263	147.3946	1.03362	0.6815391	0.471025	0.528975	4.517358
21774	-3797.462	-3943.702	146.2397	1.03362	0.7203931	0.467682	0.532318	5.133475
21780	-3793.284	-3940.541	147.2575	0.9593807	0.6874224	0.377784	0.622216	4.63162
21786	-3803.111	-3948.277	145.1659	0.8734425	0.7017325	0.386086	0.613914	5.825723
21792	-3807.823	-3952.88	145.0573	0.8511887	0.5778475	0.439771	0.560229	5.991313
21798	-3805.041	-3951.046	146.0054	0.9145322	0.8236926	0.334721	0.665279	5.259697
21804	-3809.798	-3955.608	145.8091	0.8510081	0.7173138	0.389519	0.610481	5.474148
21810	-3808.26	-3953.202	144.9418	0.9106933	0.890833	0.368446	0.631554	5.805036
21816	-3805.289	-3949.27	143.9812	0.7798427	0.7846447	0.356119	0.643881	6.465268
21822	-3802.268	-3946.398	144.1301	0.8650165	0.6677711	0.360267	0.639733	6.41877
21828	-3808.786	-3953.942	145.1565	0.8353381	0.5328427	0.39773	0.60227	5.983576
21834	-3815.639	-3960.806	145.1675	0.8336328	1.037706	0.398284	0.601716	5.640857
21840	-3807.732	-3950.902	143.1702	0.8428155	1.071105	0.295264	0.704736	6.705294
21846	-3820.802	-3964.812	144.0098	0.808524	0.8776983	0.47416	0.52584	6.376287
21852	-3816.93	-3961.358	144.4287	0.8072594	0.7939864	0.316906	0.683094	6.201411
21858	-3795.681	-3939.461	143.7809	0.8614064	0.6970611	0.426268	0.573732	6.588806
21864	-3800.733	-3945.211	144.4779	0.9011405	0.9431936	0.451485	0.548515	6.033131
21870	-3799.361	-3943.957	144.5958	0.8691955	1.038671	0.457232	0.542768	5.933757
21876	-3797.756	-3942.738	144.9824	0.8862585	0.9592954	0.345983	0.654017	5.75649
21882	-3799.442	-3943.678	144.2361	0.891182	1.060914	0.419599	0.580401	6.106202
21888	-3793.495	-3938.161	144.6659	0.8400535	0.9799939	0.293653	0.706347	5.943184
21894	-3800.291	-3946.637	146.3468	0.9224504	0.884184	0.328728	0.671272	5.028497
21900	-3805.074	-3951.531	146.4568	0.9114373	0.7282504	0.325217	0.674783	5.07535
21906	-3798.823	-3944.938	146.1158	0.9498996	0.8778653	0.446706	0.553294	5.14524
21912	-3800.256	-3946.102	145.8466	0.966312	0.9042795	0.343257	0.656743	5.26911
21918	-3798.464	-3945.095	146.631	0.9172242	0.8033086	0.406624	0.593376	4.92451
21924	-3806.25	-3952.942	146.6919	0.8639083	0.7968298	0.360637	0.639363	4.92451
21930	-3790.52	-3936.085	145.5647	0.8739697	0.987509	0.342295	0.657705	5.427667
21936	-3809.087	-3954.346	145.2592	0.8446992	1.070852	0.426644	0.573356	5.566932
21942	-3812.235	-3956.85	144.6153	0.7946218	0.9132679	0.474493	0.525507	6.033519
21948	-3815.18	-3961.015	145.8354	0.8588321	1.032108	0.421988	0.578012	5.26227
21954	-3802.597	-3948.215	145.6179	0.8598059	1.163633	0.359066	0.640934	5.314097
21960	-3811.514	-3956.351	144.8364	0.8436123	1.171823	0.338451	0.661549	5.74861
21966	-3805.898	-3952.042	146.1443	0.9405714	0.8277903	0.349407	0.650593	5.165858
21972	-3805.606	-3951.018	145.4114	0.8689275	0.8277903	0.354393	0.645607	5.609265
21978	-3797.221	-3943.765	146.5448	0.9680454	0.9706718	0.347126	0.652874	4.842051
21984	-3794.057	-3938.808	144.7511	0.9248203	0.8839038	0.445262	0.554738	5.90573
21990	-3793.265	-3939.757	146.4925	0.8727085	0.8839038	0.3955	0.6045	4.975402
21996	-3807.812	-3952.556	144.7438	0.8564901	0.8839038	0.329287	0.670713	5.947038
22002	-3811.89	-3956.519	144.6283	0.8365495	1.206248	0.336014	0.663986	5.849779
22008	-3817.564	-3963.587	146.023	0.8780121	0.8369775	0.457182	0.542818	5.261706
22014	-3830.296	-3974.789	144.4935	0.7464157	0.9004843	0.299742	0.700258	6.133662
22020	-3808.442	-3952.218	143.776	0.8355663	0.7315342	0.3417	0.6583	6.581541
22026	-3797.61	-3942.642	145.0319	0.8032777	0.9537131	0.389711	0.610289	5.777957
22032	-3798.66	-3945.189	146.529	0.7830963	0.7469639	0.375113	0.624887	5.093442
22038	-3814.298	-3961.022	146.7234	0.9347248	0.9556511	0.290949	0.709051	4.769594
22044	-3802.709	-3948.607	145.898	0.9027121	0.8724364	0.357045	0.642955	5.295086
22050	-3811.332	-3959.269	147.9369	1.001186	0.9517998	0.385827	0.614173	4.049844
22056	-3804.651	-3950.535	145.883	0.9962725	0.7951555	0.384885	0.615115	5.300561
22062	-3815.132	-3961.422	146.2896	1.030372	0.7691103	0.38545	0.61455	5.074002
22068	-3820.226	-3964.794	144.5677	0.7734239	0.9463967	0.536908	0.463092	6.051992
22074	-3797.474	-3941.88	144.4059	0.8655916	0.8174114	0.4217	0.5783	6.16712
22080	-3800.829	-3946.609	145.7799	0.9487	0.9237238	0.302164	0.697836	5.304212
22086	-3800.421	-3946.072	145.6518	0.9562479	0.9237238	0.471338	0.528662	5.370694
22092	-3794.937	-3939.665	144.7282	0.9825166	0.8374257	0.282261	0.717739	5.915128
22098	-3805.091	-3949.334	144.2426	0.8908417	0.835399	0.25779	0.74221	6.230938
22104	-3791.292	-3936.118	144.8257	0.8690564	0.835399	0.365785	0.634215	5.925117
22110	-3804.812	-3950.362	145.5497	0.8528821	0.7224102	0.350745	0.649255	5.612102
22116	-3807.087	-3953.184	146.0973	0.9016376	0.7352395	0.30596	0.69404	5.274851
22122	-3801.013	-3945.432	144.4197	0.9016376	0.7226523	0.342152	0.657848	6.202638
22128	-3796.567	-3942.761	146.1943	0.8962012	0.9250851	0.393171	0.606829	5.103243
22134	-3791.312	-3936.957	145.6449	0.9345306	0.9250851	0.358935	0.641065	5.38571
22140	-3793.977	-3940.059	146.0824	0.917684	0.8896693	0.347927	0.652073	5.174419
22146	-3789.892	-3936.19	146.2983	1.066478	0.8285739	0.37967	0.62033	5.010147
22152	-3810.677	-3956.446	145.7692	0.8815653	0.850414	0.331382	0.668618	5.391348
22158	-3803.342	-3948.441	145.0984	0.8670573	0.8812731	0.453786	0.546214	5.748961
22164	-3812.046	-3957.13	145.084	0.9730812	1.051831	0.439386	0.560614	5.60263
22170	-3812.273	-3958.678	146.4052	1.023845	1.090214	0.461451	0.538549	4.823574
22176	-3799.051	-3943.807	144.7558	0.9236807	1.01514	0.429958	0.570042	5.829154
22182	-3814.814	-3959.404	144.5894	0.8179939	0.7870944	0.410584	0.589416	6.11259
22188	-3814.23	-3957.954	143.724	0.8527039	0.7181803	0.457805	0.542195	6.609574
22194	-3809.607	-3954.484	144.8776	0.8357157	0.6790347	0.375964	0.624036	6.020064
22200	-3805.738	-3953.549	147.8113	1.019639	0.6383375	0.32283	0.67717	4.323388
22206	-3812.508	-3959.175	146.6667	0.914723	0.7811591	0.38096	0.61904	4.920658
22212	-3802.662	-3949.545	146.8827	0.9614097	0.8409983	0.385262	0.614738	4.735149
22218	-3816.311	-3963.484	147.1728	0.9550911	1.088022	0.46812	0.53188	4.432913
22224	-3816.373	-3964.148	147.7753	0.9550911	0.8736971	0.361022	0.638978	4.215567
22230	-3810.286	-3956.544	146.2574	0.8450025	0.9403613	0.289054	0.710946	5.087692
22236	-3799.743	-3945.037	145.2942	0.9180977	0.8928822	0.25612	0.74388	5.606664
22242	-3811.944	-3959.499	147.5552	0.9301125	0.8516664	0.319721	0.680279	4.368141
22248	-3799.835	-3945.691	145.8566	0.9646989	0.8855943	0.336177	0.663823	5.275723
22254	-3801.523	-3946.548	145.0251	0.8870877	0.8946428	0.434044	0.565956	5.77014
22260	-3803.232	-3949.633	146.4002	0.9746851	0.8946428	0.403556	0.596444	4.963478
22266	-3793.125	-3938.558	145.4338	0.8465977	0.8557628	0.457035	0.542965	5.591788
22272	-3790.365	-3936.478	146.1125	0.8471233	0.8557628	0.310746	0.689254	5.217517
22278	-3797.287	-3943.352	146.0653	0.8702584	0.8774693	0.341972	0.658028	5.217517
22284	-3800.007	-3948.348	148.3414	0.9724443	0.6974834	0.351165	0.648835	4.003698
22290	-3794.682	-3941.715	147.0334	1.088916	0.9336328	0.384792	0.615208	4.522397
22296	-3809.528	-3956.717	147.1885	1.041919	0.8352279	0.480253	0.519747	4.52227
22302	-3803.973	-3950.951	146.978	1.0722	0.8627663	0.402831	0.597169	4.605987
22308	-3803.692	-3951.558	147.8659	1.133796	0.9178497	0.286121	0.713879	4.035028
22314	-3809.585	-3956.027	146.4419	1.067615	0.8303484	0.37543	0.62457	4.928562
22320	-3802.911	-3949.108	146.1972	0.9915601	1.087144	0.45224	0.54776	4.95899
22326	-3809.012	-3956.215	147.2032	0.9818159	1.053243	0.345821	0.654179	4.419339
22332	-3799.865	-3945.216	145.3515	0.9677064	0.7542537	0.398499	0.601501	5.636006
22338	-3796.908	-3942.394	145.4854	0.8588196	0.8286311	0.388699	0.611301	5.573693
22344	-3799.772	-3944.148	144.3759	0.7745456	0.9305522	0.336596	0.663404	6.164858
22350	-3799.168	-3943.959	144.7914	0.7825283	1.033725	0.41323	0.58677	5.876867
22356	-3803.906	-3948.368	144.4623	0.7920624	0.7658882	0.399445	0.600555	6.209788
22362	-3803.21	-3948.078	144.8677	0.8747346	0.7658882	0.430201	0.569799	5.943842
22368	-3798.187	-3943.85	145.6629	0.8252205	0.7709492	0.349927	0.650073	5.532006
22374	-3806.483	-3952.298	145.8158	0.9600921	0.7968206	0.305906	0.694094	5.356554
22380	-3799.051	-3944.639	145.5875	0.8288931	0.8550094	0.391185	0.608815	5.517513
22386	-3810.043	-3955.66	145.6169	0.8787726	0.8853699	0.447698	0.552302	5.455413
22392	-3798.369	-3944.094	145.7248	0.8715118	0.8199447	0.377883	0.622117	5.440573
22398	-3800.898	-3946.404	145.5066	0.8526405	1.044188	0.488873	0.511127	5.440573
22404	-3798.872	-3943.317	144.4447	0.8099913	0.8602811	0.417906	0.582094	6.149672
22410	-3794.377	-3938.758	144.3804	0.8708757	0.9157831	0.465578	0.534422	6.118509
22416	-3807.418	-3953.776	146.358	0.8758802	0.9345213	0.459665	0.540335	5.018118
22422	-3810.977	-3957.384	146.4068	0.9890541	1.017621	0.362661	0.637339	4.880946
22428	-3808.024	-3954.696	146.6723	0.9456485	0.7850065	0.344114	0.655886	4.897781
22434	-3807.452	-3954.505	147.0531	0.9545222	1.064958	0.320342	0.679658	4.512903
22440	-3804.086	-3949.561	145.4749	0.7619679	0.7794205	0.384758	0.615242	5.664354
22446	-3812.12	-3958.56	146.4402	0.8611139	0.6899657	0.345741	0.654259	5.139768
22452	-3802.868	-3949.245	146.3771	0.9969054	0.7920912	0.301335	0.698665	5.028705
22458	-3805.708	-3951.505	145.7965	0.9525936	0.773646	0.402915	0.597085	5.386596
22464	-3807.988	-3953.637	145.6483	0.8539689	0.8959521	0.351333	0.648667	5.445387
22470	-3812.182	-3956.892	144.7101	0.7892842	0.9009049	0.444352	0.555648	5.991982
22476	-3812.538	-3956.31	143.7716	0.7708043	0.6802701	0.280155	0.719845	6.654798
22482	-3812.126	-3957.395	145.2695	0.9706037	1.008679	0.329154	0.670846	5.525262
22488	-3803.575	-3948.778	145.2032	0.9725429	0.9067876	0.392879	0.607121	5.618439
22494	-3805.664	-3951.527	145.8631	0.9512329	0.8230075	0.338419	0.661581	5.318426
22500	-3811.181	-3955.931	144.7497	0.7050664	0.8656521	0.400539	0.599461	6.037394
22506	-3813.982	-3958.766	144.7841	0.7137329	0.7463704	0.339259	0.660741	6.090309
22512	-3802.453	-3948.397	145.9437	0.8673198	0.9669387	0.35884	0.64116	5.233799
22518	-3806.639	-3953.067	146.4279	0.8951029	0.7341037	0.392511	0.607489	5.096306
22524	-3818.264	-3964.087	145.8234	0.8542159	0.7128657	0.445623	0.554377	5.467657
22530	-3805.475	-3953.696	148.221	1.149835	0.9374885	0.380302	0.619698	3.810428
22536	-3800.509	-3947.677	147.1684	1.03795	0.5776177	0.379776	0.620224	4.723691
22542	-3802.728	-3949.793	147.0645	0.9623825	0.6954715	0.384351	0.615649	4.732081
22548	-3801.286	-3948.122	146.8361	0.9263311	0.8943941	0.426008	0.573992	4.747582
22554	-3798.999	-3945.139	146.1395	0.9020674	0.8460413	0.315971	0.684029	5.178284
22560	-3796.968	-3941.582	144.6136	0.8252908	1.029967	0.38305	0.61695	5.952609
22566	-3807.569	-3952.494	144.9246	0.8016134	0.7660243	0.43757	0.56243	5.952609
22572	-3799.52	-3944.692	145.1717	0.8879206	0.8738239	0.406777	0.593223	5.701855
22578	-3802.03	-3947.121	145.091	0.8903091	0.9094103	0.416067	0.583933	5.723559
22584	-3798.715	-3944.651	145.9359	0.9622273	0.8940894	0.405876	0.594124	5.228124
22590	-3798.865	-3943.384	144.5191	0.8365673	0.8288701	0.383101	0.616899	6.114092
22596	-3799.694	-3945.503	145.8083	0.840858	1.003207	0.311792	0.688208	5.302929
22602	-3804.098	-3949.931	145.8331	0.8961957	0.8784134	0.302507	0.697493	5.330849
22608	-3802.259	-3949.394	147.1351	0.9548429	0.9566416	0.323513	0.676487	4.527075
22614	-3811.64	-3959.624	147.984	1.025789	0.7194108	0.385355	0.614645	4.160804
22620	-3804.442	-3952.214	147.7729	1.06857	0.6760115	0.422416	0.577584	4.288408
22626	-3790.154	-3935.645	145.491	0.8453628	0.7395937	0.401766	0.598234	5.636578
22632	-3803.023	-3949.035	146.0122	0.8402311	0.8269932	0.345528	0.654472	5.294847
22638	-3803.174	-3949.138	145.9644	0.9320324	0.9736442	0.36139	0.63861	5.18275
22644	-3804.419	-3949.74	145.3213	0.8377093	0.7726942	0.360634	0.639366	5.71151
22650	-3809.845	-3954.152	144.3072	0.8093091	0.9436131	0.413339	0.586661	6.175873
22656	-3798.556	-3944.398	145.8419	0.9947498	1.062004	0.363672	0.636328	5.167544
22662	-3795.612	-3940.836	145.2241	0.8550641	0.8231911	0.42547	0.57453	5.722512
22668	-3803.666	-3949.459	145.793	0.8690517	0.8729639	0.403742	0.596258	5.371247
22674	-3806.615	-3952.164	145.5489	0.8690517	0.8270485	0.358833	0.641167	5.534158
22680	-3806.813	-3953.104	146.2911	0.810243	0.6806083	0.368081	0.631919	5.257214
22686	-3806.156	-3952.236	146.0798	0.8444776	0.7365026	0.327997	0.672003	5.315207
22692	-3790.172	-3935.725	145.5523	1.029078	0.7753531	0.311707	0.688293	5.477814
22698	-3794.567	-3940.328	145.7606	0.8578035	0.8678351	0.426525	0.573475	5.398433
22704	-3802.044	-3947.855	145.8116	0.9383397	0.810229	0.394145	0.605855	5.362115
22710	-3793.239	-3939.781	146.5423	1.01317	0.6572005	0.388796	0.611204	5.023168
22716	-3807.668	-3952.462	144.7945	0.815311	0.7648652	0.292572	0.707428	6.01691
22722	-3801.404	-3947.655	146.2512	0.794887	0.7436962	0.378927	0.621073	5.242977
22728	-3803.631	-3950.793	147.1624	1.019852	0.9680914	0.36954	0.63046	4.468509
22734	-3804.591	-3951.674	147.0829	1.065678	0.8213956	0.344879	0.655121	4.577211
22740	-3804.476	-3950.469	145.993	0.9837219	0.8213956	0.344883	0.655117	5.229772
22746	-3794.543	-3939.458	144.9148	0.8317613	0.7868285	0.355095	0.644905	5.92782
22752	-3797.086	-3942.846	145.7598	0.8734888	0.9366896	0.366625	0.633375	5.349222
22758	-3804.056	-3949.779	145.7227	0.9106125	0.9366896	0.343051	0.656949	5.349222
22764	-3804.32	-3949.716	145.396	0.8862859	0.6921424	0.370059	0.629941	5.699557
22770	-3809.261	-3953.843	144.5819	0.760772	0.9693145	0.257873	0.742127	6.038221
22776	-3806.546	-3952.771	146.2251	0.8356968	0.9213988	0.377361	0.622639	5.121867
22782	-3794.15	-3939.486	145.3366	0.8666776	0.9282465	0.392705	0.607295	5.590796
22788	-3791.486	-3937.481	145.9949	0.9583336	0.9116789	0.385199	0.614801	5.187156
22794	-3813.565	-3960.096	146.5308	0.7959587	0.6369014	0.338285	0.661715	5.165445
22800	-3802.243	-3946.381	144.1382	0.7664352	0.6369014	0.367078	0.632922	6.490682
22806	-3804.586	-3951.555	146.969	0.9975513	0.9357227	0.368535	0.631465	4.608602
22812	-3795.053	-3941.612	146.5595	0.954774	0.782902	0.439676	0.560324	4.956848
22818	-3806.551	-3953.538	146.9871	0.954774	0.6206701	0.442579	0.557421	4.836388
22824	-3800.674	-3946.118	145.4436	0.9572216	0.6360523	0.351041	0.648959	5.676171
22830	-3808.663	-3952.84	144.1765	0.8337921	0.7379775	0.306791	0.693209	6.361059
22836	-3807.262	-3952.009	144.747	0.8337921	0.7196979	0.350297	0.649703	6.063436
22842	-3812.348	-3957.291	144.9428	0.8337921	0.6176565	0.346766	0.653234	6.031576
22848	-3802.842	-3948.275	145.4332	0.8766743	0.6813054	0.422909	0.577091	5.692249
22854	-3808.985	-3954.808	145.8236	0.8473028	0.7580586	0.331966	0.668034	5.440109
22860	-3800.735	-3947.34	146.6053	0.9139268	0.6839796	0.455588	0.544412	5.023308
22866	-3806.37	-3953.4	147.0298	0.9668345	0.8964489	0.410797	0.589203	4.615279
22872	-3811.974	-3956.845	144.8711	1.023625	0.6600907	0.402941	0.597059	5.934941
22878	-3799.833	-3945.35	145.5169	0.8852018	1.054918	0.359835	0.640165	5.411235
22884	-3801.25	-3947.181	145.931	0.8676694	1.017491	0.380131	0.619869	5.212466
22890	-3806.867	-3950.647	143.78	0.7919774	1.070956	0.402803	0.597197	6.402798
22896	-3819.397	-3966.225	146.8274	0.9216853	0.7870156	0.467826	0.532174	4.82331
22902	-3789.413	-3933.924	144.511	0.7659928	0.7309631	0.322259	0.677741	6.221026
22908	-3800.351	-3944.455	144.1038	0.7659928	0.7707033	0.483463	0.516537	6.415401
22914	-3796.769	-3942.963	146.1937	0.9815249	0.7717441	0.373774	0.626226	5.152434
22920	-3793.302	-3939.618	146.3156	0.9323072	0.9110264	0.457877	0.542123	5.024217
22926	-3801.151	-3947.346	146.1952	0.8393484	0.8164735	0.412476	0.587524	5.200946
22932	-3795.431	-3941.733	146.3024	0.8845517	0.8256645	0.380358	0.619642	5.110656
22938	-3799.504	-3944.095	144.5913	0.8754033	0.9207445	0.355078	0.644922	5.998201
22944	-3802.822	-3949.273	146.4507	0.914734	0.8889678	0.369846	0.630154	4.972145
22950	-3800.664	-3948.101	147.4369	0.9798905	0.8889678	0.350691	0.649309	4.383504
22956	-3804.908	-3952.337	147.4292	1.061631	0.8229805	0.304116	0.695884	4.383504
22962	-3806.252	-3952.79	146.5381	1.061631	0.9256124	0.416765	0.583235	4.819755
22968	-3812.427	-3957.178	144.7511	0.7724699	0.8850056	0.480037	0.519963	5.988225
22974	-3799.159	-3945.354	146.1942	0.9072854	0.8820449	0.295974	0.704026	5.122871
22980	-3794.665	-3940.846	146.1808	0.910961	0.8998974	0.272326	0.727674	5.117486
22986	-3794.89	-3940.53	145.6401	0.8590702	0.8404476	0.321947	0.678053	5.481077
22992	-3798.432	-3944.096	145.6638	0.8827362	0.7785982	0.3989	0.6011	5.494856
22998	-3805.773	-3951.268	145.4952	0.7802604	0.8211916	0.501972	0.498028	5.61615
23004	-3798.6	-3943.446	144.846	0.7899973	0.85246	0.336179	0.663821	5.946624
23010	-3788.385	-3933.553	145.1679	0.8191991	0.7297065	0.422393	0.577607	5.834688
23016	-3793.852	-3938.915	145.0627	0.8349053	0.7822829	0.355728	0.644272	5.848224
23022	-3808.402	-3953.123	144.7209	0.9550561	0.8094385	0.423235	0.576765	5.951741
23028	-3799.553	-3945.248	145.695	0.8949791	0.8143103	0.343644	0.656356	5.447632
23034	-3803.04	-3949.494	146.4541	0.9106733	0.6473399	0.447574	0.552426	5.136403
23040	-3795.978	-3942.344	146.3664	0.9836165	1.181301	0.461182	0.538818	4.821444
23046	-3797.385	-3944.651	147.2666	1.038949	0.7314938	0.335567	0.664433	4.549983
23052	-3813.304	-3959.682	146.3774	0.9192841	0.9240747	0.378295	0.621705	4.989368
23058	-3817.148	-3963.017	145.8696	0.8046446	0.771082	0.410687	0.589313	5.429524
23064	-3806.451	-3954.883	148.4321	1.145327	0.9876905	0.451469	0.548531	3.661367
23070	-3801.418	-3950.116	148.6979	1.130571	0.8797013	0.324412	0.675588	3.581725
23076	-3796.845	-3944.182	147.337	1.108215	0.9221287	0.394576	0.605424	4.347279
23082	-3804.842	-3950.396	145.5538	1.108215	1.040771	0.296144	0.703856	5.275405
23088	-3806.676	-3953.704	147.028	1.15869	1.062949	0.376912	0.623088	4.413152
23094	-3816.498	-3964.179	147.6807	1.120242	0.632943	0.358562	0.641438	4.344599
23100	-3809.101	-3956.631	147.5295	0.96763	0.8785171	0.374685	0.625315	4.344599
23106	-3798.263	-3944.404	146.1408	0.9571631	0.6420483	0.315347	0.684653	5.288018
23112	-3811.942	-3956.793	144.8508	0.8776369	0.6420483	0.433794	0.566206	6.039174
23118	-3801.705	-3947.941	146.2354	0.9731161	0.8053758	0.445954	0.554046	5.111777
23124	-3793.222	-3938.93	145.7085	0.9301679	0.8490597	0.446673	0.553327	5.398879
23130	-3793.066	-3938.965	145.8986	0.8410136	1.029338	0.383771	0.616229	5.238687
23136	-3798.093	-3945.758	147.665	1.027404	0.7201006	0.390249	0.609751	4.340197
23142	-3797.85	-3943.969	146.1194	0.8899818	0.6950668	0.355702	0.644298	5.297525
23148	-3805.342	-3952.743	147.401	0.9081059	0.7100562	0.402276	0.597724	4.563349
23154	-3804.038	-3949.613	145.5744	0.8397044	1.047296	0.405132	0.594868	5.408698
23160	-3798.801	-3945.376	146.5756	1.016516	0.7771197	0.378116	0.621884	4.917436
23166	-3811.516	-3957.341	145.8252	0.8282526	0.6937349	0.433286	0.566714	5.494639
23172	-3805.161	-3951.714	146.5532	0.9767152	0.8221543	0.347652	0.652348	4.922416
23178	-3801.325	-3947.228	145.9032	0.7763692	0.7339373	0.419843	0.580157	5.451867
23184	-3803.689	-3948.058	144.3684	0.7797375	0.9184506	0.415516	0.584484	6.173066
23190	-3804.979	-3949.41	144.4314	0.8357272	0.8117636	0.268566	0.731434	6.173066
23196	-3803.516	-3949.772	146.256	0.8253607	0.7730076	0.421854	0.578146	5.203558
23202	-3816.37	-3962.021	145.6504	0.7709413	0.823862	0.302692	0.697308	5.534295
23208	-3808.747	-3956.041	147.2937	0.8946509	0.5773871	0.300235	0.699765	4.733971
23214	-3801.181	-3946.231	145.0504	0.8698896	0.7164351	0.308305	0.691695	5.880406
23220	-3805.308	-3952.027	146.7198	1.013884	0.867305	0.396674	0.603326	4.780278
23226	-3801.127	-3946.515	145.3885	0.805895	0.8251884	0.389623	0.610377	5.658066
23232	-3796.636	-3942.474	145.8381	0.9358128	0.9303082	0.353324	0.646676	5.275341
23238	-3815.996	-3960.589	144.5924	0.8610502	0.9573468	0.35263	0.64737	5.984538
23244	-3809.174	-3956.075	146.901	1.079024	0.6675588	0.371053	0.628947	4.778953
23250	-3807.201	-3952.207	145.0068	0.9136241	1.026543	0.292294	0.707706	5.69109
23256	-3808.076	-3952.252	144.1761	0.8762793	0.9762606	0.402485	0.597515	6.192453
23262	-3807.481	-3953.096	145.6154	0.833355	0.9428522	0.474288	0.525712	5.447399
23268	-3801.751	-3947.492	145.7406	0.8414983	0.8669416	0.454678	0.545322	5.419026
23274	-3792.168	-3938.667	146.4988	0.8506326	0.7501758	0.384192	0.615808	5.070531
23280	-3796.372	-3941.239	144.8665	0.8145119	0.8024502	0.360221	0.639779	5.953496
23286	-3796.532	-3941.264	144.7322	0.9015043	0.843297	0.279297	0.720703	5.953496
23292	-3802.287	-3947.856	145.5682	0.8525656	0.8819101	0.30073	0.69927	5.498677
23298	-3807.918	-3953.042	145.1244	0.9036242	0.8819101	0.31373	0.68627	5.714323
23304	-3802.128	-3947.223	145.0957	0.8125042	0.9099654	0.494963	0.505037	5.763246
23310	-3795.793	-3940.348	144.5558	0.796564	0.7296581	0.406017	0.593983	6.180917
23316	-3796.825	-3943.055	146.2305	0.8072476	0.802005	0.473617	0.526383	5.208516
23322	-3797.494	-3943.69	146.1955	0.8531488	0.7557491	0.395557	0.604443	5.233269
23328	-3798.073	-3943.525	145.4522	0.9296543	0.8524619	0.427626	0.572374	5.538122
23334	-3794.626	-3939.841	145.2143	1.014538	0.8604623	0.4133	0.5867	5.617224
23340	-3784.622	-3929.791	145.1689	0.926209	0.696173	0.377039	0.622961	5.79918
23346	-3799.071	-3945.638	146.5674	0.8907194	0.9203652	0.297118	0.702882	4.901759
23352	-3810.32	-3957.221	146.9017	1.051762	0.9203652	0.330345	0.669655	4.625051
23358	-3804.155	-3951.015	146.8599	1.060691	0.8239601	0.403476	0.596524	4.703309
23364	-3798.675	-3945.884	147.2093	0.9818012	0.7990768	0.375277	0.624723	4.567964
23370	-3805.277	-3951.171	145.8939	0.9501281	0.8757662	0.286599	0.713401	5.269141
23376	-3809.365	-3955.049	145.684	0.8232995	1.044678	0.330651	0.669349	5.358718
23382	-3806.186	-3953.04	146.8535	1.00855	0.8954695	0.439231	0.560769	4.691253
23388	-3797.721	-3945.701	147.9804	1.085778	0.7936293	0.368148	0.631852	4.07679
23394	-3803.229	-3950.599	147.3705	1.025121	0.9993583	0.436846	0.563154	4.330327
23400	-3815.045	-3961.091	146.046	1.006398	0.8136146	0.258565	0.741435	5.192889
23406	-3806.895	-3951.669	144.774	0.9126606	0.8057664	0.401677	0.598323	5.948283
23412	-3820.455	-3964.816	144.3606	0.8932891	0.9830231	0.406152	0.593848	6.078974
23418	-3816.448	-3962.578	146.1304	0.8729367	1.041991	0.341488	0.658512	5.085865
23424	-3799.671	-3945.032	145.3608	0.9366997	0.845954	0.317639	0.682361	5.58849
23430	-3802.603	-3948.083	145.4798	0.9111002	0.8460799	0.404516	0.595484	5.537083
23436	-3805.093	-3949.72	144.6269	0.8716865	0.8648128	0.287345	0.712655	6.014017
23442	-3806.95	-3952.746	145.7953	0.8473741	0.7684069	0.384165	0.615835	5.448694
23448	-3805.179	-3950.069	144.89	0.8096495	0.7684069	0.406107	0.593893	5.965543
23454	-3808.846	-3954.153	145.3072	0.9696443	0.9620616	0.300734	0.699266	5.530957
23460	-3811.229	-3955.719	144.4896	0.9024746	0.7112944	0.387234	0.612766	6.172044
23466	-3802.255	-3948.179	145.9247	0.9112833	0.8237924	0.369705	0.630295	5.305949
23472	-3803.021	-3948.364	145.343	1.033363	0.828809	0.314788	0.685212	5.555925
23478	-3792.219	-3938.484	146.2647	0.9526644	0.8838882	0.37255	0.62745	5.057468
23484	-3797.317	-3943.311	145.9946	0.957088	0.949733	0.431655	0.568345	5.165789
23490	-3785.182	-3930.314	145.1328	0.875417	0.8973808	0.317439	0.682561	5.715896
23496	-3809.265	-3954.566	145.3018	0.9636377	0.8973808	0.430617	0.569383	5.574803
23502	-3811.401	-3956.784	145.383	0.9774474	0.8554867	0.40792	0.59208	5.548
23508	-3821.41	-3967.05	145.6396	1.135163	0.7815266	0.382505	0.617495	5.367192
23514	-3810.544	-3955.538	144.9946	0.8476068	0.8307757	0.414627	0.585373	5.847419
23520	-3826.107	-3972.376	146.2691	1.149304	1.044624	0.333684	0.666316	4.853691
23526	-3812.28	-3960.311	148.0303	1.013404	1.044624	0.302151	0.697849	3.936301
23532	-3800.815	-3949.057	148.2417	1.112935	0.7583631	0.392848	0.607152	3.936301
23538	-3811.396	-3959.108	147.7116	1.13604	0.5856414	0.292434	0.707566	4.356643
23544	-3797.985	-3945.805	147.8198	1.130186	0.8216501	0.360686	0.639314	4.124217
23550	-3793.859	-3941.837	147.9777	1.082456	0.8257157	0.393278	0.606722	4.058795
23556	-3808.639	-3955.447	146.808	1.103284	0.7788355	0.361115	0.638885	4.738253
23562	-3811.145	-3958.259	147.1141	0.9793984	0.6973089	0.376809	0.623191	4.693431
23568	-3814.658	-3960.948	146.2899	0.9737096	0.7728576	0.346038	0.653962	5.102767
23574	-3810.153	-3957.227	147.0747	0.881919	0.865793	0.387755	0.612245	4.656565
23580	-3805.934	-3953.647	147.7125	1.056042	0.6554408	0.32555	0.67445	4.345311
23586	-3795.744	-3940.504	144.7603	0.844037	0.9114653	0.344763	0.655237	5.928487
23592	-3793.944	-3939.783	145.8387	0.995225	0.729401	0.362553	0.637447	5.369975
23598	-3797.589	-3943.425	145.8358	0.8417386	0.7629216	0.343642	0.656358	5.433191
23604	-3799.672	-3945.348	145.6765	0.8616493	0.8833946	0.342963	0.657037	5.433191
23610	-3813.401	-3958.58	145.1788	0.7725529	0.7109223	0.309754	0.690246	5.867312
23616	-3806.107	-3950.836	144.7288	0.8354611	0.8672246	0.469801	0.530199	5.976737
23622	-3794.758	-3938.538	143.7798	0.7983352	0.7704712	0.341884	0.658116	6.573576
23628	-3787.2	-3931.606	144.4065	0.8277762	1.001004	0.334507	0.665493	6.079805
23634	-3790.111	-3936.268	146.1569	0.8994375	0.7946085	0.348132	0.651868	5.20308
23640	-3795.026	-3939.145	144.1187	0.8375349	1.005889	0.448615	0.551385	6.228509
23646	-3799.411	-3944.085	144.6734	0.8809198	0.8592784	0.462697	0.537303	5.987003
23652	-3798.134	-3943.166	145.0322	0.8512959	0.8979238	0.289818	0.710182	5.783885
23658	-3798.725	-3943.561	144.8367	0.8512959	1.092348	0.378481	0.621519	5.783885
23664	-3795.829	-3940.249	144.4196	0.8102303	0.8020637	0.344906	0.655094	6.199535
23670	-3803.482	-3948.491	145.0099	0.873911	0.8974608	0.468367	0.531633	5.783969
23676	-3804.408	-3948.939	144.5309	0.6808671	0.8065331	0.362743	0.637257	6.206518
23682	-3812.558	-3955.439	142.8814	0.7744902	0.8324734	0.365265	0.634735	7.031814
23688	-3812.19	-3957.377	145.1866	0.8674223	0.9387747	0.424243	0.575757	5.666598
23694	-3802.519	-3948.001	145.4812	0.8674223	0.6547907	0.417514	0.582486	5.690612
23700	-3802.881	-3948.005	145.1248	0.9682716	0.7601777	0.312886	0.687114	5.755955
23706	-3798.547	-3943.696	145.149	0.9606408	0.8139014	0.37281	0.62719	5.711739
23712	-3801.431	-3947.598	146.1671	0.9606408	0.9838665	0.369214	0.630786	5.048805
23718	-3810.118	-3955.247	145.1294	0.924106	0.8777486	0.430085	0.569915	5.702845
23724	-3807.419	-3953.528	146.1084	0.9571839	0.951672	0.399091	0.600909	5.1016
23730	-3802.234	-3947.982	145.7475	0.8586028	0.7939795	0.49009	0.50991	5.451933
23736	-3804.049	-3950.49	146.4417	0.9583504	0.925955	0.35776	0.64224	4.930782
23742	-3799.442	-3944.983	145.5412	0.9446079	0.9481909	0.384324	0.615676	5.423907
23748	-3812.967	-3958.661	145.6936	0.7966277	0.9996177	0.237662	0.762338	5.392539
23754	-3801.621	-3948.223	146.6018	0.8683467	0.9248448	0.351639	0.648361	4.892412
23760	-3800.042	-3945.818	145.7763	0.908006	0.8159401	0.45226	0.54774	5.394652
23766	-3805.943	-3950.391	144.4482	0.8401701	1.015737	0.390889	0.609111	6.042344
23772	-3803.682	-3948.526	144.8441	0.7115533	0.9377988	0.347667	0.652333	5.939856
23778	-3798.367	-3944.608	146.2417	0.8861824	0.8046221	0.38589	0.61411	5.156959
23784	-3796.13	-3941.159	145.0288	0.9243099	1.076895	0.28304	0.71696	5.64656
23790	-3798.988	-3944.989	146.0005	0.8879636	1.274364	0.391762	0.608238	5.033972
23796	-3804.963	-3951.004	146.0411	1.009431	1.21123	0.317082	0.682918	4.973652
23802	-3802.006	-3947.529	145.523	0.9476874	0.7010568	0.448644	0.551356	5.58979
23808	-3803.2	-3948.409	145.2089	0.9092267	0.6126978	0.391224	0.608776	5.84901
23814	-3799.129	-3945.429	146.3004	0.8785897	0.9042883	0.337682	0.662318	5.066464
23820	-3801.67	-3949.034	147.3637	1.046028	0.7196269	0.393719	0.606281	4.49988
23826	-3816.018	-3962.356	146.3383	0.8401206	0.648047	0.349148	0.650852	5.238953
23832	-3807.818	-3952.241	144.4223	0.6935005	0.9242626	0.332622	0.667378	6.187314
23838	-3800.502	-3945.315	144.8132	0.8606862	0.655898	0.335901	0.664099	6.058511
23844	-3796.504	-3940.805	144.3014	0.857628	1.073291	0.362076	0.637924	6.082494
23850	-3816.752	-3962.716	145.9637	0.8858433	0.7578529	0.324888	0.675112	5.341812
23856	-3806.224	-3951.823	145.5984	0.8858433	0.8029268	0.38213	0.61787	5.513182
23862	-3810.134	-3956.324	146.1901	0.9426926	0.9557021	0.346991	0.653009	5.061985
23868	-3811.106	-3957.229	146.1227	0.9561715	0.8747449	0.361335	0.638665	5.139862
23874	-3802.891	-3947.341	144.4505	0.8486076	0.8722182	0.317178	0.682822	6.118255
23880	-3825.491	-3969.596	144.1046	0.890977	0.9584974	0.36946	0.63054	6.233199
23886	-3804.253	-3949.718	145.4651	0.8155687	0.8965166	0.333436	0.666564	5.566961
23892	-3809.878	-3955.754	145.876	0.857903	0.6585376	0.295884	0.704116	5.476207
23898	-3800.618	-3947.268	146.6508	0.9318973	0.8861818	0.277196	0.722804	4.852909
23904	-3793.129	-3939.334	146.2051	1.031782	0.9293557	0.363395	0.636605	5.019476
23910	-3792.929	-3939.801	146.8718	1.018051	0.9293557	0.36719	0.63281	4.655357
23916	-3802.19	-3947.566	145.3761	0.8785473	0.8294723	0.444965	0.555035	5.622345
23922	-3807.054	-3953.306	146.2517	0.9428227	0.8592483	0.371365	0.628635	5.085311
23928	-3809.256	-3955.573	146.3161	0.8736159	0.8592483	0.380122	0.619878	5.087997
23934	-3810.725	-3955.992	145.2669	0.8803333	0.8084768	0.306076	0.693924	5.694605
23940	-3802.006	-3949.106	147.0999	0.9546581	0.8026902	0.285058	0.714942	4.64217
23946	-3807.869	-3956.313	148.4439	1.107373	0.7691874	0.432454	0.567546	3.815846
23952	-3810.065	-3958.325	148.2594	1.090618	0.9484489	0.367347	0.632653	3.815846
23958	-3802.286	-3950.029	147.7437	0.9695517	0.7520708	0.288222	0.711778	4.305731
23964	-3808.682	-3954.104	145.4226	0.7458598	0.8270706	0.396339	0.603661	5.671103
23970	-3805.075	-3950.311	145.2354	0.853348	0.8791471	0.378231	0.621769	5.682705
23976	-3801.476	-3947.558	146.0824	0.9830888	0.8306203	0.398201	0.601799	5.174776
23982	-3792.452	-3937.748	145.2965	0.8942414	0.7460128	0.388792	0.611208	5.712051
23988	-3799.517	-3945.601	146.0839	0.7954244	0.7612599	0.338451	0.661549	5.323109
23994	-3795.524	-3942.051	146.5267	0.8541131	0.7028158	0.33251	0.66749	5.086404
24000	-3809.632	-3955.701	146.0686	0.961696	0.8768899	0.355674	0.644326	5.165456
24006	-3816.779	-3963.064	146.2856	1.091531	0.7090759	0.438599	0.561401	5.083957
24012	-3809.561	-3956.627	147.0652	0.930041	0.8693552	0.295948	0.704052	4.63271
24018	-3812.62	-3957.655	145.0354	0.9424935	0.8693552	0.435964	0.564036	5.749337
24024	-3806.713	-3953.302	146.5899	0.8177723	0.7714224	0.37219	0.62781	5.02378
24030	-3800.585	-3947.206	146.6208	0.905003	0.7712281	0.358331	0.641669	4.958248
24036	-3811.246	-3957.192	145.9456	0.9629072	0.9884769	0.34266	0.65734	5.167726
24042	-3802.485	-3948.804	146.3187	0.779038	0.755131	0.335415	0.664585	5.206588
24048	-3807.977	-3954.116	146.1384	0.9262362	0.8438672	0.360169	0.639831	5.166867
24054	-3812.242	-3957.064	144.8222	0.7829555	0.895005	0.311609	0.688391	5.937769
24060	-3807.294	-3953.523	146.2293	0.8837876	0.8148389	0.343032	0.656968	5.158518
24066	-3816.466	-3960.801	144.3349	0.9577823	0.6863916	0.37379	0.62621	6.243717
24072	-3818.65	-3963.757	145.1072	0.9611636	0.6863916	0.26038	0.73962	5.820833
24078	-3810.315	-3955.803	145.4874	0.9234673	1.023507	0.387577	0.612423	5.423242
24084	-3805.564	-3951.435	145.8712	0.9096067	0.9431939	0.378297	0.621703	5.264063
24090	-3809.745	-3954.83	145.0846	0.8239952	0.8833871	0.328593	0.671407	5.778821
24096	-3795.854	-3940.838	144.9837	0.8463359	0.8833871	0.441033	0.558967	5.821784
24102	-3799.749	-3945.01	145.2608	0.8568301	1.000498	0.425607	0.574393	5.59701
24108	-3812.463	-3957.122	144.6586	0.7854909	0.9992487	0.389145	0.610855	5.966352
24114	-3811.95	-3958.402	146.4524	0.9173993	0.996313	0.318506	0.681494	4.907302
24120	-3809.155	-3955.976	146.8212	0.9916036	0.7006461	0.307076	0.692924	4.847815
24126	-3803.073	-3948.991	145.9186	0.8796645	0.6986475	0.34831	0.65169	5.411344
24132	-3803.999	-3952.029	148.0304	0.9531393	0.6631916	0.294077	0.705923	4.21763
24138	-3810.743	-3956.829	146.0858	0.9197058	0.8487641	0.307168	0.692832	5.196523
24144	-3812.933	-3959.249	146.3165	0.8941918	0.8054656	0.394732	0.605268	5.110525
24150	-3796.546	-3942.126	145.58	0.9341692	1.118152	0.41757	0.58243	5.316703
24156	-3802.362	-3948.419	146.0564	0.9732815	0.9051469	0.412053	0.587947	5.148724
24162	-3824.644	-3969.64	144.9965	0.8335958	0.8642523	0.439209	0.560791	5.83334
24168	-3814.029	-3958.077	144.048	0.8091228	1.004093	0.373544	0.626456	6.283316
24174	-3811.243	-3955.86	144.617	0.8269372	0.8610437	0.328613	0.671387	6.046136
24180	-3810.932	-3955.88	144.9486	0.7814004	0.9616828	0.398591	0.601409	5.831007
24186	-3820.616	-3964.739	144.1226	0.8067032	0.9155109	0.26194	0.73806	6.293753
24192	-3812.47	-3956.906	144.4364	0.7192201	0.8889465	0.261621	0.738379	6.186355
24198	-3806.17	-3951.95	145.7805	0.8574493	1.031003	0.518866	0.481134	5.293985
24204	-3806.338	-3953.116	146.7781	0.9786176	0.911571	0.367388	0.632612	4.74042
24210	-3806.671	-3954.883	148.2127	1.009096	0.8456766	0.429328	0.570672	3.953405
24216	-3811.236	-3959.181	147.9457	1.022548	0.7593592	0.354323	0.645677	4.156022
24222	-3819.707	-3966.417	146.7102	0.9427671	1.041711	0.389688	0.610312	4.724333
24228	-3808.249	-3954.987	146.7377	1.041911	0.9170803	0.414743	0.585257	4.724333
24234	-3806.986	-3953.699	146.7134	0.9677278	1.012983	0.31625	0.68375	4.724333
24240	-3813.288	-3958.177	144.8888	0.8184569	0.9272931	0.335783	0.664217	5.863092
24246	-3798.76	-3943.905	145.1455	0.8396577	0.7583487	0.379361	0.620639	5.81624
24252	-3800.324	-3945.502	145.1774	0.8564155	0.6618553	0.251963	0.748037	5.857658
24258	-3802.036	-3946.954	144.9181	0.8968232	0.6084526	0.342949	0.657051	6.017862
24264	-3802.765	-3947.766	145.0011	0.8354515	0.7966033	0.345753	0.654247	5.872295
24270	-3808.78	-3953.904	145.124	0.8177718	0.7966033	0.298005	0.701995	5.814737
24276	-3808.355	-3953.938	145.5835	0.8910573	0.8648762	0.359645	0.640355	5.479485
24282	-3801.543	-3946.944	145.4015	0.8069434	0.8367671	0.343328	0.656672	5.643076
24288	-3803.441	-3949.833	146.3925	0.9315744	0.7637784	0.493677	0.506323	5.075335
24294	-3804.527	-3952.137	147.61	1.022781	0.7540273	0.399074	0.600926	4.349855
24300	-3803.262	-3949.589	146.3265	0.9882457	0.8458307	0.303271	0.696729	5.026963
24306	-3798.972	-3945.703	146.7311	1.000565	0.9664094	0.292515	0.707485	4.722331
24312	-3799.152	-3945.623	146.4707	0.9307666	0.8150687	0.286749	0.713251	4.998421
24318	-3784.676	-3931.182	146.5055	1.010386	0.8103555	0.374241	0.625759	4.937903
24324	-3786.121	-3932.993	146.8715	0.9741815	0.8103555	0.414357	0.585643	4.754025
24330	-3789.466	-3935.68	146.2139	0.9662382	0.9375962	0.307888	0.692112	5.046207
24336	-3799.384	-3944.562	145.1774	0.8983924	1.026914	0.456725	0.543275	5.60565
24342	-3808.957	-3952.255	143.2982	0.7906017	1.026914	0.367856	0.632144	6.687371
24348	-3810.214	-3954.77	144.5564	0.8961798	0.9575774	0.327676	0.672324	5.984885
24354	-3796.602	-3941.188	144.5862	0.773284	0.8620092	0.490949	0.509051	6.091548
24360	-3809.211	-3955.715	146.5048	0.9455775	0.781776	0.347039	0.652961	4.993098
24366	-3801.529	-3948.134	146.605	0.9544465	0.6947603	0.413325	0.586675	4.993098
24372	-3808.786	-3955.52	146.7341	1.013095	0.745763	0.353974	0.646026	4.852437
24378	-3811.759	-3957.985	146.2256	1.00028	0.6268694	0.355918	0.644082	5.229004
24384	-3809.356	-3955.88	146.524	0.9827047	0.9874549	0.34003	0.65997	4.835967
24390	-3796.017	-3942.487	146.4699	1.080873	0.7011388	0.344805	0.655195	4.99331
24396	-3800.098	-3946.711	146.6126	0.9727866	0.7932614	0.418444	0.581556	4.910389
24402	-3807.272	-3952.676	145.4045	0.9827089	1.035892	0.388231	0.611769	5.429611
24408	-3800.086	-3945.386	145.3001	0.8906084	0.8327452	0.398061	0.601939	5.655366
24414	-3810.96	-3957.166	146.2055	0.8747704	1.039254	0.439113	0.560887	5.044674
24420	-3801.558	-3947.048	145.4897	0.8795539	0.7850071	0.363469	0.636531	5.588025
24426	-3796.139	-3941.575	145.4368	0.8965072	0.6299088	0.333879	0.666121	5.717884
24432	-3795.566	-3941.494	145.9275	0.8650995	0.7140684	0.296308	0.703692	5.403506
24438	-3798.728	-3944.416	145.6882	0.7922194	0.8929254	0.360743	0.639257	5.459258
24444	-3798.951	-3944.917	145.966	0.9741496	0.7179059	0.312693	0.687307	5.319418
24450	-3814.601	-3961.749	147.1471	0.9533977	0.8957694	0.309268	0.690732	4.557375
24456	-3820.327	-3968.588	148.2611	1.271766	0.6878499	0.314774	0.685226	3.885522
24462	-3803.589	-3950.352	146.7631	0.9809189	0.6935021	0.363983	0.636017	4.891327
24468	-3814.025	-3959.892	145.867	0.9621665	0.6760998	0.346206	0.653794	5.410729
24474	-3812.247	-3957.086	144.839	0.9824557	0.6639391	0.326198	0.673802	5.972073
24480	-3800.866	-3946.535	145.6696	0.9083709	0.8619965	0.397441	0.602559	5.424336
24486	-3805.624	-3949.792	144.1682	0.8702129	0.9047273	0.384307	0.615693	6.240734
24492	-3811.5	-3956.915	145.4149	0.916788	0.8578125	0.49947	0.50053	5.562381
24498	-3803.566	-3948.907	145.3407	0.8861414	0.9551493	0.384343	0.615657	5.562381
24504	-3811.105	-3956.933	145.8278	0.7984041	0.7714149	0.353686	0.646314	5.455755
24510	-3805.265	-3950.346	145.0815	0.8201745	0.8432511	0.400289	0.599711	5.807113
24516	-3794.92	-3940.078	145.1577	0.7832404	0.6973022	0.450312	0.549688	5.882653
24522	-3796.152	-3942.458	146.306	0.9196008	0.9910955	0.400351	0.599649	4.990428
24528	-3798.629	-3945.96	147.3316	0.9616356	0.8037103	0.381631	0.618369	4.507522
24534	-3801.472	-3947.556	146.0837	0.9171997	0.9867938	0.316004	0.683996	5.117511
24540	-3806.456	-3952.857	146.4003	0.9365986	0.8836625	0.417771	0.582229	4.991246
24546	-3825.457	-3972.236	146.779	1.01023	0.8255229	0.321646	0.678354	4.775714
24552	-3803.04	-3948.386	145.3453	0.8046431	0.8314992	0.287386	0.712614	5.678489
24558	-3803.686	-3947.953	144.2674	0.8458412	0.7878059	0.358919	0.641081	6.272107
24564	-3804.998	-3950.626	145.6277	0.9492822	0.9340833	0.400357	0.599643	5.3818
24570	-3802.567	-3948.298	145.7313	0.9843176	0.9340833	0.295744	0.704256	5.305341
24576	-3809.377	-3955.352	145.9753	0.8929135	0.6710459	0.296884	0.703116	5.392924
24582	-3801.589	-3945.857	144.2671	0.8419896	0.9210572	0.417354	0.582646	6.192821
24588	-3808.747	-3951.5	142.7533	0.7079512	0.7748896	0.395415	0.604585	7.172959
24594	-3807.057	-3954.638	147.5809	1.041031	0.8191521	0.368549	0.631451	4.311979
24600	-3809.813	-3954.925	145.1118	0.9383601	0.7941453	0.42242	0.57758	5.757025
24606	-3802.18	-3947.166	144.9865	0.92016	0.8331375	0.332915	0.667085	5.810694
24612	-3809.802	-3955.19	145.3874	1.000768	0.7763834	0.386366	0.613634	5.583316
24618	-3808.012	-3955.294	147.2817	1.057628	0.931122	0.292518	0.707482	4.40169
24624	-3807.018	-3953.844	146.826	1.084007	1.033624	0.31966	0.68034	4.584739
24630	-3800.712	-3946.491	145.7788	0.9110806	1.033624	0.485407	0.514593	5.263859
24636	-3792.366	-3936.838	144.4717	0.9362103	0.7554084	0.29785	0.70215	6.133228
24642	-3798.176	-3943.006	144.8301	0.7551306	0.7181057	0.393669	0.606331	6.062093
24648	-3807.063	-3952.041	144.9774	0.8895233	0.7420212	0.442562	0.557438	5.891915
24654	-3798.688	-3945.138	146.4504	1.04394	1.158258	0.346489	0.653511	4.752316
24660	-3810.491	-3957.546	147.0557	0.973052	0.8681268	0.283482	0.716518	4.614706
24666	-3798.443	-3943.446	145.0037	0.9019177	1.027886	0.447782	0.552218	5.698473
24672	-3804.835	-3950.548	145.7125	0.7672416	0.784144	0.4643	0.5357	5.527891
24678	-3797.806	-3942.707	144.9003	0.8496536	0.8593433	0.302774	0.697226	5.880129
24684	-3808.793	-3955.493	146.7001	1.005486	0.797052	0.210088	0.789912	4.840964
24690	-3794.916	-3941.469	146.553	1.037358	0.9457959	0.330623	0.669377	4.813136
24696	-3794.981	-3942.001	147.0203	0.9407172	0.9047314	0.360857	0.639143	4.63018
24702	-3808.045	-3954.358	146.3128	0.9918902	0.8386111	0.232532	0.767468	5.037099
24708	-3808.904	-3954.631	145.7274	1.037832	0.8386111	0.372588	0.627412	5.335649
24714	-3805.149	-3951.264	146.1157	1.008207	0.8923817	0.345969	0.654031	5.104168
24720	-3792.042	-3938.258	146.2153	0.9384864	0.8652603	0.343683	0.656317	5.104168
24726	-3808.663	-3954.843	146.18	0.9761467	0.685131	0.377252	0.622748	5.223613
24732	-3818.502	-3963.291	144.7889	0.8530463	0.7341952	0.313914	0.686086	6.020062
24738	-3809.395	-3954.75	145.355	0.7803121	0.8207858	0.390488	0.609512	5.693273
24744	-3804.524	-3949.651	145.1272	0.9426149	0.8095651	0.307395	0.692605	5.736316
24750	-3810.671	-3957.173	146.5021	1.053723	0.8095651	0.350594	0.649406	4.916192
24756	-3818.428	-3965.76	147.3316	0.9640754	0.7617878	0.44102	0.55898	4.534398
24762	-3808.613	-3955.87	147.2567	1.072543	0.7347161	0.384774	0.615226	4.534398
24768	-3815.551	-3962.812	147.2616	1.025992	0.7347161	0.37352	0.62648	4.557802
24774	-3806.371	-3952.189	145.8178	0.9370675	0.7589278	0.377802	0.622198	5.393282
24780	-3797.999	-3943.812	145.813	0.8439662	0.8418862	0.382286	0.617714	5.393282
24786	-3797.027	-3942.665	145.6379	0.9409991	0.912672	0.341339	0.658661	5.393282
24792	-3795.428	-3942.338	146.9094	0.9618499	0.8514943	0.413309	0.586691	4.713291
24798	-3798.4	-3944.148	145.7474	0.8485912	0.8514943	0.433018	0.566982	5.420902
24804	-3801.878	-3947.623	145.7448	0.8542113	0.5369315	0.457094	0.542906	5.647879
24810	-3820.66	-3965.498	144.8377	0.7548261	0.9778048	0.430164	0.569836	5.897158
24816	-3804.371	-3948.695	144.3248	0.8712098	0.9302218	0.431753	0.568247	6.140253
24822	-3799.717	-3943.987	144.271	0.7342329	0.8311723	0.348682	0.651318	6.303235
24828	-3801.796	-3945.871	144.0749	0.9576091	0.840732	0.408109	0.591891	6.282462
24834	-3792.594	-3938.603	146.009	1.004217	1.098536	0.338974	0.661026	5.050597
24840	-3811.148	-3954.594	143.4464	0.8979071	1.018926	0.349175	0.650825	6.553411
24846	-3801.743	-3945.977	144.2335	0.8431187	0.8126392	0.351662	0.648338	6.276062
24852	-3796.095	-3940.612	144.5167	0.8401674	0.9492243	0.350068	0.649932	6.041768
24858	-3809.198	-3954.4	145.2021	0.7551927	0.8864037	0.332443	0.667557	5.750323
24864	-3811.054	-3955.138	144.084	0.8535974	0.8864037	0.409741	0.590259	6.306345
24870	-3812.795	-3957.704	144.9092	1.023299	0.9071652	0.30128	0.69872	5.751563
24876	-3793.973	-3940.759	146.7855	1.003328	0.9071652	0.373091	0.626909	4.725108
24882	-3810.923	-3954.866	143.9425	0.8008719	0.8521447	0.338191	0.661809	6.432336
24888	-3810.982	-3955.407	144.4256	0.8434542	0.9555012	0.302257	0.697743	6.08609
24894	-3810.835	-3954.172	143.3377	0.765741	0.8954469	0.340786	0.659214	6.752664
24900	-3802.373	-3947.163	144.7901	0.861977	0.8954469	0.385761	0.614239	5.911887
24906	-3791.02	-3935.325	144.3056	0.8336138	0.9273518	0.38994	0.61006	6.172825
24912	-3794.08	-3939.48	145.3996	0.924131	0.9273518	0.459485	0.540515	5.525143
24918	-3797.307	-3942.788	145.481	0.9328494	0.9801283	0.432426	0.567574	5.445448
24924	-3797.532	-3943.178	145.6457	0.8838807	0.8082921	0.355672	0.644328	5.484785
24930	-3793.417	-3937.605	144.188	0.9427862	0.7563194	0.308034	0.691966	6.283298
24936	-3799.484	-3946.401	146.9167	0.9831859	0.8634468	0.445419	0.554581	4.689784
24942	-3797.854	-3943.704	145.8499	0.9701735	0.8512123	0.367335	0.632665	5.297459
24948	-3800.367	-3945.245	144.8778	0.9785942	1.005055	0.371695	0.628305	5.737775
24954	-3803.837	-3947.82	143.9823	0.8754451	0.8816398	0.334985	0.665015	6.352551
24960	-3794.082	-3938.086	144.0044	0.8209436	0.8203318	0.361555	0.638445	6.407634
24966	-3800.741	-3944.111	143.3692	0.7972646	0.9595949	0.42329	0.57671	6.681956
24972	-3818.761	-3963.256	144.4951	0.8949809	0.9756156	0.351026	0.648974	6.008863
24978	-3808.058	-3952.728	144.6703	0.8828679	0.7199409	0.37358	0.62642	6.078301
24984	-3800.954	-3946.764	145.8106	0.9431124	0.8902727	0.442067	0.557933	5.310198
24990	-3802.894	-3946.932	144.0374	0.8780964	0.8230337	0.380787	0.619213	6.357039
24996	-3811.24	-3957.026	145.7863	0.9723629	0.7150034	0.40252	0.59748	5.421515
25002	-3811.748	-3958.494	146.7464	1.032883	0.724473	0.482946	0.517054	4.849418
25008	-3815.994	-3964.175	148.1813	1.151296	0.724473	0.323437	0.676563	3.973132
25014	-3810.483	-3957.128	146.6445	1.046811	0.959366	0.329145	0.670855	4.748901
25020	-3800.579	-3946.64	146.0613	0.9813745	0.977164	0.419144	0.580856	5.099758
25026	-3806.451	-3950.944	144.4927	0.9565231	0.8512176	0.312322	0.687678	6.049229
25032	-3822.552	-3968.37	145.8177	0.7923543	0.9098744	0.449167	0.550833	5.377754
25038	-3821.632	-3965.317	143.685	0.785188	0.9098744	0.344081	0.655919	6.545981
25044	-3819.35	-3966.264	146.9144	0.9773813	1.033311	0.451987	0.548013	4.595112
25050	-3817.535	-3964.293	146.7578	1.081227	1.347932	0.330817	0.669183	4.46919
25056	-3803.1	-3950.27	147.1696	1.07411	0.840163	0.357776	0.642224	4.511639
25062	-3803.795	-3948.814	145.0188	0.7676325	0.9116086	0.371067	0.628933	5.828913
25068	-3801.066	-3947.147	146.0805	0.7957263	0.7646203	0.350148	0.649852	5.322517
25074	-3796.107	-3943.318	147.2103	0.9759202	0.8172219	0.362202	0.637798	4.558762
25080	-3801.306	-3947.596	146.2906	0.8812511	0.7899557	0.364387	0.635613	5.142192
25086	-3805.89	-3952.315	146.4248	0.9043121	0.7899557	0.377746	0.622254	5.055029
25092	-3801.158	-3946.467	145.3096	0.8772494	0.9252148	0.359765	0.640235	5.601579
25098	-3807.418	-3953.713	146.2948	0.9862412	0.9295776	0.284836	0.715164	4.994847
25104	-3802.356	-3947.833	145.4775	0.8991462	0.8420495	0.377889	0.622111	5.547459
25110	-3808.836	-3954.977	146.1406	1.01862	0.85867	0.350252	0.649748	5.105252
25116	-3808.334	-3953.392	145.0583	0.9291308	0.7678094	0.398637	0.601363	5.808697
25122	-3805.648	-3951.256	145.6083	0.9383723	0.7734306	0.313397	0.686603	5.498171
25128	-3816.802	-3961.177	144.3747	0.8901767	1.018457	0.345585	0.654415	6.053727
25134	-3804.436	-3950.104	145.6682	0.8959021	0.6019232	0.343274	0.656726	5.613197
25140	-3791.533	-3937.063	145.5302	0.8935598	0.7543938	0.36666	0.63334	5.57849
25146	-3792.979	-3937.741	144.7617	0.851506	1.002522	0.357989	0.642011	5.872233
25152	-3797.533	-3943.248	145.7153	0.9430011	0.8667769	0.445094	0.554906	5.377121
25158	-3803.008	-3948.156	145.1483	0.8372988	0.94284	0.292628	0.707372	5.701807
25164	-3799.716	-3944.55	144.8336	0.8898423	0.7872218	0.40543	0.59457	5.940149
25170	-3812.149	-3957.618	145.469	0.9062591	0.7894607	0.238109	0.761891	5.581814
25176	-3817.678	-3960.391	142.713	0.8542237	0.9075983	0.358386	0.641614	7.034662
25182	-3808.226	-3954.213	145.9873	0.9753587	1.408445	0.411549	0.588451	4.933028
25188	-3799.85	-3945.282	145.4317	1.047566	1.408445	0.432306	0.567694	5.20121
25194	-3814.448	-3960.461	146.0126	0.9337461	0.8954959	0.407166	0.592834	5.200609
25200	-3807.393	-3953.16	145.7671	0.9452928	0.9674157	0.396696	0.603304	5.288006
25206	-3807.555	-3952.465	144.9099	0.9452928	1.081971	0.455553	0.544447	5.697648
25212	-3811.663	-3956.815	145.1515	0.8412017	0.9432913	0.260759	0.739241	5.697648
25218	-3809.428	-3955.244	145.8153	0.9265962	0.9432913	0.325145	0.674855	5.285466
25224	-3810.028	-3954.719	144.6907	0.9249132	0.7208312	0.391593	0.608407	6.04366
25230	-3805.633	-3950.304	144.6716	0.7664406	0.9240622	0.372122	0.627878	6.011907
25236	-3814.981	-3959.918	144.9372	0.8866137	0.9240622	0.367306	0.632694	5.801193
25242	-3803.192	-3948.715	145.5239	0.9625704	0.9240622	0.367474	0.632526	5.437521
25248	-3797.973	-3944.272	146.2989	1.055414	0.7042593	0.511903	0.488097	5.100057
25254	-3791.755	-3937.135	145.3805	0.8726523	0.7062492	0.270637	0.729363	5.705442
25260	-3798.219	-3946.01	147.7912	0.9825014	0.7669138	0.364102	0.635898	4.261199
25266	-3801.889	-3949.581	147.6923	1.035907	0.7561922	0.376453	0.623547	4.294372
25272	-3815.694	-3961.117	145.4224	0.8755485	0.8407906	0.506704	0.493296	5.591457
25278	-3810.147	-3955.202	145.055	0.6863515	0.8797662	0.370136	0.629864	5.872476
25284	-3809.329	-3955.812	146.4828	0.981948	0.9017642	0.3231	0.6769	4.909213
25290	-3809.516	-3956.8	147.2842	0.9396289	0.7257041	0.380448	0.619552	4.599989
25296	-3810.482	-3955.943	145.4615	0.9206911	0.7112266	0.405986	0.594014	5.631183
25302	-3802.391	-3947.77	145.3788	0.9566765	0.8735428	0.563778	0.436222	5.550646
25308	-3803.284	-3949.186	145.9014	0.8855759	1.068668	0.35654	0.64346	5.191511
25314	-3805.299	-3949.918	144.6194	0.8855759	0.82538	0.504905	0.495095	6.034938
25320	-3803.966	-3949.152	145.1855	0.7864977	0.7651781	0.394974	0.605026	5.818872
25326	-3798.828	-3943.939	145.1114	0.8605641	0.7651781	0.258751	0.741249	5.818872
25332	-3796.756	-3943.208	146.4517	0.9345994	0.980672	0.388527	0.611473	4.9069
25338	-3793.457	-3938.351	144.8946	0.794329	0.9271382	0.406639	0.593361	5.873181
25344	-3787.968	-3932.717	144.7487	0.7727523	0.7233344	0.293254	0.706746	6.093245
25350	-3787.266	-3932.546	145.2809	0.9291903	0.7754822	0.376428	0.623572	5.681671
25356	-3788.277	-3933.841	145.5637	0.9246017	0.8363189	0.411758	0.588242	5.489641
25362	-3795.604	-3941.263	145.6583	0.8039035	0.8135973	0.290745	0.709255	5.518389
25368	-3802.715	-3947.162	144.4467	0.8086057	0.8223695	0.384812	0.615188	6.172816
25374	-3805.368	-3951.738	146.3698	0.8589796	0.5975451	0.316742	0.683258	5.250675
25380	-3797.302	-3943.222	145.92	0.8338775	0.798002	0.336921	0.663079	5.367902
25386	-3802.481	-3948.446	145.9652	0.9378667	0.8990116	0.418335	0.581665	5.222455
25392	-3803.385	-3949.012	145.6278	0.7988186	0.7859649	0.259595	0.740405	5.555892
25398	-3803.362	-3949.405	146.0426	0.9254519	0.6634194	0.445513	0.554487	5.343543
25404	-3799.693	-3945.13	145.4372	0.9164995	0.8142489	0.379136	0.620864	5.577638
25410	-3821.303	-3965.929	144.6257	0.8659011	0.9317927	0.462623	0.537377	5.978276
25416	-3815.094	-3960.835	145.7405	0.9102923	0.9221775	0.461675	0.538325	5.348046
25422	-3832.654	-3978.759	146.1057	0.9139351	0.9701936	0.402538	0.597462	5.116463
25428	-3824.798	-3970.712	145.9142	0.8744851	0.7315391	0.380139	0.619861	5.3934
25434	-3826.933	-3972.893	145.9606	0.9540109	0.872366	0.384128	0.615872	5.232222
25440	-3816.758	-3963.672	146.9136	1.004687	0.9366585	0.294685	0.705315	4.635131
25446	-3809.996	-3955.991	145.9946	0.9776198	0.9194648	0.247261	0.752739	5.172023
25452	-3811.805	-3957.382	145.5767	0.8699994	0.8852612	0.353674	0.646326	5.482395
25458	-3812.966	-3958.578	145.6123	0.8339814	0.8511754	0.389759	0.610241	5.503489
25464	-3811.641	-3957.654	146.013	0.9799099	0.8900244	0.352914	0.647086	5.178137
25470	-3808.246	-3954.453	146.2066	0.8633066	0.669271	0.307332	0.692668	5.282947
25476	-3807.215	-3953.575	146.36	0.8710045	0.7543228	0.29743	0.70257	5.133331
25482	-3800.686	-3944.464	143.7779	0.8710045	1.029609	0.381923	0.618077	6.382691
25488	-3810.727	-3955.932	145.205	0.7888171	1.029609	0.411542	0.588458	5.649189
25494	-3815.021	-3960.721	145.7003	0.7643929	0.8566876	0.439872	0.560128	5.489944
25500	-3797.416	-3942.56	145.1447	0.8355858	0.8770032	0.393805	0.606195	5.743422
25506	-3801.8	-3946.982	145.1818	0.7161888	0.9539862	0.364869	0.635131	5.743422
25512	-3803.031	-3948.746	145.7153	0.8628801	0.9537674	0.305835	0.694165	5.369792
25518	-3810.638	-3955.639	145.0008	0.8394177	0.7399546	0.347102	0.652898	5.907907
25524	-3809.503	-3955.196	145.6935	0.8020408	0.8333497	0.429998	0.570002	5.487527
25530	-3811.342	-3957.123	145.781	0.90683	0.9945684	0.414536	0.585464	5.286359
25536	-3812.982	-3960.468	147.4867	1.066076	0.7028177	0.359278	0.640722	4.431513
25542	-3801.124	-3948.932	147.8075	1.066076	0.6562331	0.285127	0.714873	4.285318
25548	-3799.715	-3945.591	145.8763	0.9110688	0.8260138	0.271677	0.728323	5.331411
25554	-3796.087	-3941.262	145.1751	0.8428	1.16758	0.377	0.623	5.565323
25560	-3794.432	-3940.04	145.6084	0.8642495	0.7343697	0.334895	0.665105	5.565323
25566	-3806.432	-3951.308	144.8759	0.7705508	0.8142968	0.44462	0.55538	5.964754
25572	-3810.267	-3955.803	145.5353	0.8459036	0.8142968	0.398559	0.601441	5.562489
25578	-3801.547	-3947.339	145.792	0.8502579	0.9574297	0.505735	0.494265	5.332397
25584	-3798.511	-3945.616	147.1047	1.008335	0.7675757	0.462316	0.537684	4.632963
25590	-3801.186	-3946.868	145.6818	1.030055	0.935703	0.364347	0.635653	5.306451
25596	-3797.03	-3944.254	147.224	0.9122456	0.71479	0.395465	0.604535	4.656837
25602	-3800.548	-3946.96	146.4114	0.9584616	0.7353703	0.382536	0.617464	5.069426
25608	-3811.908	-3959.393	147.4849	0.981653	0.899218	0.305646	0.694354	4.349109
25614	-3798.846	-3946.305	147.4592	1.034543	0.8222096	0.370088	0.629912	4.382374
25620	-3798.889	-3946.116	147.2273	0.9783388	0.8724898	0.385749	0.614251	4.512665
25626	-3799.881	-3945.621	145.7394	0.8366536	0.9101258	0.426521	0.573479	5.396343
25632	-3796.262	-3941.482	145.2204	0.902207	0.7506914	0.337536	0.662464	5.746191
25638	-3799.984	-3944.526	144.5421	0.8315489	0.8707072	0.486697	0.513303	6.078553
25644	-3797.915	-3944.722	146.8075	0.8446808	0.8479568	0.330092	0.669908	4.837883
25650	-3808.138	-3954.298	146.1603	0.9873879	0.8274956	0.359044	0.640956	5.131263
25656	-3803.696	-3949.588	145.8916	0.8700734	0.7034549	0.359071	0.640929	5.428057
25662	-3804.354	-3949.967	145.613	0.8267701	0.8846562	0.352412	0.647588	5.486574
25668	-3813.745	-3960.302	146.5567	0.9392555	0.6907358	0.438798	0.561202	5.031307
25674	-3793.956	-3939.368	145.4116	0.8542179	0.5590061	0.374892	0.625108	5.811652
25680	-3805.938	-3951.222	145.284	0.8568606	1.111371	0.561316	0.438684	5.525777
25686	-3797.201	-3943.229	146.0283	0.8849866	0.8717708	0.365296	0.634704	5.233271
25692	-3803.384	-3948.986	145.6019	0.8944372	1.31371	0.421141	0.578859	5.233271
25698	-3807.008	-3953.134	146.1263	0.8921794	0.8434145	0.426386	0.573614	5.192727
25704	-3800.175	-3946.067	145.8923	0.8805699	1.094512	0.359245	0.640755	5.185844
25710	-3797.265	-3942.015	144.7504	0.7704962	0.7511407	0.370729	0.629271	6.074552
25716	-3807.344	-3952.309	144.965	0.8581272	0.9740816	0.427264	0.572736	5.773105
25722	-3807.067	-3952.822	145.7546	0.8581272	0.9640301	0.372556	0.627444	5.344923
25728	-3802.573	-3948.081	145.5072	0.8669447	0.9640301	0.328261	0.671739	5.47637
25734	-3793.148	-3940.252	147.1048	0.9682658	0.9357302	0.451079	0.548921	4.548833
25740	-3795.147	-3940.778	145.631	0.8878725	1.023669	0.506124	0.493876	5.363617
25746	-3792.127	-3937.221	145.0942	0.7862337	0.7202691	0.360544	0.639456	5.899517
25752	-3791.91	-3935.948	144.0384	0.9225254	0.8066797	0.285316	0.714684	6.342698
25758	-3802.528	-3946.838	144.3101	0.7862404	0.8538538	0.432397	0.567603	6.239687
25764	-3808.335	-3953.927	145.5919	0.960636	0.8717652	0.450088	0.549912	5.432325
25770	-3807.296	-3953.14	145.8438	1.039978	0.8012289	0.357081	0.642919	5.294122
25776	-3797.276	-3942.882	145.606	0.8985852	0.8027953	0.494231	0.505769	5.502065
25782	-3796.106	-3942.58	146.4746	0.9479444	0.7612173	0.323839	0.676161	5.022417
25788	-3805.667	-3953.638	147.9708	1.036892	0.6952145	0.452265	0.547735	4.179745
25794	-3804.257	-3950.566	146.3091	0.9251561	0.9183207	0.304175	0.695825	5.027467
25800	-3805.128	-3949.665	144.5368	0.8059985	1.144905	0.341689	0.658311	5.946132
25806	-3799.487	-3944.701	145.2143	0.7834186	0.9530766	0.483599	0.516401	5.689319
25812	-3792.609	-3938.181	145.5719	0.8735421	0.8883893	0.362856	0.637144	5.481197
25818	-3800.56	-3947.237	146.6773	0.9724873	0.8512604	0.4834	0.5166	4.837161
25824	-3814.312	-3960.3	145.988	0.9376442	0.791936	0.283017	0.716983	5.277083
25830	-3813.421	-3960.936	147.5151	1.034041	0.7949015	0.310892	0.689108	4.369171
25836	-3801.092	-3947.486	146.3933	0.9654772	0.7211641	0.324538	0.675462	5.08558
25842	-3798.801	-3945.233	146.4311	0.9111817	0.8735771	0.361263	0.638737	4.994431
25848	-3806.222	-3952.402	146.1796	1.024598	0.8950948	0.289524	0.710476	5.058016
25854	-3801.292	-3946.524	145.232	0.8919593	1.006469	0.373863	0.626137	5.590261
25860	-3815.703	-3961.051	145.3476	0.8968925	0.9364811	0.3914	0.6086	5.563355
25866	-3801.793	-3948.265	146.4725	1.03945	0.8479685	0.298331	0.701669	4.915989
25872	-3797.414	-3943.066	145.6515	0.9521932	1.05228	0.326519	0.673481	5.301506
25878	-3796.091	-3941.923	145.8317	0.908056	0.9178517	0.312799	0.687201	5.301506
25884	-3793.769	-3939.814	146.0455	0.8442133	0.8998614	0.369595	0.630405	5.22932
25890	-3796.325	-3941.622	145.2971	0.9213285	0.8506598	0.395013	0.604987	5.628954
25896	-3807.587	-3953.384	145.7971	0.9199118	1.302961	0.434418	0.565582	5.115977
25902	-3807.354	-3953.737	146.3832	0.9259146	0.9609221	0.298317	0.701683	4.961056
25908	-3814.349	-3960.678	146.3289	0.9375361	1.00307	0.376858	0.623142	4.961056
25914	-3814.68	-3960.029	145.3492	0.7683109	0.854578	0.400221	0.599779	5.681897
25920	-3806.348	-3951.971	145.6231	0.8915546	0.8610797	0.379061	0.620939	5.459724
25926	-3811.901	-3956.755	144.854	0.8475976	1.18726	0.368937	0.631063	5.729333
25932	-3804.95	-3951.554	146.6042	0.9905437	0.927961	0.378516	0.621484	4.821124
25938	-3799.478	-3943.905	144.4273	0.8637946	0.927961	0.405264	0.594736	6.089746
25944	-3806.621	-3950.761	144.1403	0.8637946	0.7909404	0.347359	0.652641	6.329363
25950	-3815.713	-3962.138	146.4253	0.9752607	0.7736888	0.36309	0.63691	5.026236
25956	-3822.862	-3968.768	145.9063	0.9316955	0.7825861	0.347456	0.652544	5.331628
25962	-3819.731	-3966.803	147.072	1.085846	0.5998969	0.381609	0.618391	4.73246
25968	-3806.938	-3953.216	146.2781	0.9306745	0.7023692	0.424146	0.575854	5.18203
25974	-3803.257	-3949.512	146.2551	0.9075097	0.6272433	0.370539	0.629461	5.263698
25980	-3803.602	-3951.467	147.8654	1.039009	1.033973	0.330793	0.669207	4.021844
25986	-3801.092	-3947.66	146.5676	0.9006217	0.7283099	0.286389	0.713611	5.0198
25992	-3816.496	-3962.451	145.9559	0.965691	0.9225631	0.383162	0.616838	5.198224
25998	-3811.756	-3958.623	146.8663	0.9640512	0.7793371	0.32865	0.67135	4.783112
26004	-3815.448	-3961.654	146.2054	0.9819553	0.6193429	0.427817	0.572183	5.256223
26010	-3806.145	-3951.386	145.2411	0.8213322	0.6463978	0.354125	0.645875	5.853545
26016	-3807.41	-3955.452	148.0424	1.123117	0.5656862	0.402887	0.597113	4.193595
26022	-3819.136	-3965.933	146.7961	0.9905077	0.7522389	0.404202	0.595798	4.825941
26028	-3795.417	-3940.984	145.5672	0.9286469	0.793754	0.3532	0.6468	5.51272
26034	-3798.128	-3943.997	145.8688	0.9300407	0.8983454	0.433372	0.566628	5.280428
26040	-3805.267	-3951.161	145.8933	0.9910601	0.8242394	0.361387	0.638613	5.278988
26046	-3792.562	-3938.324	145.7625	0.903066	0.8242394	0.406844	0.593156	5.399676
26052	-3793.852	-3939.016	145.1638	0.8574997	0.9236143	0.465831	0.534169	5.693314
26058	-3793.435	-3940.373	146.9381	0.9257907	0.7198154	0.311748	0.688252	4.805519
26064	-3798.054	-3943.507	145.4528	0.7994746	0.674319	0.405821	0.594179	5.728921
26070	-3801.029	-3946.407	145.3785	0.7756949	0.9389863	0.373579	0.626421	5.611504
26076	-3791.216	-3937.43	146.2146	0.9420487	0.8148643	0.317682	0.682318	5.134401
26082	-3799.748	-3943.682	143.9331	0.7429355	0.9343626	0.403126	0.596874	6.420349
26088	-3804.099	-3948.674	144.5748	0.7519751	0.7396664	0.406978	0.593022	6.187964
26094	-3812.543	-3956.746	144.203	0.796883	0.966329	0.330995	0.669005	6.226521
26100	-3801.173	-3945.879	144.7054	0.847343	0.9351366	0.395383	0.604617	5.942977
26106	-3805.526	-3950.038	144.5126	0.8020595	0.7903149	0.369932	0.630068	6.160952
26112	-3803.09	-3947.751	144.6603	0.7892405	0.9433341	0.40159	0.59841	5.994597
26118	-3822.241	-3967.649	145.4089	0.8944842	0.8570476	0.427503	0.572497	5.578401
26124	-3804.238	-3950.175	145.9373	0.9011485	0.7776372	0.345196	0.654804	5.33467
26130	-3802.932	-3948.222	145.2899	0.8589526	0.8255385	0.284752	0.715248	5.68285
26136	-3794.92	-3940.593	145.673	0.9639118	0.7902392	0.374094	0.625906	5.437424
26142	-3801.152	-3946.972	145.8202	0.9228286	0.975849	0.3512	0.6488	5.266334
26148	-3797.194	-3942.575	145.3817	0.843253	0.7911983	0.442324	0.557676	5.663178
26154	-3801.1	-3946.448	145.3472	0.825539	0.9873704	0.415808	0.584192	5.573984
26160	-3792.792	-3939.305	146.5137	0.8821836	0.7571936	0.433874	0.566126	5.039964
26166	-3804.272	-3950.079	145.8071	0.8360679	1.023632	0.358943	0.641057	5.295058
26172	-3812.383	-3959.206	146.8233	1.040703	0.7423612	0.310528	0.689472	4.789624
26178	-3796.398	-3943.25	146.8529	0.9796491	0.7679239	0.380646	0.619354	4.789624
26184	-3798.81	-3944.887	146.0769	0.9796491	0.8964671	0.371195	0.628805	5.139056
26190	-3796.05	-3941.422	145.3719	0.8653441	0.8964671	0.301446	0.698554	5.590806
26196	-3794.736	-3939.241	144.5053	0.9264321	0.9102411	0.358518	0.641482	6.023398
26202	-3792.269	-3938.366	146.0976	0.8867038	0.7466094	0.431486	0.568514	5.275097
26208	-3795.992	-3942.425	146.4333	0.9656731	0.7673803	0.379438	0.620562	5.03136
26214	-3802.449	-3947.141	144.6919	0.8240063	0.8864283	0.424617	0.575383	5.991591
26220	-3795.298	-3941.617	146.3189	0.9546503	0.9195685	0.287378	0.712622	5.004909
26226	-3801.019	-3947.351	146.3318	1.031635	0.802323	0.387222	0.612778	5.027842
26232	-3799.854	-3945.145	145.291	0.868873	0.7264056	0.458847	0.541153	5.742446
26238	-3803.956	-3949.087	145.1316	0.8176136	0.7558676	0.297928	0.702072	5.837589
26244	-3799.504	-3945.048	145.5433	0.8149034	0.9285765	0.358696	0.641304	5.505455
26250	-3805.942	-3953.188	147.246	1.021249	0.9272295	0.320094	0.679906	4.444638
26256	-3812.618	-3958.703	146.0844	0.9513785	0.8866651	0.337438	0.662562	5.156435
26262	-3809.556	-3952.052	142.4965	0.817778	0.9821912	0.367901	0.632099	7.128898
26268	-3803.182	-3949.367	146.185	0.8857899	0.9859527	0.322341	0.677659	5.079241
26274	-3792.213	-3937.026	144.813	0.8733314	0.7511134	0.387337	0.612663	5.984349
26280	-3789.401	-3934.96	145.5582	0.9461038	0.7965011	0.420474	0.579526	5.506316
26286	-3799.07	-3943.462	144.3922	0.9260032	0.6994355	0.39843	0.60157	6.220583
26292	-3809.007	-3951.775	142.7679	0.8175112	0.6856188	0.378839	0.621161	7.166803
26298	-3795.37	-3939.447	144.0764	0.8766377	0.876054	0.359538	0.640462	6.304126
26304	-3798.538	-3943.905	145.3666	0.8194168	0.9663744	0.377073	0.622927	5.578481
26310	-3802.092	-3948.234	146.1415	0.8943067	0.7806516	0.345191	0.654809	5.223666
26316	-3795.938	-3942.007	146.0689	0.966859	0.7746386	0.376232	0.623768	5.227694
26322	-3800.573	-3946.673	146.1002	0.9239674	0.7842269	0.330085	0.669915	5.227694
26328	-3793.629	-3939.241	145.6118	0.8431052	0.9937707	0.30794	0.69206	5.415281
26334	-3788.546	-3933.693	145.1468	0.86107	0.7956859	0.319946	0.680054	5.779185
26340	-3799.093	-3944.197	145.104	0.8076226	0.7544416	0.384077	0.615923	5.859067
26346	-3806.227	-3951.153	144.9268	0.8563775	0.8641251	0.307503	0.692497	5.859067
26352	-3809.087	-3955.423	146.3359	1.080776	0.9884953	0.334065	0.665935	4.885535
26358	-3789.697	-3934.43	144.7326	0.860601	0.9884953	0.443974	0.556026	5.890858
26364	-3798.505	-3943.153	144.6488	0.7990502	0.8163263	0.367087	0.632913	6.071799
26370	-3808.748	-3955.76	147.012	1.055677	1.095572	0.382056	0.617944	4.462887
26376	-3817.067	-3963.974	146.9066	1.019872	0.8725977	0.353496	0.646504	4.669224
26382	-3803.113	-3950.09	146.9769	1.038067	0.9478333	0.344176	0.655824	4.574352
26388	-3805.804	-3953.542	147.7376	1.178232	0.8894911	0.338856	0.661144	4.100299
26394	-3805.511	-3954.354	148.8437	1.144081	0.7941243	0.326089	0.673911	3.545947
26400	-3808.254	-3954.098	145.8439	0.8886526	0.987905	0.374206	0.625794	5.265361
26406	-3810.31	-3955.971	145.6619	0.743151	1.147683	0.319209	0.680791	5.362068
26412	-3816.455	-3962.315	145.8597	0.7652496	0.7508343	0.368693	0.631307	5.470328
26418	-3817.383	-3963.864	146.4814	0.8335102	1.069353	0.381072	0.618928	4.898129
26424	-3806	-3954.189	148.189	1.102722	0.7760556	0.362766	0.637234	3.95999
26430	-3818.729	-3966.214	147.4852	0.9572408	0.7154245	0.332158	0.667842	4.484484
26436	-3802.615	-3947.875	145.2599	0.9495831	0.7648291	0.40804	0.59196	5.689069
26442	-3798.264	-3943.39	145.1264	0.814074	0.6457344	0.381789	0.618211	5.920713
26448	-3801.624	-3948.011	146.3865	0.869077	0.7470045	0.43071	0.56929	5.124736
26454	-3808.515	-3956.183	147.6687	1.158953	0.754351	0.400332	0.599668	4.239339
26460	-3816.618	-3963.316	146.6981	1.020734	0.6601509	0.296374	0.703626	4.930126
26466	-3807.275	-3951.362	144.0871	0.8886249	0.8374488	0.442827	0.557173	6.315351
26472	-3816.543	-3961.151	144.608	0.9711042	1.002471	0.404841	0.595159	5.890889
26478	-3824.845	-3970.539	145.6933	0.9428543	0.8332456	0.478111	0.521889	5.410153
26484	-3806.228	-3951.468	145.2394	0.8546014	0.5725618	0.333445	0.666555	5.894345
26490	-3805.098	-3952.08	146.9819	1.024782	0.6134334	0.389662	0.610338	4.805961
26496	-3803.044	-3951.287	148.2433	1.074856	0.8395126	0.411556	0.588444	3.902233
26502	-3804.505	-3949.988	145.4822	0.9946542	0.9725464	0.39409	0.60591	5.414993
26508	-3814.71	-3960.399	145.689	0.8916345	1.056101	0.333626	0.666374	5.312207
26514	-3808.755	-3954.757	146.0018	0.9168876	0.7334468	0.358998	0.641002	5.320387
26520	-3798.788	-3945.249	146.461	0.9921478	0.8398384	0.425928	0.574072	4.95383
26526	-3802.111	-3948.877	146.7661	0.8720873	0.8146688	0.317585	0.682415	4.866998
26532	-3802.148	-3948.552	146.4037	0.9415108	0.7532786	0.371767	0.628233	5.070763
26538	-3803.639	-3950.077	146.4381	0.9415108	0.9446515	0.404724	0.595276	4.931215
26544	-3798.824	-3944.741	145.9164	0.9686688	0.8490439	0.416217	0.583783	5.262963
26550	-3799.972	-3946.994	147.0225	0.9366281	1.122912	0.35075	0.64925	4.509712
26556	-3810.256	-3955.86	145.6037	0.8555745	0.8286231	0.291861	0.708139	5.510438
26562	-3797.21	-3941.512	144.3023	0.8036929	1.046514	0.419462	0.580538	6.125334
26568	-3809.386	-3954.65	145.2638	0.666651	1.096269	0.328149	0.671851	5.649022
26574	-3814.294	-3959.356	145.0619	0.7957326	1.110412	0.475422	0.524578	5.681729
26580	-3822.359	-3968.75	146.3918	0.9794459	0.7252419	0.295918	0.704082	5.07579
26586	-3812.049	-3957.941	145.8927	0.9358861	0.648836	0.368451	0.631549	5.431396
26592	-3845.198	-3990.799	145.6014	1.046722	0.7365543	0.378408	0.621592	5.467359
26598	-3826.023	-3973.15	147.1267	1.161379	0.7623519	0.413265	0.586735	4.538309
26604	-3802.033	-3949.294	147.261	0.9804431	0.7757369	0.466383	0.533617	4.555362
26610	-3811.99	-3958.344	146.354	1.022639	0.9799962	0.382292	0.617708	4.912654
26616	-3804.552	-3951.089	146.5373	0.9913371	0.83859	0.326474	0.673526	4.912654
26622	-3801.751	-3948.229	146.4773	1.091586	1.04582	0.38474	0.61526	4.769061
26628	-3798.925	-3945.935	147.0107	0.9869081	1.011929	0.311402	0.688598	4.547547
26634	-3798.773	-3945.975	147.2024	1.047889	0.7923252	0.267073	0.732927	4.539223
26640	-3807.614	-3956.316	148.7023	1.092845	0.6206273	0.295376	0.704624	3.787536
26646	-3819.537	-3968.156	148.6199	1.092845	0.680728	0.375767	0.624233	3.787536
26652	-3807.136	-3955.312	148.1754	1.184105	0.8214769	0.337852	0.662148	3.890402
26658	-3808.205	-3955.716	147.5108	1.007883	0.8397485	0.396009	0.603991	4.356963
26664	-3821.602	-3969.733	148.1306	1.09912	0.6771347	0.353513	0.646487	4.06701
26670	-3818.772	-3961.696	142.924	0.7977243	1.221805	0.423131	0.576869	6.789118
26676	-3811.549	-3957.099	145.5509	0.7882001	0.9011978	0.373747	0.626253	5.532063
26682	-3810.976	-3954.645	143.6692	0.8820753	0.8720568	0.384291	0.615709	6.524412
26688	-3804.703	-3951.235	146.532	0.9383372	0.8774434	0.379199	0.620801	4.920857
26694	-3805.928	-3951.864	145.9355	0.9389185	0.92456	0.337688	0.662312	5.223178
26700	-3809.027	-3955.718	146.6905	0.9222983	1.274586	0.41856	0.58144	4.629827
26706	-3816.634	-3962.493	145.859	0.8917514	0.7562557	0.289307	0.710693	5.397354
26712	-3811.218	-3957.594	146.3754	0.8670117	0.988543	0.302015	0.697985	4.982472
26718	-3811.426	-3957.469	146.0434	0.7847018	0.7532582	0.489517	0.510483	5.356788
26724	-3812.857	-3957.875	145.0181	0.8083514	0.8852278	0.317644	0.682356	5.822663
26730	-3803.026	-3948.086	145.06	0.8980879	0.9428133	0.312487	0.687513	5.716854
26736	-3795.912	-3942.801	146.8894	0.9326959	0.88132	0.391539	0.608461	4.722227
26742	-3794.313	-3939.68	145.3676	0.9357714	0.88132	0.417979	0.582021	5.56358
26748	-3817.183	-3963.402	146.219	0.996359	0.88132	0.431034	0.568966	5.060159
26754	-3819.111	-3965.574	146.4631	0.8596007	1.278061	0.361152	0.638848	4.790494
26760	-3807.742	-3952.725	144.9821	0.7244594	0.88132	0.405605	0.594395	5.890533
26766	-3809.423	-3953.965	144.5424	0.7155426	1.132294	0.426311	0.573689	5.998688
26772	-3806.775	-3951.13	144.3549	0.8487125	0.7524527	0.333374	0.666626	6.246342
26778	-3813.065	-3958.981	145.9157	0.8144187	0.8018485	0.326486	0.673514	5.378466
26784	-3817.223	-3961.084	143.8608	0.9622327	0.9880002	0.353222	0.646778	6.31063
26790	-3821.307	-3968.517	147.2093	1.03236	0.6542514	0.290421	0.709579	4.642677
26796	-3825.55	-3971.571	146.0208	0.9032999	0.9496618	0.444275	0.555725	5.181076
26802	-3815.782	-3960.816	145.034	0.8804189	1.018554	0.382541	0.617459	5.698652
26808	-3808.586	-3954.379	145.7938	0.9075182	0.7729064	0.393635	0.606365	5.413429
26814	-3806.966	-3952.603	145.6365	0.9075182	0.9110529	0.39311	0.60689	5.413429
26820	-3804.992	-3951.069	146.0772	0.9863465	0.9110529	0.448893	0.551107	5.12642
26826	-3805.295	-3953.845	148.55	1.146127	0.7185747	0.333092	0.666908	3.768718
26832	-3804.29	-3951.835	147.5457	1.041733	0.8816611	0.271482	0.728518	4.291557
26838	-3802.397	-3949.786	147.3896	0.9819185	0.7675136	0.492415	0.507585	4.487833
26844	-3803.146	-3948.609	145.4628	0.9550601	1.17338	0.460839	0.539161	5.342324
26850	-3807.548	-3953.211	145.6625	1.022239	0.9575048	0.379925	0.620075	5.308898
26856	-3810.455	-3956.362	145.9063	0.8603471	0.642886	0.301062	0.698938	5.469997
26862	-3800.236	-3945.149	144.9128	0.8301618	0.893814	0.400251	0.599749	5.86319
26868	-3800.796	-3944.666	143.8706	0.8141153	0.8523638	0.303413	0.696587	6.464041
26874	-3806.875	-3951.568	144.6932	0.8672121	0.9626347	0.369469	0.630531	5.923173
26880	-3818.936	-3963.685	144.7498	0.8805449	0.8637401	0.334133	0.665867	5.942793
26886	-3807.25	-3953.265	146.0148	0.8513962	0.8367714	0.420177	0.579823	5.281051
26892	-3809.545	-3955.228	145.6832	0.9536416	0.8438369	0.396148	0.603852	5.403123
26898	-3810.047	-3955.763	145.716	0.8891419	0.6926546	0.366765	0.633235	5.521954
26904	-3801.381	-3947.037	145.6564	0.8864241	0.7413936	0.310766	0.689234	5.521954
26910	-3808.023	-3953.398	145.3751	0.8918677	0.8128684	0.394628	0.605372	5.626098
26916	-3806.446	-3952.611	146.1642	0.863124	0.6901027	0.326705	0.673295	5.291173
26922	-3800.778	-3946.792	146.0139	0.9134168	1.067213	0.489901	0.510099	5.114575
26928	-3796.635	-3940.819	144.1843	0.7828817	0.848346	0.415922	0.584078	6.313254
26934	-3815.571	-3961.444	145.8724	0.9896366	0.848346	0.186764	0.813236	5.276077
26940	-3802.958	-3949.522	146.5637	0.8497126	0.848346	0.341456	0.658544	4.970557
26946	-3807.447	-3952.675	145.2281	0.755359	0.6727581	0.325972	0.674028	5.877156
26952	-3813.782	-3958.057	144.2747	0.8132626	0.8657991	0.494451	0.505549	6.236988
26958	-3820.088	-3966.667	146.5792	1.009441	0.9892327	0.402832	0.597168	4.789232
26964	-3808.629	-3954.36	145.7316	0.9296371	0.9968494	0.378988	0.621012	5.299756
26970	-3806.247	-3951.801	145.5548	0.9372378	0.827411	0.304331	0.695669	5.49319
26976	-3798.717	-3942.891	144.1736	0.7677939	0.7925696	0.388643	0.611357	6.36232
26982	-3814.161	-3958.801	144.6401	0.8075225	0.6846002	0.413764	0.586236	6.160764
26988	-3822.455	-3969.565	147.1106	1.132455	0.7989763	0.394557	0.605443	4.538855
26994	-3801.548	-3949.781	148.2334	1.039173	0.8220362	0.333725	0.666275	3.939853
27000	-3801.809	-3948.138	146.3288	1.006336	0.8220362	0.262748	0.737252	5.030758
27006	-3799.307	-3943.682	144.3746	0.8146352	1.049978	0.355708	0.644292	6.078157
27012	-3804.329	-3949.346	145.0166	0.9215028	0.970797	0.391366	0.608634	5.711988
27018	-3800.668	-3945.064	144.3963	0.8916678	0.9574119	0.379798	0.620202	6.074679
27024	-3793.631	-3939.572	145.9416	0.8931068	0.9352631	0.350136	0.649864	5.238886
27030	-3793.809	-3938.895	145.0859	0.8315283	0.8685432	0.340561	0.659439	5.782933
27036	-3799.687	-3945.322	145.6358	0.9099204	0.8685432	0.29336	0.70664	5.438068
27042	-3800.895	-3946.723	145.8277	0.938009	0.9287524	0.327336	0.672664	5.280784
27048	-3788.462	-3934.39	145.9275	0.8650654	0.9035767	0.309184	0.690816	5.280784
27054	-3795.785	-3941.745	145.9601	1.02071	1.100882	0.375973	0.624027	5.067343
27060	-3794.557	-3940.708	146.151	0.9219079	0.8808316	0.428604	0.571396	5.139424
27066	-3795.923	-3942.476	146.5529	0.8542728	0.6859597	0.343283	0.656717	5.084023
27072	-3797.112	-3941.919	144.8072	0.8054889	0.7742983	0.351929	0.648071	6.009055
27078	-3802.298	-3949.398	147.1007	0.9825274	0.7742983	0.335646	0.664354	4.645073
27084	-3805.182	-3950.605	145.4224	0.9825274	0.794199	0.384013	0.615987	5.562425
27090	-3798.632	-3944.386	145.7539	0.9466739	0.8494108	0.373855	0.626145	5.364519
27096	-3787.232	-3932.987	145.7548	0.8905108	0.897264	0.44442	0.55558	5.365819
27102	-3800.748	-3945.655	144.9073	0.8246636	0.897264	0.244007	0.755993	5.867126
27108	-3799.98	-3945.85	145.8694	0.9350119	0.9132901	0.433613	0.566387	5.268471
27114	-3803.689	-3948.866	145.1771	0.9126014	0.791284	0.348941	0.651059	5.737242
27120	-3797.965	-3944.005	146.04	0.9637006	0.7896268	0.434775	0.565225	5.235464
27126	-3798.546	-3944.147	145.6007	0.955248	0.884138	0.392934	0.607066	5.422924
27132	-3795.969	-3942.046	146.0768	0.921845	0.824845	0.230542	0.769458	5.215428
27138	-3801.76	-3948.446	146.6858	1.017345	0.8692511	0.350861	0.649139	4.796128
27144	-3812.955	-3957.23	144.2746	0.7020917	0.8053778	0.342858	0.657142	6.334964
27150	-3806.005	-3950.652	144.6472	0.7496063	0.98989	0.428756	0.571244	5.997322
27156	-3809.601	-3954.433	144.8319	0.8270563	0.8901974	0.361341	0.638659	5.911241
27162	-3806.976	-3953.149	146.1731	0.8854114	0.6783879	0.409355	0.590645	5.282523
27168	-3800.615	-3946.688	146.0722	0.9679448	0.8685118	0.371564	0.628436	5.165117
27174	-3802.951	-3948.386	145.4342	0.86318	0.8684962	0.401421	0.598579	5.574665
27180	-3799.668	-3946.377	146.7086	0.86318	0.7096037	0.405493	0.594507	4.97551
27186	-3801.141	-3947.543	146.4024	0.8184673	0.9696339	0.385447	0.614553	5.005129
27192	-3806.67	-3952.833	146.1622	0.8101005	0.808895	0.491965	0.508035	5.240233
27198	-3786.628	-3932.43	145.8022	0.9473714	0.9349867	0.357374	0.642626	5.286081
27204	-3794.742	-3941.572	146.83	1.082828	0.9349867	0.322752	0.677248	4.639144
27210	-3806.873	-3951.239	144.3663	0.8458563	0.9740478	0.379592	0.620408	6.106706
27216	-3803.29	-3949.278	145.9876	0.9868295	0.93688	0.346032	0.653968	5.160611
27222	-3803.274	-3949.242	145.9685	0.8770037	0.7961366	0.345371	0.654629	5.318572
27228	-3809.389	-3954.81	145.421	0.8839629	0.9450152	0.409279	0.590721	5.525218
27234	-3799.155	-3944.653	145.4974	0.8277348	0.8269884	0.427302	0.572698	5.585214
27240	-3802.084	-3947.915	145.8305	0.8877505	0.8432308	0.526879	0.473121	5.358675
27246	-3811.995	-3957.184	145.1892	0.9816997	0.9586888	0.349072	0.650928	5.591091
27252	-3808.77	-3952.175	143.4046	0.7773279	0.7793291	0.290966	0.709034	6.781935
27258	-3815.012	-3961.162	146.1507	0.9203396	0.7451565	0.268618	0.731382	5.228158
27264	-3809.809	-3955.066	145.2569	0.89434	0.8433604	0.373994	0.626006	5.670357
27270	-3813.174	-3960.977	147.8033	1.004749	0.6605582	0.264355	0.735645	4.319051
27276	-3804.516	-3951.171	146.6552	0.9998773	0.8055876	0.338744	0.661256	4.863471
27282	-3802.834	-3947.633	144.7989	0.849006	0.9399953	0.377843	0.622157	5.888178
27288	-3807.054	-3952.032	144.9782	0.8859379	0.7057168	0.351084	0.648916	5.918642
27294	-3795.034	-3940.726	145.6924	0.8787141	0.8258184	0.308603	0.691397	5.450703
27300	-3803.918	-3948.515	144.5974	0.8394082	0.5947373	0.283837	0.716163	6.234588
27306	-3803.562	-3948.654	145.092	0.74605	0.7666394	0.344931	0.655069	5.891152
27312	-3788.383	-3933.375	144.9927	0.8923575	0.8435102	0.416144	0.583856	5.816049
27318	-3801.74	-3946.937	145.1972	0.8016689	0.7475399	0.35704	0.64296	5.816049
27324	-3807.89	-3952.593	144.703	0.9679499	0.7413624	0.367592	0.632408	5.999361
27330	-3801.526	-3946.2	144.6736	0.8816828	0.838415	0.370697	0.629303	5.999361
27336	-3794.721	-3938.664	143.943	0.7961093	0.8009083	0.340362	0.659638	6.466654
27342	-3798.851	-3943.372	144.5215	0.8182559	0.9267844	0.365871	0.634129	6.063943
27348	-3808.968	-3953.415	144.4461	0.8857201	0.9652065	0.391918	0.608082	6.046408
27354	-3817.033	-3963.113	146.0801	1.056901	1.12685	0.328349	0.671651	4.967311
27360	-3814.823	-3958.779	143.9564	0.9108287	0.9789128	0.47521	0.52479	6.291603
27366	-3809.776	-3954.325	144.5486	0.9154772	0.837937	0.332283	0.667717	6.049363
27372	-3814.667	-3959.279	144.6122	0.8969003	0.9114718	0.356012	0.643988	5.980463
27378	-3813.668	-3956.695	143.0263	0.8197767	0.8738916	0.460216	0.539784	6.904266
27384	-3799.736	-3945.21	145.4743	0.8658774	0.7156384	0.437294	0.562706	5.651087
27390	-3797.459	-3943.412	145.9526	0.8263755	0.7156384	0.333096	0.666904	5.4099
27396	-3789.382	-3935.827	146.4451	0.9780468	0.7156384	0.274973	0.725027	5.053784
27402	-3802.261	-3949.171	146.9098	0.9997623	0.7539086	0.518029	0.481971	4.756184
27408	-3797.965	-3943.397	145.4318	1.015157	0.8222717	0.266905	0.733095	5.521229
27414	-3794.035	-3939.912	145.8773	0.8438947	0.7213986	0.285547	0.714453	5.437698
27420	-3801.914	-3947.567	145.6533	0.8438947	0.7780732	0.289427	0.710573	5.522336
27426	-3805.258	-3951.022	145.7641	0.8700012	0.7287867	0.394141	0.605859	5.480443
27432	-3812.138	-3958.011	145.8735	0.9976769	0.7287867	0.451956	0.548044	5.349854
27438	-3802.621	-3948.428	145.8073	0.8748413	0.7814202	0.357751	0.642249	5.418299
27444	-3797.699	-3942.71	145.0105	0.8599929	0.9405231	0.327456	0.672544	5.766165
27450	-3790.631	-3935.854	145.2225	0.886587	0.776822	0.357427	0.642573	5.736124
27456	-3797.186	-3944.662	147.4764	0.9519546	0.7259019	0.412927	0.587073	4.484913
27462	-3799.256	-3944.717	145.4609	0.8918536	0.7544085	0.492406	0.507594	5.617467
27468	-3804.819	-3950.004	145.1852	0.8442768	0.7070877	0.255117	0.744883	5.827307
27474	-3811.643	-3957.952	146.3091	0.9470432	0.6888045	0.431644	0.568356	5.165633
27480	-3803.24	-3949.048	145.8072	1.013345	0.8162401	0.346985	0.653015	5.319323
27486	-3798.267	-3944.363	146.0956	0.9095035	0.6508236	0.338182	0.661818	5.332558
27492	-3806.371	-3952.401	146.0306	0.8073638	0.6508236	0.325244	0.674756	5.424702
27498	-3804.718	-3951.117	146.3993	0.9072661	0.9796187	0.485001	0.514999	4.951856
27504	-3798.735	-3944.673	145.9377	0.8493008	0.8752784	0.324467	0.675533	5.300893
27510	-3806.242	-3952.985	146.7429	0.8712383	0.7358915	0.359796	0.640204	4.933354
27516	-3810.913	-3957.819	146.9056	0.9963327	0.7319584	0.342722	0.657278	4.775691
27522	-3804.256	-3950.782	146.5265	0.9854517	0.9387217	0.307347	0.692653	4.861004
27528	-3790.482	-3936.87	146.3881	0.9076694	0.8606162	0.370094	0.629906	5.028276
27534	-3801.519	-3947.766	146.2467	0.9076694	0.6834655	0.468108	0.531892	5.225852
27540	-3799.301	-3945.816	146.5152	0.9558629	0.5983942	0.4259	0.5741	5.115917
27546	-3800.095	-3946.265	146.1698	0.9992409	0.6067736	0.494148	0.505852	5.27624
27552	-3791.809	-3937.741	145.9327	0.9105097	0.8649199	0.438367	0.561633	5.27624
27558	-3807.598	-3953.262	145.6638	0.7845534	0.6218573	0.474692	0.525308	5.66102
27564	-3798.062	-3942.067	144.0043	0.7478371	0.7450314	0.335487	0.664513	6.49626
27570	-3804.441	-3948.308	143.8675	0.8846578	0.7450314	0.405912	0.594088	6.49626
27576	-3802.597	-3948.329	145.7317	0.8795434	0.6903195	0.441607	0.558393	5.520283
27582	-3795.159	-3940.764	145.6049	0.837803	0.7088137	0.409633	0.590367	5.599682
27588	-3798.392	-3943.22	144.8283	0.7523806	0.6525772	0.296007	0.703993	6.111757
27594	-3802.848	-3948.825	145.9769	0.8462541	0.7668787	0.345674	0.654326	5.35028
27600	-3799.149	-3944.418	145.2683	0.7689835	0.701413	0.342098	0.657902	5.82706
27606	-3793.613	-3938.282	144.6688	0.8010315	0.7146007	0.29462	0.70538	6.127426
27612	-3788.881	-3933.591	144.7093	0.7782527	0.795218	0.425651	0.574349	6.063629
27618	-3807.933	-3953.304	145.3707	0.8225067	0.795218	0.339298	0.660702	5.677946
27624	-3805.952	-3951.263	145.3108	0.8342147	1.144656	0.313523	0.686477	5.506778
27630	-3802.889	-3947.997	145.1082	0.8579822	1.065289	0.414198	0.585802	5.645416
27636	-3808.424	-3953.531	145.1061	0.8690726	0.8044335	0.362344	0.637656	5.791457
27642	-3815.969	-3960.243	144.274	0.7813596	1.096733	0.477367	0.522633	6.12697
27648	-3805.004	-3951.629	146.6259	0.9803956	0.8036571	0.359814	0.640186	4.891925
27654	-3805.824	-3950.31	144.4854	0.879255	0.8573678	0.404476	0.595524	6.091574
27660	-3800.836	-3946.451	145.6153	0.8683465	0.9956175	0.432539	0.567461	5.398428
27666	-3818.917	-3963.804	144.8872	0.7972847	1.087836	0.509636	0.490364	5.788095
27672	-3818.327	-3961.552	143.2249	0.7972847	0.6987069	0.4451	0.5549	6.922525
27678	-3814.107	-3958.489	144.382	0.8622152	0.8325919	0.26833	0.73167	6.172405
27684	-3807.27	-3952.474	145.2043	0.9154318	0.8733493	0.358797	0.641203	5.669218
27690	-3808.154	-3955.815	147.6611	1.083552	0.8685686	0.421882	0.578118	4.210678
27696	-3795.549	-3942.323	146.774	1.039129	0.9047175	0.402115	0.597885	4.713041
27702	-3812.754	-3959.953	147.1998	0.9645984	0.6864188	0.451189	0.548811	4.661776
27708	-3796.985	-3943.575	146.59	0.9582229	0.8842189	0.361946	0.638054	4.873353
27714	-3792.313	-3939.402	147.0895	1.117719	0.8842189	0.381101	0.618899	4.504463
27720	-3791.328	-3937.293	145.9653	0.9341258	0.7776344	0.316655	0.683345	5.301026
27726	-3804.287	-3950.279	145.9915	1.020488	0.8054913	0.335111	0.664889	5.220497
27732	-3809.451	-3957.104	147.6531	0.9632717	0.8842158	0.435329	0.564671	4.273623
27738	-3803.347	-3948.755	145.4089	0.8626285	1.011317	0.403124	0.596876	5.506567
27744	-3791.884	-3937.722	145.8378	0.7650804	0.7160436	0.398626	0.601374	5.506567
27750	-3804.608	-3949.857	145.2492	0.9381467	0.7863884	0.340074	0.659926	5.686911
27756	-3820.585	-3967.1	146.515	0.9260866	0.6437542	0.32755	0.67245	5.096863
27762	-3803.331	-3949.897	146.5662	0.8953733	0.7732935	0.463622	0.536378	4.992603
27768	-3807.038	-3952.214	145.1761	0.8977889	0.7298399	0.326049	0.673951	5.787133
27774	-3808.384	-3954.527	146.1438	0.924966	0.6240389	0.375373	0.624627	5.31803
27780	-3811.524	-3955.739	144.2149	0.8760419	0.831085	0.405493	0.594507	6.256729
27786	-3809.516	-3953.727	144.2109	0.8579225	0.831085	0.367452	0.632548	6.268706
27792	-3798.518	-3945.714	147.1967	1.00008	0.830719	0.417785	0.582215	4.544083
27798	-3806.341	-3952.046	145.7044	0.9695481	0.9874413	0.324093	0.675907	5.297954
27804	-3797.15	-3942.419	145.2682	0.9786105	0.8811459	0.309138	0.690862	5.594731
27810	-3798.537	-3945.739	147.2023	0.9885896	0.8811459	0.294915	0.705085	4.515564
27816	-3801.344	-3946.67	145.3258	0.8953836	0.9790754	0.338351	0.661649	5.552009
27822	-3804.333	-3949.222	144.889	0.849562	0.9727136	0.372877	0.627123	5.820151
27828	-3809.788	-3955.15	145.362	0.7714483	0.782273	0.352494	0.647506	5.719186
27834	-3807.911	-3953.794	145.8835	0.8353659	0.6896181	0.420845	0.579155	5.461567
27840	-3814.589	-3960.791	146.2023	0.8779178	0.8790366	0.388765	0.611235	5.136475
27846	-3801.118	-3945.248	144.13	0.9404485	0.6980172	0.398335	0.601665	6.35616
27852	-3805.09	-3948.887	143.7978	0.7749905	0.8645959	0.439246	0.560754	6.517219
27858	-3809.915	-3953.575	143.6604	0.8391749	1.003893	0.291427	0.708573	6.477406
27864	-3805.286	-3952.027	146.7414	0.8897366	0.8067894	0.379486	0.620514	4.876042
27870	-3807.615	-3952.504	144.889	0.909609	0.698856	0.405166	0.594834	5.959282
27876	-3805.486	-3951.34	145.8547	0.8878718	0.857016	0.379758	0.620242	5.336656
27882	-3802.901	-3948.376	145.4741	0.9087189	0.9887257	0.329248	0.670752	5.457731
27888	-3804.618	-3948.665	144.0471	0.7452046	0.8206761	0.421612	0.578388	6.425324
27894	-3792.655	-3939.578	146.9232	0.9277017	0.888665	0.423116	0.576884	4.701645
27900	-3802.112	-3947.454	145.3419	0.90111	1.143785	0.392771	0.607229	5.453297
27906	-3803.195	-3948.938	145.7425	0.8975816	0.7636904	0.433992	0.566008	5.453297
27912	-3807.192	-3952.038	144.8469	0.8295085	0.8264557	0.297553	0.702447	5.940716
27918	-3801.694	-3947.478	145.7838	0.9182898	0.8385735	0.412714	0.587286	5.370455
27924	-3806.685	-3952.542	145.8569	0.8851516	1.085805	0.385814	0.614186	5.207432
27930	-3805.254	-3948.579	143.3255	0.8258834	0.9895374	0.495516	0.504484	6.673611
27936	-3806.534	-3949.535	143.001	0.8038669	0.8892244	0.435709	0.564291	6.917392
27942	-3801.62	-3944.705	143.0848	0.8182485	0.8026321	0.423694	0.576306	6.917392
27948	-3796.132	-3939.965	143.8328	0.8593378	0.6984449	0.348869	0.651131	6.560848
27954	-3801.791	-3947.551	145.7595	0.8374216	0.5703936	0.304408	0.695592	5.620754
27960	-3800.916	-3946.696	145.7803	0.9730491	0.8242728	0.505069	0.494931	5.351268
27966	-3802.883	-3948.506	145.6232	0.929312	0.9306522	0.414218	0.585782	5.397284
27972	-3795.419	-3942.129	146.7104	1.09483	0.962738	0.344556	0.655444	4.68328
27978	-3815.582	-3963.415	147.8329	1.224956	1.076734	0.440516	0.559484	3.910594
27984	-3804.174	-3951.594	147.4198	1.151278	0.9311116	0.456196	0.543804	4.270699
27990	-3796.718	-3940.994	144.2763	0.8596547	0.9311116	0.331068	0.668932	6.172391
27996	-3802.345	-3949.698	147.353	1.02858	0.7780332	0.403537	0.596463	4.475012
28002	-3803.985	-3950.421	146.4364	0.9368927	0.7780332	0.430774	0.569226	5.03844
28008	-3791.987	-3937.899	145.9126	0.8830421	1.022182	0.346189	0.653811	5.211582
28014	-3799.929	-3944.882	144.9536	0.9961688	0.9912773	0.453033	0.546967	5.694199
28020	-3798.248	-3943.9	145.6516	0.8305816	0.7462166	0.353616	0.646384	5.551997
28026	-3807.223	-3954.915	147.6914	1.063722	0.7644401	0.412062	0.587938	4.273428
28032	-3801.507	-3947.674	146.167	0.9512846	0.7533735	0.360173	0.639827	5.196379
28038	-3809.509	-3955.018	145.5095	1.08257	0.9902969	0.335735	0.664265	5.34158
28044	-3797.587	-3944.286	146.6998	1.001622	0.7741813	0.338485	0.661515	4.858492
28050	-3791.728	-3936.866	145.1385	0.8779982	0.8168204	0.418928	0.581072	5.760863
28056	-3797.642	-3942.416	144.7739	0.8283392	0.9573476	0.384798	0.615202	5.903291
28062	-3796.851	-3941.492	144.6415	0.7625429	0.7113361	0.303031	0.696969	6.165511
28068	-3797.639	-3943.753	146.1135	0.9816215	0.6989805	0.415945	0.584055	5.247302
28074	-3794.058	-3939.728	145.6701	1.016011	0.8722764	0.341176	0.658824	5.358386
28080	-3794.44	-3939.049	144.6096	0.8488049	0.8142105	0.40196	0.59804	6.067363
28086	-3797.034	-3940.964	143.9303	0.7966998	0.8520321	0.339068	0.660932	6.441325
28092	-3800.288	-3944.868	144.5803	0.7909562	0.8853946	0.341782	0.658218	6.071033
28098	-3797.082	-3942.894	145.8114	0.9126335	0.9255178	0.458704	0.541296	5.305656
28104	-3810.702	-3955.407	144.7047	0.7691052	0.8704157	0.262315	0.737685	6.024155
28110	-3801.463	-3948.202	146.7391	0.9188844	0.8832301	0.335704	0.664296	4.812759
28116	-3808.128	-3953.452	145.3247	0.8708249	0.8534944	0.483553	0.516447	5.639804
28122	-3808.604	-3955.297	146.6931	1.015898	0.8235202	0.294166	0.705834	4.821753
28128	-3811.598	-3958.19	146.5928	0.9556041	0.8576973	0.29418	0.70582	4.88963
28134	-3803.07	-3951.625	148.5549	1.059586	0.7422947	0.318577	0.681423	3.798487
28140	-3797.555	-3945.539	147.984	1.026745	0.8433412	0.345992	0.654008	4.075475
28146	-3802.546	-3948.348	145.8023	0.8454173	0.8857283	0.408392	0.591608	5.371439
28152	-3793.883	-3939.169	145.2864	0.8028091	0.7613814	0.447448	0.552552	5.757282
28158	-3795.863	-3939.964	144.1009	0.8230648	0.7309423	0.466679	0.533321	6.412691
28164	-3798.297	-3944.467	146.1694	0.9654376	1.025757	0.43045	0.56955	5.021695
28170	-3795.913	-3943.268	147.3547	1.015877	0.8200756	0.432568	0.567432	4.453238
28176	-3804.843	-3952.551	147.7086	1.161178	0.654934	0.299023	0.700977	4.288442
28182	-3800.792	-3947.082	146.2898	0.9599372	0.7852548	0.393349	0.606651	5.102175
28188	-3808.037	-3954.657	146.6201	0.872224	0.8652087	0.486594	0.513406	4.916151
28194	-3800.335	-3946.646	146.3117	0.9561028	0.6470921	0.378011	0.621989	5.190256
28200	-3807.567	-3955.573	148.0056	1.061428	0.6739312	0.355109	0.644891	4.162028
28206	-3810.084	-3957.244	147.1599	0.9669563	0.7602581	0.469133	0.530867	4.630217
28212	-3798.339	-3944.681	146.3414	0.9060245	0.8418162	0.413623	0.586377	5.066848
28218	-3794.752	-3938.983	144.2307	0.7751292	0.8150429	0.372065	0.627935	6.313028
28224	-3799.17	-3945.341	146.1705	0.9104705	1.028338	0.370242	0.629758	5.050187
28230	-3813.39	-3958.237	144.8465	0.7817614	0.7527395	0.32738	0.67262	6.014963
28236	-3810.072	-3953.989	143.9168	0.8984185	0.9151882	0.374901	0.625099	6.355903
28242	-3801.524	-3946.665	145.1412	0.7287053	0.8238893	0.341845	0.658155	5.836601
28248	-3807.203	-3952.261	145.0579	0.7288173	0.786448	0.403912	0.596088	5.906144
28254	-3811.568	-3954.805	143.2367	0.8532705	0.786448	0.400316	0.599684	6.826949
28260	-3810.718	-3955.622	144.9043	0.8297283	0.7815455	0.397747	0.602253	5.938083
28266	-3813.751	-3956.824	143.0727	0.7603213	0.7815455	0.449504	0.550496	6.968595
28272	-3807.25	-3952.557	145.3061	0.8833964	1.00381	0.326891	0.673109	5.55576
28278	-3821.051	-3966.947	145.8966	0.8728088	0.8204118	0.515213	0.484787	5.344884
28284	-3803.075	-3949.459	146.3832	0.9153271	0.8353545	0.342895	0.657105	5.042592
28290	-3806.392	-3950.687	144.2949	0.8902795	0.924906	0.459444	0.540556	6.149178
28296	-3804.273	-3949.113	144.8401	0.9489652	1.129971	0.257559	0.742441	5.709481
28302	-3808.852	-3953.492	144.6399	0.8911693	0.8648121	0.312816	0.687184	5.996299
28308	-3802.104	-3946.082	143.9777	0.8911693	0.8067321	0.424095	0.575905	6.392611
28314	-3802.9	-3947.424	144.5242	0.8118179	0.8830611	0.375787	0.624213	6.091669
28320	-3806.611	-3951.771	145.1603	0.8136121	0.8211925	0.420742	0.579258	5.781425
28326	-3817.3	-3962.472	145.1721	0.8824545	0.8211925	0.395013	0.604987	5.737251
28332	-3821.01	-3968.806	147.7966	0.9320047	0.7233548	0.367504	0.632496	4.31738
28338	-3814.288	-3959.776	145.4879	0.7683178	0.8872572	0.44529	0.55471	5.585923
28344	-3798.396	-3944.85	146.4539	0.9357127	0.6506677	0.417645	0.582355	5.120108
28350	-3797.086	-3941.9	144.8136	0.8836081	1.001404	0.393577	0.606423	5.826927
28356	-3795.482	-3940.378	144.8964	0.8631207	0.8939261	0.355378	0.644622	5.854078
28362	-3798.741	-3945.015	146.2733	0.8631207	0.881248	0.418045	0.581955	5.103987
28368	-3810.87	-3956.285	145.4146	0.8008316	0.8091996	0.277842	0.722158	5.65676
28374	-3809.497	-3954.891	145.3941	0.973437	0.8142397	0.34473	0.65527	5.570045
28380	-3805.194	-3949.074	143.8803	0.8392597	0.938074	0.327333	0.672667	6.394642
28386	-3798.753	-3944.112	145.3586	0.8392597	0.6996852	0.377904	0.622096	5.740409
28392	-3813.998	-3959.355	145.3568	0.7992384	0.7323627	0.277994	0.722006	5.740409
28398	-3812.48	-3958.676	146.1958	0.8174829	0.724982	0.340265	0.659735	5.27408
28404	-3806.306	-3953.605	147.2983	1.01407	0.7665672	0.361596	0.638404	4.521739
28410	-3808.855	-3954.565	145.7109	1.031957	0.8878074	0.354859	0.645141	5.317698
28416	-3797.545	-3944.212	146.6665	1.031957	0.907752	0.411251	0.588749	4.775263
28422	-3804.759	-3951.407	146.6485	0.9115041	1.043566	0.299404	0.700596	4.775263
28428	-3811.458	-3956.926	145.4681	0.7924566	0.6852396	0.299695	0.700305	5.71646
28434	-3820.851	-3966.666	145.815	0.9124645	0.9363735	0.415539	0.584461	5.29746
28440	-3806.625	-3953.001	146.3765	0.8534807	0.8680039	0.366415	0.633585	5.060241
28446	-3802.432	-3949.051	146.6191	0.9522686	0.8680039	0.390708	0.609292	4.870392
28452	-3795.894	-3943.126	147.2324	1.045568	0.7368995	0.362749	0.637251	4.561679
28458	-3802.716	-3947.985	145.2691	0.9222999	1.17119	0.354317	0.645683	5.468178
28464	-3819.652	-3964.987	145.3354	0.8259756	0.9640406	0.414194	0.585806	5.593275
28470	-3811.058	-3956.646	145.5881	0.8458972	0.8751654	0.466353	0.533647	5.49549
28476	-3815.774	-3960.765	144.9907	0.9687121	0.8751654	0.406273	0.593727	5.755944
28482	-3812.611	-3958.263	145.6521	0.8436495	0.8453811	0.406617	0.593383	5.479864
28488	-3808.306	-3952.948	144.6419	0.8059302	0.9125128	0.33462	0.66538	6.013289
28494	-3804.377	-3949.946	145.5691	0.9252109	0.8887272	0.339633	0.660367	5.454148
28500	-3801.773	-3946.926	145.1525	0.8684488	1.160393	0.293425	0.706575	5.56717
28506	-3808.905	-3956.076	147.1713	0.9457817	0.8029918	0.327457	0.672543	4.606896
28512	-3806.296	-3952.007	145.7104	0.9512816	0.9783355	0.318271	0.681729	5.309827
28518	-3797.589	-3943.51	145.9215	0.9512816	0.7254647	0.323628	0.676372	5.351288
28524	-3804	-3950.511	146.511	0.8173043	0.8291684	0.283331	0.716669	5.030009
28530	-3799.026	-3943.081	144.0554	0.7568314	0.75488	0.350756	0.649244	6.457119
28536	-3805.796	-3950.357	144.5607	0.7795856	1.027934	0.367477	0.632523	6.007501
28542	-3810.855	-3955.715	144.8596	0.8451528	1.090582	0.406925	0.593075	5.775573
28548	-3822.895	-3967.893	144.9985	0.9462662	0.8956162	0.432608	0.567392	5.751716
28554	-3802.837	-3946.851	144.0135	0.8152499	0.8225272	0.303453	0.696547	6.404417
28560	-3798.344	-3945.29	146.9455	1.062532	0.9612053	0.26154	0.73846	4.570441
28566	-3804.399	-3950.264	145.8653	0.9928529	1.069494	0.461864	0.538136	5.151698
28572	-3794.55	-3940.45	145.8994	0.9583692	0.8412705	0.348762	0.651238	5.282899
28578	-3799.503	-3945.857	146.3542	0.9358615	0.9500413	0.388182	0.611818	4.977937
28584	-3797.781	-3943.117	145.3352	0.9342966	0.818888	0.3489	0.6511	5.6209
28590	-3812.758	-3957.72	144.9618	0.8776017	0.9487204	0.32239	0.67761	5.778503
28596	-3806.941	-3954.202	147.2608	1.014004	0.7883194	0.404579	0.595421	4.528137
28602	-3807.643	-3954.737	147.0941	0.9531351	0.9649936	0.336218	0.663782	4.546251
28608	-3811.573	-3958.332	146.7595	0.9681154	0.8835037	0.371657	0.628343	4.773693
28614	-3811.237	-3958.246	147.009	0.991297	0.6366537	0.357046	0.642954	4.791263
28620	-3805.178	-3950.508	145.3294	0.8799902	0.7874787	0.448568	0.551432	5.674132
28626	-3808.491	-3954.491	145.9994	0.8174431	0.7495954	0.442406	0.557594	5.36547
28632	-3801.24	-3948.205	146.9649	0.9444539	0.8103744	0.336986	0.663014	4.718414
28638	-3807.097	-3954.704	147.6074	0.9581749	0.6801647	0.419251	0.580749	4.441085
28644	-3806.608	-3954.097	147.4897	0.9387085	0.7892326	0.347428	0.652572	4.441085
28650	-3811.921	-3955.392	143.4705	0.7645064	0.904335	0.389284	0.610716	6.676414
28656	-3804.987	-3948.823	143.8365	0.8175015	0.8833972	0.389686	0.610314	6.461995
28662	-3798.511	-3944.82	146.3088	0.9219272	0.8157088	0.312868	0.687132	5.092759
28668	-3797.052	-3943.318	146.2654	0.9509466	0.8282043	0.231534	0.768466	5.092759
28674	-3797.165	-3943.335	146.1703	0.9194262	0.8282043	0.340553	0.659447	5.162901
28680	-3802.582	-3947.72	145.1382	0.8402052	0.8779471	0.344294	0.655706	5.743884
28686	-3807.775	-3952.618	144.8426	0.8655677	0.9198199	0.369932	0.630068	5.866927
28692	-3803.685	-3949.581	145.8965	1.058124	0.9624215	0.440202	0.559798	5.156869
28698	-3796.022	-3941.286	145.2633	0.866211	0.6250483	0.313471	0.686529	5.833181
28704	-3798.134	-3943.589	145.4553	0.9430553	1.112229	0.443914	0.556086	5.383599
28710	-3797.454	-3942.169	144.7156	0.8727417	0.9186404	0.360864	0.639136	5.933067
28716	-3793.271	-3938.543	145.2721	0.896078	0.9126621	0.434234	0.565766	5.619171
28722	-3797.075	-3942.019	144.9443	0.9297596	0.9126621	0.39746	0.60254	5.780359
28728	-3802.32	-3947.34	145.0197	0.8409954	0.7047056	0.33361	0.66639	5.921214
28734	-3810.014	-3954.781	144.7674	0.8034274	0.7047056	0.47365	0.52635	6.07937
28740	-3806.755	-3952.127	145.3719	0.9493091	0.8436573	0.334119	0.665881	5.576909
28746	-3809.546	-3955.139	145.5935	1.097254	0.8723393	0.344536	0.655464	5.35579
28752	-3796.057	-3940.41	144.3533	0.825219	0.8382753	0.3584	0.6416	6.204651
28758	-3811.226	-3956.028	144.8019	0.8811607	0.7147072	0.375149	0.624851	6.011124
28764	-3803.032	-3947.748	144.716	0.9307868	0.8330505	0.360488	0.639512	5.95276
28770	-3803.152	-3947.139	143.9872	0.9445557	0.8994271	0.292439	0.707561	6.301826
28776	-3807.355	-3953.216	145.8616	0.9445557	0.9732789	0.368058	0.631942	5.232891
28782	-3805.089	-3949.484	144.3951	0.8280954	0.705736	0.413218	0.586782	6.267744
28788	-3814.967	-3959.24	144.2728	0.9400375	1.104137	0.369274	0.630726	6.037396
28794	-3799.71	-3946.199	146.489	0.9339385	0.7219229	0.34548	0.65452	5.049455
28800	-3807.115	-3952.09	144.9746	0.97608	0.75133	0.392604	0.607396	5.839815
28806	-3804.267	-3949.07	144.803	0.8903236	0.9818597	0.469868	0.530132	5.839815
28812	-3798.885	-3944.717	145.8325	1.007549	0.8131256	0.353181	0.646819	5.31057
28818	-3810.153	-3956.919	146.7666	1.044106	1.216771	0.464146	0.535854	4.546245
28824	-3811.623	-3959.724	148.1008	1.106324	0.8460072	0.357286	0.642714	3.961595
28830	-3799.039	-3944.295	145.2557	0.9161368	1.19037	0.444599	0.555401	5.46964
28836	-3798.6	-3944.024	145.4239	0.8552804	1.072565	0.47186	0.52814	5.46964
28842	-3807.353	-3953.228	145.8748	0.8578966	0.9856919	0.306303	0.693697	5.266511
28848	-3815.289	-3961.521	146.2323	0.8024886	0.7362422	0.36236	0.63764	5.254363
28854	-3809.946	-3954.146	144.1998	0.9185868	0.775024	0.399329	0.600671	6.277669
28860	-3793.115	-3940.051	146.9357	1.035841	0.8451441	0.361168	0.638832	4.661191
28866	-3793.023	-3938.972	145.9493	0.9407952	0.8822108	0.391583	0.608417	5.23973
28872	-3792.245	-3938.518	146.2731	0.962393	0.8375438	0.302334	0.697666	5.076209
28878	-3805.336	-3951.016	145.6797	0.9014183	0.9379936	0.358829	0.641171	5.377247
28884	-3807.527	-3954.171	146.6443	0.9838411	0.9379936	0.431682	0.568318	4.796631
28890	-3794.948	-3941.655	146.7069	0.9954827	0.9803804	0.392519	0.607481	4.730696
28896	-3795.859	-3940.55	144.6909	0.8563304	0.8201068	0.408664	0.591336	6.015236
28902	-3798.366	-3943.883	145.5167	0.9057885	0.8211962	0.496564	0.503436	5.535407
28908	-3788.838	-3934.549	145.7118	0.9644368	0.887624	0.385831	0.614169	5.35457
28914	-3785.522	-3931.6	146.0782	0.9485426	1.04607	0.474566	0.525434	5.07071
28920	-3788.657	-3933.529	144.8727	0.8013881	0.9430068	0.433609	0.566391	5.872185
28926	-3798.61	-3943.631	145.0204	0.8366979	0.6811163	0.38608	0.61392	5.940098
28932	-3818.753	-3965.576	146.8228	0.9216213	0.7623838	0.276573	0.723427	4.842566
28938	-3802.262	-3948.135	145.8722	0.8934969	0.7556931	0.479303	0.520697	5.389503
28944	-3823.315	-3968.793	145.4777	1.063924	0.624738	0.464873	0.535127	5.607586
28950	-3806.981	-3950.961	143.9792	0.8068572	1.024749	0.281517	0.718483	6.310823
28956	-3801.129	-3945.433	144.3046	0.7633693	0.7662438	0.454137	0.545863	6.310823
28962	-3790.274	-3934.273	143.9995	0.8364224	0.835298	0.339304	0.660696	6.392525
28968	-3791.889	-3936.347	144.4583	0.8444504	0.7901618	0.291562	0.708438	6.167565
28974	-3793.467	-3937.818	144.3513	0.7952822	0.7803935	0.290091	0.709909	6.258793
28980	-3790.329	-3934.348	144.0194	0.8134645	0.7803935	0.370601	0.629399	6.429091
28986	-3797.856	-3942.994	145.1375	0.8682945	0.7984784	0.407746	0.592254	5.778514
28992	-3806.551	-3952.167	145.6167	0.9262356	1.185051	0.318379	0.681621	5.267627
28998	-3800.999	-3945.816	144.8166	0.8315653	0.8070163	0.356972	0.643028	5.968494
29004	-3811.603	-3957.611	146.0076	1.081649	1.131647	0.431021	0.568979	4.991416
29010	-3811.994	-3957.221	145.2274	0.8349427	1.131647	0.384407	0.615593	5.558697
29016	-3794.497	-3941.034	146.5376	0.9378482	0.98498	0.466273	0.533727	4.854775
29022	-3790.342	-3935.93	145.5872	0.8883789	0.881522	0.363473	0.636527	5.468782
29028	-3797.752	-3942.575	144.8235	0.8947073	0.9290538	0.402926	0.597074	5.856092
29034	-3797.779	-3944.499	146.7198	0.9989057	0.6263822	0.431019	0.568981	4.956185
29040	-3791.419	-3937.032	145.6126	0.8491335	0.8496359	0.2861	0.7139	5.495926
29046	-3804.848	-3949.309	144.4611	0.8808565	0.9843311	0.346987	0.653013	6.030259
29052	-3803.407	-3947.62	144.2132	0.7240827	0.7263551	0.386543	0.613457	6.408645
29058	-3809.828	-3954.797	144.9688	0.8050198	0.8369356	0.445305	0.554695	5.880961
29064	-3810.345	-3956.359	146.0141	1.124608	0.9463843	0.359364	0.640636	5.06407
29070	-3806.012	-3952.72	146.7075	0.9591166	0.9463843	0.321588	0.678412	4.770241
29076	-3795.759	-3942.263	146.5039	1.149011	0.832044	0.349596	0.650404	4.847601
29082	-3797.773	-3941.98	144.2074	0.8242108	0.9718869	0.407297	0.592703	6.206142
29088	-3804.827	-3949.505	144.6776	0.9561783	0.7835875	0.403875	0.596125	5.991499
29094	-3803.071	-3948.794	145.7227	0.8158714	0.8138357	0.347708	0.652292	5.476238
29100	-3796.02	-3942.341	146.321	1.105722	0.9666164	0.367341	0.632659	4.892351
29106	-3814.307	-3960.039	145.7322	0.9383257	0.8203863	0.389337	0.610663	5.399403
29112	-3814.171	-3960.037	145.8659	0.8363137	0.7933792	0.360595	0.639405	5.399403
29118	-3818.508	-3963.724	145.2164	0.8020186	1.119507	0.411482	0.588518	5.588898
29124	-3808.489	-3954.862	146.3723	0.8858048	0.9141055	0.371855	0.628145	5.016704
29130	-3792.938	-3936.989	144.0513	0.9222036	0.9141055	0.352391	0.647609	6.270555
29136	-3797.216	-3941.84	144.6244	0.8915995	0.9455158	0.324767	0.675233	5.957084
29142	-3792.822	-3938.026	145.204	0.8324711	0.9455158	0.419976	0.580024	5.672361
29148	-3781.354	-3926.658	145.3037	0.9306235	0.8462617	0.35614	0.64386	5.622978
29154	-3788.91	-3933.464	144.5546	0.848022	0.8462617	0.339865	0.660135	6.077698
29160	-3789.695	-3934.133	144.4377	0.9529967	0.8568209	0.405095	0.594905	6.077698
29166	-3791.588	-3937.913	146.3257	0.9828294	0.7277031	0.307778	0.692222	5.10879
29172	-3796.071	-3942.911	146.8398	0.9907995	0.8151929	0.274898	0.725102	4.759257
29178	-3810.915	-3957.054	146.139	0.9512045	0.9842165	0.446707	0.553293	5.069406
29184	-3805.725	-3951.152	145.4272	1.002769	0.9804314	0.378383	0.621617	5.436384
29190	-3814.984	-3960.856	145.8727	0.8799202	0.5468762	0.453853	0.546147	5.555016
29196	-3798.718	-3943.676	144.9586	0.9100959	0.7742951	0.408926	0.591074	5.869283
29202	-3804.335	-3949.279	144.9441	0.7839674	0.9890092	0.320329	0.679671	5.816826
29208	-3796.238	-3941.152	144.9139	0.8555254	0.799964	0.392461	0.607539	5.906794
29214	-3795.709	-3940.857	145.1476	0.857004	0.9024021	0.297543	0.702457	5.714889
29220	-3800.455	-3944.902	144.4464	0.7831875	0.8110374	0.419681	0.580319	6.193947
29226	-3807.221	-3952.982	145.7608	1.020303	0.8801524	0.443777	0.556223	5.301181
29232	-3809.391	-3956.452	147.0607	1.015618	0.7356501	0.50165	0.49835	4.675614
29238	-3804.247	-3950.894	146.6471	0.8325088	0.8798938	0.43961	0.56039	4.914192
29244	-3801.991	-3949.355	147.3641	0.9643595	0.8798938	0.394235	0.605765	4.438888
29250	-3819.838	-3967.035	147.1968	0.9793756	0.8457241	0.26487	0.73513	4.54602
29256	-3804.17	-3949.389	145.2189	0.8733672	0.757967	0.36164	0.63836	5.757892
29262	-3804.145	-3949.012	144.8674	0.8922553	1.083873	0.382069	0.617931	5.748996
29268	-3806.626	-3952.235	145.609	0.8318139	0.6716633	0.414495	0.585505	5.627505
29274	-3803.971	-3949.412	145.4414	0.7568829	0.8480244	0.442518	0.557482	5.641658
29280	-3799.921	-3943.439	143.5182	0.769664	1.01676	0.369308	0.630692	6.58511
29286	-3808.517	-3951.514	142.9975	0.6817495	0.8056655	0.318394	0.681606	7.036006
29292	-3797.887	-3942.914	145.0271	0.8656854	0.6921749	0.312126	0.687874	5.912637
29298	-3800.194	-3947.01	146.8166	0.9800584	0.7727966	0.369456	0.630544	4.806311
29304	-3803.563	-3948.569	145.0059	0.7556825	0.9090071	0.332483	0.667517	5.844052
29310	-3792.947	-3938.068	145.1217	0.8611565	0.9090071	0.325489	0.674511	5.722929
29316	-3801.129	-3946.314	145.1855	0.7905976	0.9818497	0.417092	0.582908	5.684993
29322	-3814.965	-3960.02	145.0552	0.8548635	0.8206607	0.279096	0.720904	5.816716
29328	-3813.021	-3957.936	144.9154	0.9265797	0.8809753	0.407651	0.592349	5.816716
29334	-3803.658	-3950.341	146.6825	0.9613979	0.5755981	0.308336	0.691664	5.038684
29340	-3801.53	-3946.784	145.2539	0.8275583	0.7210933	0.341903	0.658097	5.789056
29346	-3807.549	-3953.315	145.7651	0.8275583	0.6316901	0.416196	0.583804	5.574194
29352	-3816.129	-3960.754	144.6247	0.7855703	1.033672	0.478425	0.521575	5.966283
29358	-3803.994	-3949.366	145.3725	0.8867983	0.9441324	0.327295	0.672705	5.550864
29364	-3801.51	-3949.675	148.1648	1.081143	0.9410761	0.42167	0.57833	3.880064
29370	-3804.349	-3951.934	147.5849	1.004048	0.5446389	0.302063	0.697937	4.537447
29376	-3811.255	-3958.193	146.938	1.004048	0.8177429	0.327891	0.672109	4.69531
29382	-3812.048	-3958.683	146.6355	1.004048	0.8395837	0.292085	0.707915	4.850217
29388	-3801.046	-3947.402	146.3563	1.003918	0.9738422	0.442978	0.557022	4.925262
29394	-3794.752	-3939.477	144.7246	0.9167756	0.8524791	0.407973	0.592027	5.943657
29400	-3797.02	-3942.663	145.6429	0.9929071	0.933187	0.309708	0.690292	5.349879
29406	-3805.729	-3951.341	145.6124	0.9506997	0.9330699	0.31255	0.68745	5.390027
29412	-3805.083	-3949.259	144.176	0.7570222	0.9204469	0.407678	0.592322	6.288878
29418	-3801.38	-3948.061	146.6809	0.9121125	0.847429	0.341308	0.658692	4.871229
29424	-3798.598	-3944.472	145.8743	0.9365464	0.9057929	0.351841	0.648159	5.269349
29430	-3800.885	-3946.299	145.4137	0.8946605	1.077856	0.439485	0.560515	5.450837
29436	-3801.397	-3947.898	146.5007	1.071659	0.9218317	0.320365	0.679635	4.837228
29442	-3803.735	-3947.343	143.6082	0.8231505	0.8077119	0.290438	0.709562	6.628947
29448	-3801.211	-3947.445	146.234	1.006466	0.8700694	0.364485	0.635515	5.053144
29454	-3804.697	-3950.503	145.8064	0.989163	0.7629502	0.415605	0.584395	5.368122
29460	-3805.382	-3951.214	145.832	0.9494042	0.7836541	0.372707	0.627293	5.362152
29466	-3802.72	-3949.49	146.7699	0.9475042	0.8566011	0.410538	0.589462	4.796054
29472	-3808.226	-3954.068	145.8414	0.9119763	0.9603577	0.342363	0.657637	5.269363
29478	-3802.443	-3947.711	145.2684	0.845911	0.8746291	0.409676	0.590324	5.671388
29484	-3801.973	-3946.581	144.6084	0.8270301	1.086353	0.39852	0.60148	5.925031
29490	-3797.722	-3942.137	144.4156	0.8469548	0.9262263	0.347749	0.652251	6.1063
29496	-3800.401	-3944.749	144.3484	0.9533436	0.8898306	0.325371	0.674629	6.1063
29502	-3814.005	-3960.387	146.3819	0.9067496	0.6530434	0.391265	0.608735	5.174209
29508	-3818.298	-3964.314	146.0157	0.9159235	0.9544126	0.363527	0.636473	5.174209
29514	-3799.028	-3943.385	144.3569	0.7508423	0.7223125	0.351413	0.648587	6.318896
29520	-3796.093	-3941.462	145.369	0.7929436	0.8539538	0.32708	0.67292	5.657935
29526	-3802.369	-3948.36	145.9913	0.8762752	0.8439948	0.24616	0.75384	5.27576
29532	-3791.126	-3937.357	146.2308	0.912785	0.6310016	0.388721	0.611279	5.271298
29538	-3787.971	-3933.532	145.5615	0.8642027	1.133776	0.439116	0.560884	5.357598
29544	-3796.06	-3941.837	145.7768	0.8539691	0.8859782	0.355274	0.644726	5.380627
29550	-3806.105	-3951.803	145.6979	0.9244686	0.8936874	0.377055	0.622945	5.380627
29556	-3804.074	-3951.81	147.7369	1.050782	0.7181417	0.344049	0.655951	4.287708
29562	-3802.855	-3949.71	146.8558	0.9369004	0.8087598	0.322075	0.677925	4.784624
29568	-3818.121	-3965.992	147.8708	1.015787	0.8776385	0.304504	0.695496	4.12432
29574	-3813.035	-3960.579	147.544	1.001213	0.7671041	0.419045	0.580955	4.390242
29580	-3806.856	-3951.938	145.0817	0.8782271	0.7746617	0.238135	0.761865	5.819211
29586	-3812.905	-3958.429	145.5242	0.8230878	0.8305367	0.2913	0.7087	5.570808
29592	-3807.662	-3951.223	143.5609	0.7180501	0.9433296	0.300728	0.699272	6.630302
29598	-3795.662	-3940.397	144.7349	0.8273742	0.7951926	0.373455	0.626545	6.022911
29604	-3799.847	-3946.217	146.3701	0.9470275	0.9894396	0.383252	0.616748	4.940466
29610	-3810.128	-3956.82	146.692	0.9679156	0.6903188	0.377894	0.622106	4.940466
29616	-3800.331	-3946.433	146.1015	0.8873553	0.8193576	0.439552	0.560448	5.224337
29622	-3799.67	-3946.877	147.2068	0.9558332	0.7726822	0.38301	0.61699	4.601636
29628	-3808.594	-3955.108	146.514	0.9513051	0.8617355	0.363402	0.636598	4.933338
29634	-3804.975	-3951.851	146.8761	0.9810053	0.8617355	0.403858	0.596142	4.71479
29640	-3808.247	-3954.791	146.5445	1.153363	1.167148	0.434887	0.565113	4.633973
29646	-3801.259	-3947.194	145.9352	0.9628734	0.8938271	0.41068	0.58932	5.228315
29652	-3807.738	-3953.771	146.0329	0.9206931	0.6068222	0.322315	0.677685	5.395087
29658	-3802.364	-3948.681	146.3171	0.9825353	0.9004318	0.351951	0.648049	5.001828
29664	-3804.083	-3950.44	146.357	0.9748293	0.8082122	0.332427	0.667573	5.041529
29670	-3803.602	-3949.333	145.731	1.014135	0.6593006	0.362494	0.637506	5.469435
29676	-3803.67	-3949.439	145.7691	0.8967097	0.8307558	0.366208	0.633792	5.395403
29682	-3803.59	-3948.754	145.1639	0.87589	0.7577687	0.390817	0.609183	5.786746
29688	-3807.608	-3953.348	145.74	0.9968942	0.6655846	0.406223	0.593777	5.469283
29694	-3798.621	-3943.837	145.216	0.8854569	0.7906836	0.370658	0.629342	5.731209
29700	-3806.889	-3952.736	145.8467	0.9543638	0.8464665	0.326141	0.673859	5.310952
29706	-3810.005	-3956.26	146.255	0.9810941	0.8297276	0.339465	0.660535	5.080842
29712	-3803.502	-3949.653	146.1509	0.8380417	0.8505232	0.339339	0.660661	5.204616
29718	-3790.669	-3935.961	145.2918	0.9816073	0.8311742	0.417082	0.582918	5.610935
29724	-3809.597	-3955.385	145.7878	0.9627159	1.06615	0.315587	0.684413	5.21299
29730	-3809.177	-3955.545	146.3684	0.9731848	0.6436498	0.354252	0.645748	5.152023
29736	-3805.666	-3951.939	146.2729	0.945312	0.7374518	0.329161	0.670839	5.152023
29742	-3794.951	-3940.778	145.8269	0.945312	0.9070618	0.410052	0.589948	5.289953
29748	-3812.056	-3959.069	147.012	1.034416	0.9759062	0.350891	0.649109	4.54042
29754	-3796.262	-3943.244	146.9825	1.034416	0.8571215	0.262217	0.737783	4.628197
29760	-3824.304	-3969.506	145.2015	0.9370899	0.9398338	0.443104	0.556896	5.619587
29766	-3812.742	-3957.897	145.155	0.8308645	0.8971585	0.324291	0.675709	5.728296
29772	-3807.963	-3953.781	145.8184	0.9220816	0.8444955	0.395973	0.604027	5.345599
29778	-3818.615	-3964.05	145.435	0.8017486	0.8933961	0.400296	0.599704	5.592932
29784	-3813.837	-3958.359	144.5219	0.8507332	0.6549256	0.329048	0.670952	6.223237
29790	-3828.465	-3974.603	146.1379	0.9654517	0.8459031	0.22731	0.77269	5.144147
29796	-3816.406	-3960.346	143.94	0.9325143	0.7658403	0.260051	0.739949	6.417172
29802	-3804.26	-3949.464	145.2044	0.9035082	0.9247009	0.40001	0.59999	5.645203
29808	-3799.332	-3945.254	145.9224	0.9591364	0.6783189	0.311434	0.688566	5.380247
29814	-3810.169	-3955.793	145.6235	0.8201364	0.6783189	0.440639	0.559361	5.621057
29820	-3802.517	-3948.352	145.8344	0.9089799	0.6414932	0.301793	0.698207	5.483833
29826	-3799.72	-3946.197	146.4765	0.9504762	0.7345085	0.286385	0.713615	5.038369
29832	-3797.243	-3944.474	147.2308	1.013994	0.6899562	0.357531	0.642469	4.614092
29838	-3793.884	-3941.49	147.6062	1.100522	0.7944303	0.402185	0.597815	4.280419
29844	-3810.514	-3957.836	147.3219	0.9761272	0.8019497	0.427181	0.572819	4.505988
29850	-3814.609	-3961.441	146.8322	0.9794183	0.7863096	0.303316	0.696684	4.788921
29856	-3815.026	-3962.927	147.9012	1.016978	0.748548	0.460397	0.539603	4.192051
29862	-3815.626	-3961.524	145.8984	0.8963353	0.8097783	0.353637	0.646363	5.337731
29868	-3806.89	-3952.665	145.7754	0.8695107	0.7612352	0.358716	0.641284	5.452323
29874	-3804.842	-3949.257	144.4147	0.8354382	0.7808084	0.451485	0.548515	6.202258
29880	-3805.567	-3949.525	143.9579	0.8088086	0.7943064	0.346052	0.653948	6.455933
29886	-3807.235	-3951.396	144.1609	0.7665199	0.7943064	0.290925	0.709075	6.36881
29892	-3813.603	-3959.291	145.688	0.8975122	0.865689	0.37169	0.62831	5.417895
29898	-3806.803	-3952.046	145.2425	0.8048165	1.002319	0.383772	0.616228	5.634645
29904	-3810.81	-3956.499	145.6896	0.8338664	0.9323544	0.364433	0.635567	5.412303
29910	-3795.644	-3941.082	145.4373	0.9300956	0.9134915	0.406871	0.593129	5.509226
29916	-3804.655	-3949.184	144.5292	0.8484504	0.9760288	0.372677	0.627323	6.01543
29922	-3826.016	-3971.633	145.6174	0.8905713	1.03363	0.227241	0.772759	5.364258
29928	-3816.735	-3962.591	145.8553	0.849245	0.9538579	0.395508	0.604492	5.300021
29934	-3803.913	-3947.567	143.6541	0.7399071	0.7700331	0.458307	0.541693	6.673423
29940	-3805.601	-3949.894	144.2933	0.7531088	0.8542834	0.425613	0.574387	6.266574
29946	-3806.656	-3951.876	145.2206	0.8209423	0.8130051	0.367897	0.632103	5.749604
29952	-3803.736	-3950.26	146.5242	0.8797204	0.8511532	0.475635	0.524365	4.974073
29958	-3812.664	-3958.038	145.3746	0.9039512	0.8085408	0.294456	0.705544	5.622534
29964	-3806.954	-3952.616	145.6619	0.7417684	0.8493693	0.28255	0.71745	5.528004
29970	-3806.576	-3951.352	144.7758	0.7959292	0.7668011	0.41249	0.58751	6.036357
29976	-3813.041	-3958.511	145.47	0.8878976	0.8161846	0.413153	0.586847	5.574052
29982	-3799.743	-3945.166	145.4233	0.8053425	0.9685455	0.352185	0.647815	5.553805
29988	-3804.179	-3949.81	145.6306	0.8015804	0.7845373	0.307663	0.692337	5.553805
29994	-3800.924	-3945.848	144.9243	0.8015804	0.8819024	0.409261	0.590739	5.879627
30000	-3802.608	-3948.205	145.5972	0.9281689	0.6400693	0.363961	0.636039	5.604751
